word,definition,theme,score_distinct,score_total,flags,target_code,link
부지런한 범재가 부지런하지 못한 천재보다 낫다,"부지런한 보통 사람이 부지런하지 못한 천재보다 낫다는 뜻으로, 꾸준히 노력하여 공부하면 인재가 될 수 있다는 말.",growth,4,7,,611446,https://opendict.korean.go.kr/dictionary/view?sense_no=611446
구르는 돌은 이끼가 안 낀다,부지런하고 꾸준히 노력하는 사람은 침체되지 않고 계속 발전한다는 말.,growth,4,4,,607766,https://opendict.korean.go.kr/dictionary/view?sense_no=607766
배부른 고양이는 쥐를 잡지 않는다,가난한 사람은 부지런하지만 돈 있는 사람은 게으르다는 것을 비유적으로 이르는 말. &lt;동의 속담&gt; ‘배부른 매는 사냥을 않는다’,growth,4,4,violent:gray,610846,https://opendict.korean.go.kr/dictionary/view?sense_no=610846
배부른 매는 사냥을 않는다,가난한 사람은 부지런하지만 돈 있는 사람은 게으르다는 것을 비유적으로 이르는 말. &lt;동의 속담&gt; ‘배부른 고양이는 쥐를 잡지 않는다’,growth,4,4,violent:gray,610849,https://opendict.korean.go.kr/dictionary/view?sense_no=610849
작은 부자는 노력이 만들고 큰 부자는 하늘이 만든다,"돈을 벌어 작은 부자가 되는 것은 인간의 노력으로 가능하지만 큰 부자는 인간의 노력만으로는 가능하지 아니하다는 뜻으로, 인간의 노력에는 한계가 있음을 이르는 말.",growth,3,9,sexual:gray,614287,https://opendict.korean.go.kr/dictionary/view?sense_no=614287
걸음새 뜬 소가 천 리를 간다,"소는 비록 걸음이 뜨기는 하지만 한결같이 꾸준히 걸어가 마침내는 천 리를 간다는 뜻으로, 꾸준히 인내하면 큰 성과를 낼 수 있음을 비유적으로 이르는 말.",growth,3,5,sexual:gray,600918,https://opendict.korean.go.kr/dictionary/view?sense_no=600918
삼대 거지 없고 삼대 부자 없다,"삼대에 걸쳐서 계속 거지 노릇만 하는 집안도 없고 계속 부자인 집안도 없다는 뜻으로, 많은 재산이 오랫동안 유지될 수 없으며 가난한 형편 또한 오래가지 않는다는 것을 비유적으로 이르는 말. &lt;동의 속담&gt; ‘삼대 정승이 없고 삼대 거지가 없다’",growth,3,4,,604006,https://opendict.korean.go.kr/dictionary/view?sense_no=604006
십 년 적공이면 한 가지 성공을 한다,무슨 일이든지 오랫동안 꾸준히 노력하면 마침내는 성공하게 됨을 이르는 말.,growth,3,4,,604606,https://opendict.korean.go.kr/dictionary/view?sense_no=604606
천 리 길도 첫 걸음으로 시작된다,‘천 리 길도 한 걸음부터’의 북한 속담.,growth,3,4,sexual:gray,615261,https://opendict.korean.go.kr/dictionary/view?sense_no=615261
삼대 정승이 없고 삼대 거지가 없다,"삼대에 걸쳐서 계속 정승을 배출하는 집안도 없고 계속 거지인 집안도 없다는 뜻으로, 많은 재산이 오랫동안 유지될 수 없으며 가난한 형편 또한 오래가지 않는다는 것을 비유적으로 이르는 말. &lt;동의 속담&gt; ‘삼대 거지 없고 삼대 부자 없다’",growth,3,3,,604008,https://opendict.korean.go.kr/dictionary/view?sense_no=604008
소같이 벌어서[일하고] 쥐같이 먹어라,"소같이 꾸준하고 힘써 일하여 많이 벌어서는 쥐같이 조금씩 먹으라는 뜻으로, 일은 열심히 하여서 돈은 많이 벌고 생활은 아껴서 검소하게 하라는 말.",growth,3,3,violent:gray,612627,https://opendict.korean.go.kr/dictionary/view?sense_no=612627
천 리 길도 한 걸음부터,무슨 일이나 그 일의 시작이 중요하다는 말.,growth,3,3,sexual:gray,615262,https://opendict.korean.go.kr/dictionary/view?sense_no=615262
첫새벽에 문을 열면 오복이 들어온다,"아침 일찍 일어나 문을 열면 온갖 복이 들어온다는 뜻으로, 게으름을 피우지 말고 일찍 일어나 부지런히 일하라는 말.",growth,3,3,violent:gray,615316,https://opendict.korean.go.kr/dictionary/view?sense_no=615316
돈이 없으면 적막강산이요 돈이 있으면 금수강산이라,경제적으로 넉넉하여야 삶을 즐길 수 있음을 이르는 말. &lt;동의 속담&gt; ‘돈 있으면 활량 돈 못 쓰면 건달’,growth,2,5,sexual:gray|violent:gray,609150,https://opendict.korean.go.kr/dictionary/view?sense_no=609150
돈 있으면 활량 돈 못 쓰면 건달,경제적으로 넉넉하여야 삶을 즐길 수 있음을 이르는 말. &lt;동의 속담&gt; ‘돈이 없으면 적막강산이요 돈이 있으면 금수강산이라’,growth,2,5,sexual:gray|violent:gray,609131,https://opendict.korean.go.kr/dictionary/view?sense_no=609131
가난한 사람 걱정은 결국 돈 한 가지 없다는 걱정이다,가난한 사람에게서 걱정이란 결국 돈이 없는 데서 생기는 걱정뿐이라는 말.,growth,2,4,,600458,https://opendict.korean.go.kr/dictionary/view?sense_no=600458
부자네 곡식은 정한 게 없다,남의 곡식을 마음대로 빼앗는 부자의 곡식이 얼마나 되는지 한도를 정할 수 없는 것처럼 부자의 재산은 어느 것이나 다 착취와 사기 협잡으로 긁어모은 것임을 비유적으로 이르는 말.,growth,2,4,sexual:gray,611006,https://opendict.korean.go.kr/dictionary/view?sense_no=611006
부지런한 부자는 하늘도 못 막는다,부지런하면 반드시 부자가 됨을 비유적으로 이르는 말.,growth,2,4,,611447,https://opendict.korean.go.kr/dictionary/view?sense_no=611447
아버지 주머니의 돈도 제[내] 주머니의 돈만 못하다,"아무리 가까운 부자간에도 자식이 아버지 돈을 함부로 쓸 수 없다는 뜻으로, 가까운 사이에도 계산은 정확해야 함을 비유적으로 이르는 말. &lt;동의 속담&gt; ‘아버지 종도 내 종만 못하다’",growth,2,4,,613078,https://opendict.korean.go.kr/dictionary/view?sense_no=613078
가난한 사람의 한 등불이 백만장자의 일만 등불보다 낫다,가난한 사람이 남을 위하여 어떤 좋은 일을 하거나 내놓는 것이 비록 보잘것없고 적다 하여도 부자들이 많이 내는 것보다 귀중하다는 말.,growth,2,3,,600460,https://opendict.korean.go.kr/dictionary/view?sense_no=600460
게으른 선비 설날에 다락에 올라가서 글 읽는다,게으른 자가 분주한 지경에 이르러 부지런한 체한다는 말.,growth,2,3,,607239,https://opendict.korean.go.kr/dictionary/view?sense_no=607239
꿈에 본[얻은] 돈이다,아무리 좋아도 제 손에 넣을 수 없음을 비유적으로 이르는 말. &lt;동의 속담&gt; ‘꿈에 본 천량 같다’,growth,2,3,sexual:gray,608300,https://opendict.korean.go.kr/dictionary/view?sense_no=608300
꿈에 본 천량 같다,아무리 좋아도 제 손에 넣을 수 없음을 비유적으로 이르는 말. &lt;동의 속담&gt; ‘꿈에 본[얻은] 돈이다’,growth,2,3,sexual:gray,608299,https://opendict.korean.go.kr/dictionary/view?sense_no=608299
돈 모아 줄 생각 말고 자식 글 가르쳐라,자식을 위하는 가장 좋은 유산은 교육을 잘 시키는 일임을 강조하는 말. &lt;동의 속담&gt; ‘황금 천 냥이 자식 교육만 못하다’,growth,2,3,,609128,https://opendict.korean.go.kr/dictionary/view?sense_no=609128
돈주머니가 크다고 인심도 후하랴,돈이 많은 부자일수록 더 인색하고 인정이 없음을 비유적으로 이르는 말.,growth,2,3,sexual:gray,609102,https://opendict.korean.go.kr/dictionary/view?sense_no=609102
봄사돈은 꿈에도 보기 무섭다,대접하기 어려운 사돈을 춘궁기에 맞게 되는 것을 꺼려함을 비유적으로 이르는 말.,growth,2,3,,603640,https://opendict.korean.go.kr/dictionary/view?sense_no=603640
부자간에도 돈을 헤여 주고받는다,돈거래를 할 때에는 정확히 해야 함을 비유적으로 이르는 말.,growth,2,3,,603610,https://opendict.korean.go.kr/dictionary/view?sense_no=603610
부자일수록 근심은 더 많다,부자는 아무 근심도 없는 것 같지만 그 생활 속을 들여다보면 오히려 가난한 사람보다도 더 근심거리가 많다는 말.,growth,2,3,violent:gray,611011,https://opendict.korean.go.kr/dictionary/view?sense_no=611011
부자 하나면 세 동네가 망한다,"세 동네가 망하여야 그 돈이 모여 부자 하나가 난다는 뜻으로, 무슨 큰일을 하나 이루려면 많은 희생이 있게 됨을 비유적으로 이르는 말.",growth,2,3,,611002,https://opendict.korean.go.kr/dictionary/view?sense_no=611002
사돈이 소 어울러 탄 것 같다,"서로 자리를 양보하여야 할 두 사돈이 좁은 소 등에 함께 올라탄 것 같다는 뜻으로, 몸가짐을 바로 하기가 아주 부자연스럽고 어색함을 이르는 말.",growth,2,3,sexual:gray,603982,https://opendict.korean.go.kr/dictionary/view?sense_no=603982
사돈집과 짐바리는 골라야 좋다,"짐바리는 실어서 한쪽으로 기울지 아니하도록 고르게 쌓아야 하듯이, 사돈집도 여러 모로 따져서 한쪽이 기울지 아니하는 비등한 집을 골라야 자식들의 행복을 위하여서나 발전을 위하여 좋은 것임을 비유적으로 이르는 말.",growth,2,3,,604015,https://opendict.korean.go.kr/dictionary/view?sense_no=604015
새벽달 보려고 으스름달 안 보랴,"새벽달을 보겠다고 해 질 녘에 뜨는 초저녁달을 안 보겠느냐는 뜻으로, 아직 당하지도 아니한 미래의 일만 기대하다가 눈앞의 일을 소홀히 하지 말고 지금 당장 닥친 일부터 힘써야 한다는 말.",growth,2,3,,604061,https://opendict.korean.go.kr/dictionary/view?sense_no=604061
아버지 종도 내 종만 못하다,"아무리 가까운 부자간에도 자식이 아버지 종을 함부로 쓸 수 없다는 뜻으로, 가까운 사이에도 계산은 정확해야 함을 비유적으로 이르는 말. &lt;동의 속담&gt; ‘아버지 주머니의 돈도 제[내] 주머니의 돈만 못하다’",growth,2,3,,613077,https://opendict.korean.go.kr/dictionary/view?sense_no=613077
하늘은 스스로 돕는 자를 돕는다,"하늘은 스스로 노력하는 사람을 성공하게 만든다는 뜻으로, 어떤 일을 이루기 위해서는 자신의 노력이 중요함을 이르는 말.",growth,2,3,,616202,https://opendict.korean.go.kr/dictionary/view?sense_no=616202
한 부자에 열 가난,‘부자 하나면 세 동네가 망한다’의 북한 속담.,growth,2,3,,615798,https://opendict.korean.go.kr/dictionary/view?sense_no=615798
혼인에 가난이 든다,"혼인 잔치에 너무 많은 재물을 써서 가난하게 된다는 뜻으로, 잔치를 크게 벌여 낭비하지 말라는 말.",growth,2,3,,616343,https://opendict.korean.go.kr/dictionary/view?sense_no=616343
황금 천 냥이 자식 교육만 못하다,자식을 위하는 가장 좋은 유산은 교육을 잘 시키는 일임을 강조하는 말. &lt;동의 속담&gt; ‘돈 모아 줄 생각 말고 자식 글 가르쳐라’,growth,2,3,,606961,https://opendict.korean.go.kr/dictionary/view?sense_no=606961
개미는 작아도 탑을 쌓는다,아무리 보잘것없고 힘이 없는 사람이라도 꾸준히 노력하고 정성을 들이면 훌륭한 일을 이룰 수 있다는 말.,growth,2,2,,607381,https://opendict.korean.go.kr/dictionary/view?sense_no=607381
경상도서 죽 쑤는 놈 전라도 가도 죽 쑨다,게으르고 가난한 사람은 어디를 가도 그 곤란에서 벗어나기 어렵다는 말.,growth,2,2,violent:gray,600983,https://opendict.korean.go.kr/dictionary/view?sense_no=600983
공부는 늙어 죽을 때까지 해도 다 못 한다,지식을 넓히고 수준을 높이기 위해서는 일생 동안 끊임없이 배우고 학습해야 함을 강조하여 이르는 말.,growth,2,2,violent:gray,601147,https://opendict.korean.go.kr/dictionary/view?sense_no=601147
꿈에 나타난 돈도 찾아 먹는다,매우 깐깐하고 인색하여 제 몫은 어떻게 해서든지 찾아가고야 마는 경우를 비유적으로 이르는 말.,growth,2,2,sexual:gray|violent:gray,608292,https://opendict.korean.go.kr/dictionary/view?sense_no=608292
"남산 봉화 들 제 인경 치고, 사대문 열 제 순라군이 제격이라","비상사태를 알리는 봉화가 남산에 오를 때 인경을 치는 것이나 새벽 통행금지 시간이 끝나면서 사대문을 열 때 통행자를 단속하는 순라군이 나타나는 것은 다 격에 맞는 일이란 뜻으로, 두 가지가 서로 잘 어울림을 비유적으로 이르는 말.",growth,2,2,,601734,https://opendict.korean.go.kr/dictionary/view?sense_no=601734
농군이 여름에 하루 놀면 겨울에 열흘 굶는다,"농사짓는 사람이 열심히 일해야 할 여름에 게으름을 피우면 추운 겨울에 곤란을 겪게 된다는 뜻으로, 여름 시간의 귀중함을 비유적으로 이르는 말.",growth,2,2,violent:gray,601948,https://opendict.korean.go.kr/dictionary/view?sense_no=601948
누울 자리 봐 가며 발을 뻗어라,시간과 장소를 가려 행동하라는 말. &lt;동의 속담&gt; ‘발(을) 뻗을 자리를 보고 누우랬다’ ‘이부자리 보고 발을 펴라’,growth,2,2,,608885,https://opendict.korean.go.kr/dictionary/view?sense_no=608885
대중은 말없는 스승이다,평범한 사람으로부터 창조적 지혜와 풍부한 지식과 경험을 배우게 된다는 말.,growth,2,2,violent:gray,602187,https://opendict.korean.go.kr/dictionary/view?sense_no=602187
도감 포수 마누라 오줌 짐작하듯,"도감 포수가 새벽에 영내(營內)에 들어갈 때 그 시각을 마누라가 오줌 누는 시간으로 짐작한다는 뜻으로, 분명하지 않은 일을 짐작으로 판단하고 믿으면 낭패하기 쉽다는 말.",growth,2,2,violent:gray,602248,https://opendict.korean.go.kr/dictionary/view?sense_no=602248
돈은 도적맞을 수 있어도 땅은 도깨비도 떠메고 갈 수 없다,땅이 가장 안전하고 없어질 걱정이 없는 재산이라는 것을 비유적으로 이르는 말.,growth,2,2,,609144,https://opendict.korean.go.kr/dictionary/view?sense_no=609144
돌 뚫는 화살은 없어도 돌 파는 락수는 있다,"세게 내쏘는 화살은 돌을 뚫지는 못하지만 여러 해를 두고 쉼 없이 떨어지는 낙수는 마침내 돌을 파서 움푹하게 만든다는 뜻으로, 무슨 일이나 오래도록 꾸준히 하면 결국 성공할 수 있음을 비유적으로 이르는 말.",growth,2,2,sexual:gray,602305,https://opendict.korean.go.kr/dictionary/view?sense_no=602305
드나드는 개가 꿩을 문다,꾸준하게 열성적으로 노력하는 사람이 일을 이루고 재물을 얻을 수 있다는 말.,growth,2,2,,609576,https://opendict.korean.go.kr/dictionary/view?sense_no=609576
만 리 길도 한 걸음으로 시작된다,훌륭하게 된 인물도 그 근본을 캐어 보면 범인(凡人)과 별 다름 없으나 노력한 결과로 그리되었다는 말.,growth,2,2,sexual:gray,602736,https://opendict.korean.go.kr/dictionary/view?sense_no=602736
무쇠도 갈면 바늘 된다,꾸준히 노력하면 어떤 어려운 일이라도 이룰 수 있다는 말.,growth,2,2,,603056,https://opendict.korean.go.kr/dictionary/view?sense_no=603056
물도 곬을 찾아야 큰 강에 든다,"물도 도중에 막히지 않고 제 곬을 찾아서 흘러가야 큰 강에 이르게 된다는 뜻으로, 사람은 처음부터 교육을 잘 받고 바른길에 들어서야 옳게 발전할 수 있음을 비유적으로 이르는 말.",growth,2,2,sexual:gray,610605,https://opendict.korean.go.kr/dictionary/view?sense_no=610605
미련한 놈 잡아들이라 하면 가난한 놈 잡아들인다,"돈이 없으면 잘난 이도 못난이 대접밖에는 못 받는다는 뜻으로, 배금주의에 젖은 세상인심을 비꼬는 말.",growth,2,2,sexual:gray,610268,https://opendict.korean.go.kr/dictionary/view?sense_no=610268
바다를 뜯어먹으라,해양 자원을 적극 개발·이용하여 나라의 경제를 발전시키고 국민 생활을 높이라는 말.,growth,2,2,violent:gray,610864,https://opendict.korean.go.kr/dictionary/view?sense_no=610864
발(을) 뻗을 자리를 보고 누우랬다,시간과 장소를 가려 행동하라는 말. &lt;동의 속담&gt; ‘누울 자리 봐 가며 발을 뻗어라’ ‘이부자리 보고 발을 펴라’,growth,2,2,,603276,https://opendict.korean.go.kr/dictionary/view?sense_no=603276
부자집 밥벌레,일은 전혀 하지 아니하면서 먹는 데만 눈이 밝은 게으름뱅이를 비유적으로 이르는 말.,growth,2,2,,603729,https://opendict.korean.go.kr/dictionary/view?sense_no=603729
부지런한 이는 앓을 틈도 없다,일에 열중하면 좀처럼 시간의 여유가 없음을 비유적으로 이르는 말.,growth,2,2,sexual:gray,611449,https://opendict.korean.go.kr/dictionary/view?sense_no=611449
새끼 많은 거지 말 많은 장자,"자식이 많으면 거지처럼 못살게 되고 말(馬)이 많으면 부자가 된다는 뜻으로, 가난한 살림에서는 자식이 많으면 살림이 매우 궁해짐을 비유적으로 이르는 말.",growth,2,2,violent:gray,604150,https://opendict.korean.go.kr/dictionary/view?sense_no=604150
새벽길을 걸어도 대문까지 못 나간다,아무리 일찍부터 서둘러도 도무지 능률이 오르지 아니하는 경우를 비유적으로 이르는 말.,growth,2,2,,604058,https://opendict.korean.go.kr/dictionary/view?sense_no=604058
새벽에 갔더니 초저녁에 온 사람 있더라,부지런히 하느라고 애썼는데 그보다 앞선 사람이 있을 경우에 이르는 말.,growth,2,2,,612031,https://opendict.korean.go.kr/dictionary/view?sense_no=612031
세월은 사람을 기다려 주지 않는다,무슨 일을 하든지 시간을 아껴서 부지런히 힘써야지 꾸물거리다가는 하여야 할 일을 못 하고 만다는 말.,growth,2,2,,604164,https://opendict.korean.go.kr/dictionary/view?sense_no=604164
쇠붙이도 늘 닦지 않으면 빛을 잃는다,비록 능력 있고 훌륭한 사람이라고 할지라도 꾸준히 배우고 수양을 쌓지 않으면 뒤떨어지고 잘못될 수 있음을 비유적으로 이르는 말.,growth,2,2,sexual:gray,612063,https://opendict.korean.go.kr/dictionary/view?sense_no=612063
썩돌에(서) 불난다,"치거나 맞비비면 부스러지기 쉬운 푸석돌에서도 불이 일어난다는 뜻으로, 얼핏 보기에는 불가능한 일이라도 좋은 방법으로 꾸준히 노력하면 가능하게 됨을 비유적으로 이르는 말.",growth,2,2,,604780,https://opendict.korean.go.kr/dictionary/view?sense_no=604780
앉은 영웅이 없다,아무리 뛰어난 인물이라도 노력하지 아니하고 활동하지 아니하면 성공할 수 없음을 비유적으로 이르는 말.,growth,2,2,sexual:gray|violent:gray,612732,https://opendict.korean.go.kr/dictionary/view?sense_no=612732
이부자리 보고 발을 펴라,시간과 장소를 가려 행동하라는 말. &lt;동의 속담&gt; ‘누울 자리 봐 가며 발을 뻗어라’ ‘발(을) 뻗을 자리를 보고 누우랬다’,growth,2,2,,605400,https://opendict.korean.go.kr/dictionary/view?sense_no=605400
있을 때 아껴야지 없으면 아낄 것도 없다,경제적으로 넉넉하다고 낭비하는 것을 경계하는 말.,growth,2,2,,605580,https://opendict.korean.go.kr/dictionary/view?sense_no=605580
재간을 배속에서 타고난 사람 없다,"재간은 선천적으로 타고나는 것이 아니라는 뜻으로, 무엇이든 노력을 하면 될 수 있음을 비유적으로 이르는 말. &lt;동의 속담&gt; ‘재간을 배안에서부터 배우겠나’",growth,2,2,sexual:gray,614195,https://opendict.korean.go.kr/dictionary/view?sense_no=614195
재간을 배안에서부터 배우겠나,"재간은 선천적으로 타고나는 것이 아니라는 뜻으로, 무엇이든 노력을 하면 될 수 있음을 비유적으로 이르는 말. &lt;동의 속담&gt; ‘재간을 배속에서 타고난 사람 없다’",growth,2,2,sexual:gray,614196,https://opendict.korean.go.kr/dictionary/view?sense_no=614196
재주는 장에 가도 못 산다,재주는 돈으로 살 수 있는 것이 아니고 배우고 익혀서 능력을 키워야 하는 것임을 이르는 말.,growth,2,2,,614173,https://opendict.korean.go.kr/dictionary/view?sense_no=614173
죄에는 벌이 오고 노력하면 보수가 온다,무슨 일에나 죄를 짓지 말고 성실하게 일하여야 함을 이르는 말.,growth,2,2,,615125,https://opendict.korean.go.kr/dictionary/view?sense_no=615125
주머니가 화수분이라도 모자라겠다,"주머니 속에서 돈이 샘솟는 듯하여도 모자라겠다는 뜻으로, 재물을 함부로 낭비하지 말라는 말.",growth,2,2,,606101,https://opendict.korean.go.kr/dictionary/view?sense_no=606101
천 리 길도 한 걸음씩 걸어서 가 닿는다,아무리 큰 일도 처음에는 작은 일부터 시작되며 그것이 쌓여서 큰 성과를 이루게 되는 것임을 비유적으로 이르는 말.,growth,2,2,sexual:gray,615263,https://opendict.korean.go.kr/dictionary/view?sense_no=615263
천 리 길을 찾아와서 문턱 넘어 죽는다,오랫동안 고생하며 추진하여 오던 일이 성공을 눈앞에 놓고 덜컥 잘못되는 경우를 비유적으로 이르는 말.,growth,2,2,violent:gray,615266,https://opendict.korean.go.kr/dictionary/view?sense_no=615266
초가집 대교(待敎)가 없고 물 건너 대교가 없고 얽은 대교가 없다,"가난한 집에서 대교 벼슬이 나올 수 없고 물 건너 사는 세력 없는 집에서도 대교가 나올 수 없으며 낯이 얽어 못생긴 사람 가운데서도 대교가 나올 수 없다는 뜻으로, 어떤 자격으로서 돈 많고 세력 있고 외모가 번듯해야 함을 요건으로 내세울 때 이르는 말. 옛날 규장각(奎章閣) 대교 벼슬의 인선이 매우 까다로웠다 하여 나온 말이다.",growth,2,2,violent:gray,606378,https://opendict.korean.go.kr/dictionary/view?sense_no=606378
탐관의 밑은 안반(安盤) 같고 염관의 밑은 송곳 같다,"탐관은 엉덩이에 살이 쪄서 엉덩이가 안반 같고 청렴한 관리는 엉덩이에 살이 빠져 송곳 같다는 뜻으로, 탐관은 재산을 모으고 청렴한 벼슬아치는 가난하게 지낸다는 말.",growth,2,2,sexual:gray,606562,https://opendict.korean.go.kr/dictionary/view?sense_no=606562
하룻저녁에 단속곳 셋 하는 여편네 속곳 벗고 산다,부지런하고 일 잘하는 사람이 가난하게 지내는 수가 많다는 말.,growth,2,2,sexual:gray,616469,https://opendict.korean.go.kr/dictionary/view?sense_no=616469
홰대 밑에 중머리 셋 앉으면 돈 안 모인다,집에 일 못하는 노인이 많으면 경제적으로 여유가 없게 된다는 말.,growth,2,2,,606911,https://opendict.korean.go.kr/dictionary/view?sense_no=606911
쌈짓돈이 주머닛돈,"쌈지에 든 돈이나 주머니에 든 돈이나 다 한가지라는 뜻으로, 그 돈이 그 돈이어서 구별할 필요가 없음을 비유적으로 이르는 말. &lt;동의 속담&gt; ‘주머닛돈이 쌈짓돈(이라)’",growth,1,8,sexual:gray,604761,https://opendict.korean.go.kr/dictionary/view?sense_no=604761
주머닛돈이 쌈짓돈(이라),"주머니에 든 돈이나 쌈지에 든 돈이나 다 한가지라는 뜻으로,  그 돈이 그 돈이어서 구별할 필요가 없음을 비유적으로 이르는 말. &lt;동의 속담&gt; ‘쌈짓돈이 주머닛돈’",growth,1,8,sexual:gray,606059,https://opendict.korean.go.kr/dictionary/view?sense_no=606059
게으른 년이 삼 가래 세고 게으른 놈이 책장 센다,"게으른 년이 삼[麻]을 찢어 베를 놓다가 얼마나 했는지 헤아려 보고, 게으른 놈이 책을 읽다가 얼마나 읽었나 헤아려 본다는 뜻으로, 게으른 사람이 일은 안 하고 빨리 그 일에서 벗어나고만 싶어 함을 이르는 말. &lt;동의 속담&gt; ‘게으른 놈[일꾼] 밭고랑 세듯’ ‘게으른 선비 책장 넘기기[넘기듯]’ ‘김매기 싫은 놈 밭고랑만 센다’",growth,1,7,violent:gray,607235,https://opendict.korean.go.kr/dictionary/view?sense_no=607235
영감님 주머니 돈은 내 돈이요 아들 주머니 돈은 사돈네 돈이다,남편이 버는 돈은 마음대로 할 수 있지만 아들이 버는 돈은 며느리가 주관하므로 어찌할 수 없다는 말.,growth,1,7,sexual:gray,613591,https://opendict.korean.go.kr/dictionary/view?sense_no=613591
가난도 암가난 수가난이 있다,"가난한 살림에는 여자가 살림을 잘 못하는 탓으로 못살게 되는 암가난과, 남자가 똑똑하지 못하여 살림이 쪼들리는 수가난이 있다는 말.",growth,1,6,,600447,https://opendict.korean.go.kr/dictionary/view?sense_no=600447
게으른 놈[일꾼] 밭고랑 세듯,"게으른 일꾼이 밭을 매다가 얼마나 했는지 헤아려 본다는 뜻으로, 게으른 사람이 일은 안 하고 빨리 그 일에서 벗어나고만 싶어 함을 이르는 말. &lt;동의 속담&gt; ‘게으른 년이 삼 가래 세고 게으른 놈이 책장 센다’ ‘게으른 선비 책장 넘기기[넘기듯]’ ‘김매기 싫은 놈 밭고랑만 센다’",growth,1,6,violent:gray,607237,https://opendict.korean.go.kr/dictionary/view?sense_no=607237
게으른 선비 책장 넘기기[넘기듯],"게으른 선비가 책을 읽다가 얼마나 읽었나 헤아려 본다는 뜻으로, 게으른 사람이 일은 안 하고 빨리 그 일에서 벗어나고만 싶어 함을 이르는 말. &lt;동의 속담&gt; ‘게으른 년이 삼 가래 세고 게으른 놈이 책장 센다’ ‘게으른 놈[일꾼] 밭고랑 세듯’ ‘김매기 싫은 놈 밭고랑만 센다’",growth,1,6,violent:gray,607240,https://opendict.korean.go.kr/dictionary/view?sense_no=607240
사돈도 이럴 사돈 다르고 저럴 사돈 다르다,같은 경우라도 사람에 따라 달리 대하여야 함을 비유적으로 이르는 말. &lt;동의 속담&gt; ‘사돈도 이럴 사돈 저럴 사돈 있다’,growth,1,6,,603976,https://opendict.korean.go.kr/dictionary/view?sense_no=603976
사돈도 이럴 사돈 저럴 사돈 있다,같은 경우라도 사람에 따라 달리 대하여야 함을 비유적으로 이르는 말. &lt;동의 속담&gt; ‘사돈도 이럴 사돈 다르고 저럴 사돈 다르다’,growth,1,6,,603977,https://opendict.korean.go.kr/dictionary/view?sense_no=603977
김매기 싫은 놈 밭고랑만 센다,"김매기 싫은 놈이 김은 안 매고 밭고랑만 세어 본다는 뜻으로, 게으른 사람이 일은 안 하고 빨리 그 일에서 벗어나고만 싶어 함을 비유적으로 이르는 말. &lt;동의 속담&gt; ‘게으른 년이 삼 가래 세고 게으른 놈이 책장 센다’ ‘게으른 놈[일꾼] 밭고랑 세듯’ ‘게으른 선비 책장 넘기기[넘기듯]’",growth,1,5,violent:gray,607791,https://opendict.korean.go.kr/dictionary/view?sense_no=607791
같은 자리에서 서로 딴 꿈을 꾼다,겉으로는 같이 행동하는 듯이 하면서 속으로는 딴생각을 한다는 것을 비유적으로 이르는 말. &lt;동의 속담&gt; ‘잠은 같이 자도 꿈은 다른 꿈을 꾼다’ ‘한자리에 누워서 서로 딴 꿈을 꾼다’,growth,1,4,,607301,https://opendict.korean.go.kr/dictionary/view?sense_no=607301
금 판 돈도 돈이고 똥 판 돈도 돈이다,형식이나 과정은 비록 달라도 본질에 있어서는 결과가 같은 경우를 비유적으로 이르는 말.,growth,1,4,,607941,https://opendict.korean.go.kr/dictionary/view?sense_no=607941
남의 돈 천 냥이 내 돈 한 푼만 못하다,아무리 적고 보잘것없는 것이라도 자기가 직접 가진 것이 더 나음을 비유적으로 이르는 말. &lt;동의 속담&gt; ‘남의 집 금송아지가 우리 집 송아지만 못하다’ ‘내 돈 서 푼이 남의 돈 사백 냥보다 낫다’,growth,1,4,sexual:gray,608452,https://opendict.korean.go.kr/dictionary/view?sense_no=608452
내 돈 서 푼이 남의 돈 사백 냥보다 낫다,아무리 적고 보잘것없는 것이라도 자기가 직접 가진 것이 더 나음을 비유적으로 이르는 말. &lt;동의 속담&gt; ‘남의 돈 천 냥이 내 돈 한 푼만 못하다’ ‘남의 집 금송아지가 우리 집 송아지만 못하다’,growth,1,4,sexual:gray,601774,https://opendict.korean.go.kr/dictionary/view?sense_no=601774
돈에 대한 사랑은 돈이 자랄수록 자란다,돈에 대한 애착은 돈을 가지게 될수록 점점 자라나 끝이 없게 됨을 비유적으로 이르는 말.,growth,1,4,,609140,https://opendict.korean.go.kr/dictionary/view?sense_no=609140
돈이 돈을 번다,돈이 많은 사람이 그 이익을 통하여 돈을 더 벌 수 있다는 말.,growth,1,4,,609147,https://opendict.korean.go.kr/dictionary/view?sense_no=609147
돈이 장사라,돈의 힘은 장사의 힘과 같이 커서 세상일은 돈의 힘으로 어떻게든지 뜻대로 된다는 말. &lt;동의 속담&gt; ‘돈이 제갈량’,growth,1,4,,609152,https://opendict.korean.go.kr/dictionary/view?sense_no=609152
돈이 제갈량,제갈공명의 지혜와 같이 돈의 힘이 커서 세상일은 돈의 힘으로 어떻게든지 뜻대로 된다는 말. &lt;동의 속담&gt; ‘돈이 장사라’,growth,1,4,,609153,https://opendict.korean.go.kr/dictionary/view?sense_no=609153
사람 나고 돈 났지 돈 나고 사람 났나,"아무리 돈이 귀중하다 하여도 사람보다 더 귀중할 수는 없다는 뜻으로, 돈밖에 모르는 사람을 비난하여 이르는 말.",growth,1,4,,611601,https://opendict.korean.go.kr/dictionary/view?sense_no=611601
잠은 같이 자도 꿈은 다른 꿈을 꾼다,겉으로는 같이 행동하는 듯이 하면서 속으로는 딴생각을 한다는 것을 비유적으로 이르는 말. &lt;동의 속담&gt; ‘같은 자리에서 서로 딴 꿈을 꾼다’ ‘한자리에 누워서 서로 딴 꿈을 꾼다’,growth,1,4,,614232,https://opendict.korean.go.kr/dictionary/view?sense_no=614232
한 돈 추렴에 돈반 낸 놈 같다,"한 돈씩 내는 추렴에 한 돈 반이나 낸 것 같다는 뜻으로, 여럿이 모인 자리에서 남이 얘기할 사이도 없이 혼자 떠들어 대는 경우에 이르는 말.",growth,1,4,,615768,https://opendict.korean.go.kr/dictionary/view?sense_no=615768
가난 구제는 지옥 늧이라,"가난한 사람을 구제하는 것은 지옥에 떨어질 징조라는 뜻으로, 그 일이 결국에 가서는 자신에게 해롭게 되고 고생거리가 되니 아예 가난한 사람을 구제할 생각도 하지 말라는 것을 비유적으로 이르는 말.",growth,1,3,,600444,https://opendict.korean.go.kr/dictionary/view?sense_no=600444
가난도 비단 가난,"아무리 가난하여도 몸을 함부로 가지지 않고, 본래의 지체와 체통을 더럽히지 않는다는 말.",growth,1,3,,600446,https://opendict.korean.go.kr/dictionary/view?sense_no=600446
가난이 소 아들만도[아들보다] 못하다,"가난하여 받는 천대와 멸시는 소 새끼들의 처지보다도 못하다는 뜻으로, 가난한 처지나 신세를 한탄하여 이르는 말.",growth,1,3,,600449,https://opendict.korean.go.kr/dictionary/view?sense_no=600449
가난이 싸움이다,"모든 싸움의 원인이 가난에 있다는 뜻으로, 가난하면 작은 이해를 놓고도 자연히 서로 다투게 되어 불화가 된다는 말.",growth,1,3,violent:gray,600452,https://opendict.korean.go.kr/dictionary/view?sense_no=600452
가난이 원수,가난하기 때문에 억울한 경우나 고통을 당하게 되니 가난이 원수같이 느껴진다는 말.,growth,1,3,,600454,https://opendict.korean.go.kr/dictionary/view?sense_no=600454
가난이 질기다,"가난하여 곧 굶어 죽을 것 같으나 잘 견디어 낸다는 뜻으로, 가난 속에서도 갖은 고생을 하며 그럭저럭 살아감을 비유적으로 이르는 말. &lt;동의 속담&gt; ‘굶어 죽기는 정승 하기보다 어렵다’",growth,1,3,violent:gray,600456,https://opendict.korean.go.kr/dictionary/view?sense_no=600456
가난한 사람은 허리띠가 량식,가난한 사람은 배가 고파도 당장에 먹을 것이 없으니 자연히 허리띠만 자꾸 졸라매게 된다는 데서 가난한 사람들의 어려운 생활을 비유적으로 이르는 말.,growth,1,3,violent:gray,600459,https://opendict.korean.go.kr/dictionary/view?sense_no=600459
가난할수록 기와집 짓는다,"당장 먹을 것이나 입을 것이 넉넉지 못한 가난한 살림일수록 기와집을 짓는다는 뜻으로, 실상은 가난한 사람이 남에게 업신여김을 당하기 싫어서 허세를 부리려는 심리를 비유적으로 이르는 말.",growth,1,3,,600470,https://opendict.korean.go.kr/dictionary/view?sense_no=600470
개도 부지런해야 더운 똥을 얻어먹는다,잘 살려면 부지런해야 함을 비유적으로 이르는 말. &lt;동의 속담&gt; ‘거지도 부지런하면 더운밥을 얻어먹는다’,growth,1,3,,600832,https://opendict.korean.go.kr/dictionary/view?sense_no=600832
거지도 부지런하면 더운밥을 얻어먹는다,잘 살려면 부지런해야 함을 비유적으로 이르는 말. &lt;동의 속담&gt; ‘개도 부지런해야 더운 똥을 얻어먹는다’,growth,1,3,,607274,https://opendict.korean.go.kr/dictionary/view?sense_no=607274
게으른 놈 짐 많이 지기[진다],"게으른 사람이 일하기 싫어 한 번에 많이 해치우려고 하거나, 능력도 없으면서 일에 대한 욕심이 지나치게 많음을 빈정대어 이르는 말. &lt;동의 속담&gt; ‘게으른 말 짐 탐하기[탐한다]’",growth,1,3,sexual:gray,607236,https://opendict.korean.go.kr/dictionary/view?sense_no=607236
게으른 말 짐 탐하기[탐한다],"게으른 말이 짐 나르기 싫어 한 번에 많이 해치우려고 하거나, 능력도 없으면서 일에 대한 욕심이 지나치게 많음을 빈정대어 이르는 말. &lt;동의 속담&gt; ‘게으른 놈 짐 많이 지기[진다]’",growth,1,3,sexual:gray,607238,https://opendict.korean.go.kr/dictionary/view?sense_no=607238
과부의 대 돈 오 푼 빚을 내서라도[낸다],"과부한테 한 냥에 대 돈 오 푼의 높은 이자를 무는 빚을 내서라도 해야겠다는 뜻으로, 돈을 비싼 이자로라도 갖다 쓸 정도로 궁색함이 극도에 이른 사람의 처지를 이르는 말.",growth,1,3,sexual:gray,601187,https://opendict.korean.go.kr/dictionary/view?sense_no=601187
굼벵이도 밟으면[다치면/디디면] 꿈틀한다,"아무리 눌려 지내는 미천한 사람이나, 순하고 좋은 사람이라도 너무 업신여기면 가만있지 아니한다는 말. &lt;동의 속담&gt; ‘지렁이도 밟으면[다치면/디디면] 꿈틀한다’ ‘지나가는 달팽이도 밟으면 꿈틀한다’",growth,1,3,,601302,https://opendict.korean.go.kr/dictionary/view?sense_no=601302
꼭뒤에 부은 물이 발뒤꿈치로 내린다,윗사람이 나쁜 짓을 하면 곧 그 영향이 아랫사람에게 미치게 됨을 비유적으로 이르는 말. &lt;동의 속담&gt; ‘이마에 부은 물이 발뒤꿈치로 흐른다[내린다]’ ‘정수리에 부은 물이 발뒤꿈치까지 흐른다’,growth,1,3,,608138,https://opendict.korean.go.kr/dictionary/view?sense_no=608138
나무에 잘 오르는 놈이 떨어져 죽고 헤엄 잘 치는 놈이 빠져 죽는다,사람은 흔히 자기가 지닌 재주 때문에 실수하거나 죽게 됨을 비유적으로 이르는 말. &lt;동의 속담&gt; ‘잘 헤는 놈 빠져 죽고 잘 오르는 놈 떨어져 죽는다’ ‘헤엄 잘 치는 놈 물에 빠져 죽고 나무에 잘 오르는 놈 나무에서 떨어져 죽는다.’,growth,1,3,violent:gray,608185,https://opendict.korean.go.kr/dictionary/view?sense_no=608185
내 노래를 사돈이 부른다,자기가 하려고 하는 말이나 마땅히 할 말을 도리어 남이 함을 비유적으로 이르는 말. &lt;동의 속담&gt; ‘내 할 말을 사돈이 한다’ ‘나 부를 노래를 사돈집에서 부른다’ ‘시어미 부를 노래를 며느리가 먼저 부른다’,growth,1,3,,601770,https://opendict.korean.go.kr/dictionary/view?sense_no=601770
내 할 말을 사돈이 한다,자기가 하려고 하는 말이나 마땅히 할 말을 도리어 남이 함을 비유적으로 이르는 말. &lt;동의 속담&gt; ‘나 부를 노래를 사돈집에서 부른다’ ‘내 노래를 사돈이 부른다’ ‘시어미 부를 노래를 며느리가 먼저 부른다’,growth,1,3,,609004,https://opendict.korean.go.kr/dictionary/view?sense_no=609004
너구리 굴 보고 피물 돈 내어 쓴다,일이 되기도 전에 거기서 나올 이익부터 생각하여 돈을 앞당겨 씀을 비유적으로 이르는 말. &lt;동의 속담&gt; ‘땅벌 집 보고 꿀 돈 내어 쓴다’,growth,1,3,violent:gray,608333,https://opendict.korean.go.kr/dictionary/view?sense_no=608333
논 자취는 없어도 공부한 공은 남는다,놀지 않고 힘써 공부하면 훗날 그 공적이 반드시 드러날 것이니 아무쪼록 공부에 힘쓰라는 말.,growth,1,3,,608365,https://opendict.korean.go.kr/dictionary/view?sense_no=608365
도련님 천량,"아직 돈을 쓸 줄 모르는 도련님의 돈이라는 뜻으로, 쓰지 않고 오붓하게 모은 돈을 비유적으로 이르는 말.",growth,1,3,,609106,https://opendict.korean.go.kr/dictionary/view?sense_no=609106
돈 다음에 나온 놈,"돈이 나오자 뒤따라 나온 사람이라는 뜻으로, 돈밖에 모르는 인색한 자를 욕으로 하는 말.",growth,1,3,sexual:gray,609126,https://opendict.korean.go.kr/dictionary/view?sense_no=609126
돈만 있으면 개도 멍첨지라,천한 사람도 돈만 있으면 다른 사람들이 귀하게 대접함을 비유적으로 이르는 말. &lt;동의 속담&gt; ‘돈만 있으면 개도 흉한 짓을 한다’,growth,1,3,,609136,https://opendict.korean.go.kr/dictionary/view?sense_no=609136
돈만 있으면 개도 흉한 짓을 한다,천한 사람도 돈만 있으면 다른 사람들이 귀하게 대접함을 비유적으로 이르는 말. &lt;동의 속담&gt; ‘돈만 있으면 개도 멍첨지라’,growth,1,3,,609137,https://opendict.korean.go.kr/dictionary/view?sense_no=609137
돈만 있으면 귀신[두억시니]도 부릴 수 있다,돈만 있으면 세상에 못 할 일이 없다는 말. &lt;동의 속담&gt; ‘돈만 있으면 귀신도 사귄다’,growth,1,3,,609138,https://opendict.korean.go.kr/dictionary/view?sense_no=609138
돈만 있으면 귀신도 사귄다,돈만 있으면 세상에 못 할 일이 없다는 말. &lt;동의 속담&gt; ‘돈만 있으면 귀신[두억시니]도 부릴 수 있다’,growth,1,3,,609139,https://opendict.korean.go.kr/dictionary/view?sense_no=609139
돈맛을 보면 대통 그림자를 따라간다,돈이라면 오금을 못 쓰고 행동하는 사람을 비유적으로 이르는 말. &lt;동의 속담&gt; ‘돈이라면 대통 그림자도 따라간다’,growth,1,3,,609305,https://opendict.korean.go.kr/dictionary/view?sense_no=609305
돈 없는 놈이 선가 먼저 물어본다,자격을 갖추지 못한 자가 도리어 먼저 나댈 때 이르는 말. &lt;동의 속담&gt; ‘돈 한 푼 없는 놈이 자두치떡만 즐긴다’ ‘돈 없는 놈이 큰 떡 먼저 든다’,growth,1,3,,609129,https://opendict.korean.go.kr/dictionary/view?sense_no=609129
돈 없는 놈이 큰 떡 먼저 든다,자격을 갖추지 못한 자가 도리어 먼저 나댈 때 이르는 말. &lt;동의 속담&gt; ‘돈 한 푼 없는 놈이 자두치떡만 즐긴다’ ‘돈 없는 놈이 선가 먼저 물어본다’,growth,1,3,,609130,https://opendict.korean.go.kr/dictionary/view?sense_no=609130
돈이라면 대통 그림자도 따라간다,돈이라면 오금을 못 쓰고 행동하는 사람을 비유적으로 이르는 말. &lt;동의 속담&gt; ‘돈맛을 보면 대통 그림자를 따라간다’,growth,1,3,,609154,https://opendict.korean.go.kr/dictionary/view?sense_no=609154
돈이면 나는 새도 떨어진다,돈을 가지면 어떤 일도 할 수 있음을 이르는 말. &lt;동의 속담&gt; ‘돈이면 지옥문도 연다’,growth,1,3,sexual:gray,609156,https://opendict.korean.go.kr/dictionary/view?sense_no=609156
돈이면 지옥문도 연다,돈을 가지면 어떤 일도 할 수 있음을 이르는 말. &lt;동의 속담&gt; ‘돈이면 나는 새도 떨어진다’,growth,1,3,sexual:gray,609157,https://opendict.korean.go.kr/dictionary/view?sense_no=609157
돈 한 푼 없는 놈이 자두치떡만 즐긴다,자격을 갖추지 못한 자가 도리어 먼저 나댈 때 이르는 말. &lt;동의 속담&gt; ‘돈 없는 놈이 선가 먼저 물어본다’ ‘돈 없는 놈이 큰 떡 먼저 든다’,growth,1,3,,609134,https://opendict.korean.go.kr/dictionary/view?sense_no=609134
돈 한 푼을 쥐면 손에서 땀이 난다,수전노처럼 돈을 끔찍이 알고 돈밖에 모름을 이르는 말.,growth,1,3,,609135,https://opendict.korean.go.kr/dictionary/view?sense_no=609135
뒷간과 사돈집은 멀어야 한다,뒷간은 고약한 냄새가 나고 사돈집 사이에는 말이 나돌기 쉬우므로 둘 다 멀리 있을수록 좋음을 이르는 말. &lt;동의 속담&gt; ‘사돈집과 뒷간은 멀수록 좋다’,growth,1,3,sexual:gray,602482,https://opendict.korean.go.kr/dictionary/view?sense_no=602482
땅벌 집 보고 꿀 돈 내어 쓴다,일이 되기도 전에 거기서 나올 이익부터 생각하여 돈을 앞당겨 씀을 비유적으로 이르는 말. &lt;동의 속담&gt; ‘너구리 굴 보고 피물 돈 내어 쓴다’,growth,1,3,violent:gray,609592,https://opendict.korean.go.kr/dictionary/view?sense_no=609592
땅을 열 길 파도 고리전 한 푼 생기지 않는다,돈이 생기는 것은 공짜로 되는 것이 아니므로 한 푼의 돈이라도 아껴 쓰라는 말. &lt;동의 속담&gt; ‘땅을 열 길 파면 돈 한 푼이 생기나’,growth,1,3,,602558,https://opendict.korean.go.kr/dictionary/view?sense_no=602558
땅을 열 길 파면 돈 한 푼이 생기나,돈이 생기는 것은 공짜로 되는 것이 아니므로 한 푼의 돈이라도 아껴 쓰라는 말. &lt;동의 속담&gt; ‘땅을 열 길 파도 고리전 한 푼 생기지 않는다’,growth,1,3,,602559,https://opendict.korean.go.kr/dictionary/view?sense_no=602559
똥구멍이 찢어지게 가난하다,몹시 가난함을 이르는 말. &lt;동의 속담&gt; ‘밑구멍이 찢어지게[째지게] 가난하다’,growth,1,3,,602585,https://opendict.korean.go.kr/dictionary/view?sense_no=602585
밑구멍이 찢어지게[째지게] 가난하다,몹시 가난함을 이르는 말. &lt;동의 속담&gt; ‘똥구멍이 찢어지게 가난하다’,growth,1,3,,610678,https://opendict.korean.go.kr/dictionary/view?sense_no=610678
배우는 것은 죽을 때까지 배워도 다 못 배운다,"죽을 때까지 배워도 다 배우지 못한다는 뜻으로, 나이가 든 후에도 끊임없이 배우고 수양을 높이는 것이 중요함을 이르는 말.",growth,1,3,violent:gray,611187,https://opendict.korean.go.kr/dictionary/view?sense_no=611187
부자는 많은 사람의 밥상,"부자 하나가 먹는 밥상이면 수많은 사람의 밥상을 차리고도 남는다는 뜻으로, 다른 사람들의 재물을 긁어서 호의호식하는 부자의 생활을 비유적으로 이르는 말.",growth,1,3,violent:gray,611008,https://opendict.korean.go.kr/dictionary/view?sense_no=611008
부지런한 농민에게는 좋은 땅과 나쁜 땅이 따로 없다,나쁜 땅도 부지런히 가꾸면 좋은 땅이 된다는 말. &lt;동의 속담&gt; ‘부지런한 농사군에게는 나쁜 땅이 없다’,growth,1,3,,611442,https://opendict.korean.go.kr/dictionary/view?sense_no=611442
부지런한 농사군에게는 나쁜 땅이 없다,나쁜 땅도 부지런히 가꾸면 좋은 땅이 된다는 말. &lt;동의 속담&gt; ‘부지런한 농민에게는 좋은 땅과 나쁜 땅이 따로 없다’,growth,1,3,,611443,https://opendict.korean.go.kr/dictionary/view?sense_no=611443
사돈집과 뒷간은 멀수록 좋다,사돈집 사이에는 말이 나돌기 쉽고 뒷간은 고약한 냄새가 나므로 둘 다 멀리 있을수록 좋음을 이르는 말. &lt;동의 속담&gt; ‘뒷간과 사돈집은 멀어야 한다’,growth,1,3,sexual:gray,604013,https://opendict.korean.go.kr/dictionary/view?sense_no=604013
산골 부자는 해변가 개보다 못하다,"물고기 반찬을 먹는 데는 산골의 부자가 바닷가의 개보다 못하다는 뜻으로, 보잘것없는 산골 부자의 처지를 비유적으로 이르는 말.",growth,1,3,,611458,https://opendict.korean.go.kr/dictionary/view?sense_no=611458
상시에 먹은 마음이 꿈에도 있다,"평소 생각하던 것이 꿈에도 나타난다는 뜻으로, 꿈 내용은 평소 가진 생각이 어떤 모양으로 나타나는 것임을 이르는 말.",growth,1,3,sexual:gray,611587,https://opendict.korean.go.kr/dictionary/view?sense_no=611587
새 량반은 묵은 량반보다 돈에 들어서는 더 무섭다,"양반은 누구나 다 탐욕스럽기는 마찬가지이나 특히 돈맛을 새로 들인 양반이 돈에 대해서는 더 인색하다는 뜻으로, 후에 나타난 놈이 오히려 더 인색하고 지독한 경우를 비유적으로 이르는 말.",growth,1,3,sexual:gray,611819,https://opendict.korean.go.kr/dictionary/view?sense_no=611819
시어미 부를 노래를 며느리가 먼저 부른다,자기가 하려고 하는 말이나 마땅히 할 말을 도리어 남이 함을 비유적으로 이르는 말. &lt;동의 속담&gt; ‘내 할 말을 사돈이 한다’ ‘나 부를 노래를 사돈집에서 부른다’ ‘내 노래를 사돈이 부른다’,growth,1,3,,604571,https://opendict.korean.go.kr/dictionary/view?sense_no=604571
애들 꿈은 개꿈,애들이 꾼 꿈은 해몽할 거리가 못 된다는 말.,growth,1,3,,604844,https://opendict.korean.go.kr/dictionary/view?sense_no=604844
염라대왕도 돈 쓰기에 달렸다,돈만 있으면 못하는 일이 없이 다 할 수 있다는 말. &lt;동의 속담&gt; ‘염라대왕도 돈 앞에는 한쪽 눈을 감는다’,growth,1,3,,605050,https://opendict.korean.go.kr/dictionary/view?sense_no=605050
염라대왕도 돈 앞에는 한쪽 눈을 감는다,돈만 있으면 못하는 일이 없이 다 할 수 있다는 말. &lt;동의 속담&gt; ‘염라대왕도 돈 쓰기에 달렸다’,growth,1,3,,605051,https://opendict.korean.go.kr/dictionary/view?sense_no=605051
옹지기는 사돈네 밥상이다,"받아먹기에 옹색한 것은 사돈집의 밥상이라는 뜻으로, 사돈집에서는 몹시 조심스럽고 거북함을 비유적으로 이르는 말.",growth,1,3,sexual:gray,605258,https://opendict.korean.go.kr/dictionary/view?sense_no=605258
이마에 부은 물이 발뒤꿈치로 흐른다[내린다],윗사람이 나쁜 짓을 하면 곧 그 영향이 아랫사람에게 미치게 됨을 비유적으로 이르는 말. &lt;동의 속담&gt; ‘꼭뒤에 부은 물이 발뒤꿈치로 내린다’ ‘정수리에 부은 물이 발뒤꿈치까지 흐른다’,growth,1,3,,613853,https://opendict.korean.go.kr/dictionary/view?sense_no=613853
잘 헤는 놈 빠져 죽고 잘 오르는 놈 떨어져 죽는다,사람은 흔히 자기가 지닌 재주 때문에 실수하거나 죽게 됨을 비유적으로 이르는 말. &lt;동의 속담&gt; ‘나무에 잘 오르는 놈이 떨어져 죽고 헤엄 잘 치는 놈이 빠져 죽는다’ ‘헤엄 잘 치는 놈 물에 빠져 죽고 나무에 잘 오르는 놈 나무에서 떨어져 죽는다.’,growth,1,3,violent:gray,614251,https://opendict.korean.go.kr/dictionary/view?sense_no=614251
잠도 자야 꿈을 꾸고 꿈을 꿔야 님을 만난다,‘잠을 자야 꿈을 꾸지’의 북한 속담.,growth,1,3,,614230,https://opendict.korean.go.kr/dictionary/view?sense_no=614230
정수리에 부은 물이 발뒤꿈치까지 흐른다,윗사람이 나쁜 짓을 하면 곧 그 영향이 아랫사람에게 미치게 됨을 비유적으로 이르는 말. &lt;동의 속담&gt; ‘꼭뒤에 부은 물이 발뒤꿈치로 내린다’ ‘이마에 부은 물이 발뒤꿈치로 흐른다[내린다]’,growth,1,3,,605871,https://opendict.korean.go.kr/dictionary/view?sense_no=605871
지나가는 달팽이도 밟으면 꿈틀한다,"아무리 눌려 지내는 미천한 사람이나, 순하고 좋은 사람이라도 너무 업신여기면 가만있지 아니한다는 말. &lt;동의 속담&gt; ‘지렁이도 밟으면[다치면/디디면] 꿈틀한다’ ‘굼벵이도 밟으면[다치면/디디면] 꿈틀한다’",growth,1,3,,615235,https://opendict.korean.go.kr/dictionary/view?sense_no=615235
지렁이도 밟으면[다치면/디디면] 꿈틀한다,"아무리 눌려 지내는 미천한 사람이나, 순하고 좋은 사람이라도 너무 업신여기면 가만있지 아니한다는 말. &lt;동의 속담&gt; ‘굼벵이도 밟으면[다치면/디디면] 꿈틀한다’ ‘지나가는 달팽이도 밟으면 꿈틀한다’",growth,1,3,,615016,https://opendict.korean.go.kr/dictionary/view?sense_no=615016
촌부자는 일부자,시골에서 부자라고 하는 것은 제힘으로 일해서 남보다 좀 넉넉히 먹고 사는 사람이라는 말.,growth,1,3,,606321,https://opendict.korean.go.kr/dictionary/view?sense_no=606321
헤엄 잘 치는 놈 물에 빠져 죽고 나무에 잘 오르는 놈 나무에서 떨어져 죽는다.,사람은 흔히 자기가 지닌 재주 때문에 실수하거나 죽게 됨을 비유적으로 이르는 말. &lt;동의 속담&gt; ‘나무에 잘 오르는 놈이 떨어져 죽고 헤엄 잘 치는 놈이 빠져 죽는다’ ‘잘 헤는 놈 빠져 죽고 잘 오르는 놈 떨어져 죽는다’,growth,1,3,violent:gray,616015,https://opendict.korean.go.kr/dictionary/view?sense_no=616015
가난과 거지는 사촌 간이다,가난이 극도에 이르면 결국에 가서는 얻어먹으러 나서는 길밖에 없음을 이르는 말.,growth,1,2,sexual:gray,600445,https://opendict.korean.go.kr/dictionary/view?sense_no=600445
가난이 소 아들이라,소처럼 죽도록 일해도 가난에서 벗어날 수 없음을 이르는 말.,growth,1,2,sexual:gray|violent:gray,600450,https://opendict.korean.go.kr/dictionary/view?sense_no=600450
가난이 싸움 붙인다,가난한 탓으로 사람들의 관계가 나빠지거나 다툼이 생김을 이르는 말.,growth,1,2,violent:gray,600451,https://opendict.korean.go.kr/dictionary/view?sense_no=600451
가난이 우환,살림살이가 가난한 탓으로 근심·걱정이 생기게 된다는 말.,growth,1,2,,600453,https://opendict.korean.go.kr/dictionary/view?sense_no=600453
가난이 죄다,"가난하기 때문에 여러 가지 범죄를 저지르거나, 불행과 고통을 당하게 된다는 말.",growth,1,2,,600455,https://opendict.korean.go.kr/dictionary/view?sense_no=600455
가난한 양반 씻나락 주무르듯,"가난한 양반이 털어먹자니 앞날이 걱정스럽고 그냥 두자니 당장 굶는 일이 걱정되어서 볍씨만 한없이 주무르고 있다는 뜻으로, 어떤 일에 닥쳐 우물쭈물하기만 하면서 선뜻 결정을 내리지 못하고 있는 모양을 이르는 말.",growth,1,2,,600464,https://opendict.korean.go.kr/dictionary/view?sense_no=600464
가난한 양반 향청에 들어가듯,"가난한 양반이 주눅이 들어 향청에 들어갈 때처럼, 행색이 떳떳하지 못하고 머뭇거리면서 쩔쩔매는 모습을 비유적으로 이르는 말.",growth,1,2,sexual:gray|violent:gray,600465,https://opendict.korean.go.kr/dictionary/view?sense_no=600465
가난한 집에 자식이 많다,"집이 가난하면 먹고살 걱정이 큰데 자식까지 많다는 뜻으로, 이래저래 부담되는 것이 많음을 이르는 말.",growth,1,2,sexual:gray,600469,https://opendict.korean.go.kr/dictionary/view?sense_no=600469
가난한 집 제사[제삿날/젯날] 돌아오듯,"살아가기도 어려운 가난한 집에 제삿날이 자꾸 돌아와서 그것을 치르느라 매우 어려움을 겪는다는 뜻으로, 힘든 일이 자주 닥쳐옴을 비유적으로 이르는 말.",growth,1,2,violent:gray,600468,https://opendict.korean.go.kr/dictionary/view?sense_no=600468
가면이 천 리(다),"탈을 쓰고 얼굴을 가리면 가까이 있어도 서로의 사이가 천 리나 떨어져 있는 것처럼 여겨진다는 뜻으로, 직접 얼굴을 대하게 되는 것이 아니면 낯간지러운 일도 서슴없이 하게 됨을 이르는 말.",growth,1,2,,600542,https://opendict.korean.go.kr/dictionary/view?sense_no=600542
같잖은 투전에 돈만 잃었다,"기를 쓰고 덤빈 투전도 아닌데 돈을 잃었다는 뜻으로, 사소한 일에 손해만 보았음을 이르는 말.",growth,1,2,sexual:gray,607173,https://opendict.korean.go.kr/dictionary/view?sense_no=607173
개같이 벌어서 정승같이 산다[먹는다],돈을 벌 때는 천한 일이라도 하면서 벌고 쓸 때는 떳떳하고 보람 있게 씀을 비유적으로 이르는 말. &lt;동의 속담&gt; ‘돈은 더럽게 벌어도 깨끗이 쓰면 된다’,growth,1,2,,600823,https://opendict.korean.go.kr/dictionary/view?sense_no=600823
거지 조상 안 가진 부자 없고 부자 조상 안 가진 거지 없다,빈부귀천은 타고나는 것이 아님을 비유적으로 이르는 말.,growth,1,2,,607262,https://opendict.korean.go.kr/dictionary/view?sense_no=607262
겉보리 돈 사기가 수양딸로 며느리 삼기보다 쉽다,"겉보리는 식량 사정이 어려운 초여름에 수확하기 때문에 팔아서 돈으로 만들기 쉽다는 뜻으로, 아주 하기 쉬운 일을 비유적으로 이르는 말.",growth,1,2,,607438,https://opendict.korean.go.kr/dictionary/view?sense_no=607438
공부하랬더니 개잡이를 배웠다,"공부를 하라고 했더니 개백장 노릇을 배웠다는 뜻으로, 일껏 좋은 일을 하랬더니 엉뚱하게도 나쁜 짓을 함을 비유적으로 이르는 말.",growth,1,2,,601148,https://opendict.korean.go.kr/dictionary/view?sense_no=601148
굶어 죽기는 정승 하기보다 어렵다,가난 속에서도 갖은 고생을 하며 그럭저럭 살아감을 비유적으로 이르는 말. &lt;동의 속담&gt; ‘가난이 질기다’,growth,1,2,violent:gray,607613,https://opendict.korean.go.kr/dictionary/view?sense_no=607613
궁 처지기 불 처지기,"궁이 면줄로 내려 앉은 것과 축 처진 남자의 생식기는 정상이 아니어서 패색이 짙다는 뜻으로, 무엇이 정상 위치에서 벗어나 몹시 불리하거나 곤경에 빠지게 된 상태를 비유적으로 이르는 말. &lt;동의 속담&gt; ‘궁 처지면 코 처진다’",growth,1,2,sexual:gray|violent:gray,607864,https://opendict.korean.go.kr/dictionary/view?sense_no=607864
궤 속에 녹슨 돈은 똥도 못 산다,돈은 쓸 때 써야 그 값어치를 다 하게 됨을 비유적으로 이르는 말.,growth,1,2,,601291,https://opendict.korean.go.kr/dictionary/view?sense_no=601291
금돈도 안팎이 있다,"금으로 만든 돈도 앞면과 뒷면이 있다는 뜻으로, 아무리 좋고 훌륭한 것도 안과 밖의 구별이 있음을 비유적으로 이르는 말.",growth,1,2,sexual:gray,601437,https://opendict.korean.go.kr/dictionary/view?sense_no=601437
급하면 임금 망건 사러 가는 돈이라도 쓴다,사람이 급할 때 어떤 돈이든 가리지 아니하고 써 버림을 비유적으로 이르는 말. &lt;동의 속담&gt; ‘나라님 망건값도 쓴다’,growth,1,2,,601452,https://opendict.korean.go.kr/dictionary/view?sense_no=601452
꿈보다 해몽이 좋다,무슨 일이나 현상보다 본질을 잘 판단하는 것이 중요함을 비유적으로 이르는 말. &lt;동의 속담&gt; ‘꿈은 아무렇게[잘못] 꾸어도 해몽만 잘하여라’,growth,1,2,,608291,https://opendict.korean.go.kr/dictionary/view?sense_no=608291
꿈에 떡 같은 소리,"꿈속에서 떡을 얻거나 먹었다는 허황된 소리라는 뜻으로, 하나도 들을 가치가 없는 허튼소리를 비유적으로 이르는 말.",growth,1,2,,608295,https://opendict.korean.go.kr/dictionary/view?sense_no=608295
꿈에 떡 맛보듯,분명하지 못한 존재를 이르는 말. &lt;동의 속담&gt; ‘꿈에 서방 맞은 격’,growth,1,2,,608297,https://opendict.korean.go.kr/dictionary/view?sense_no=608297
꿈에 서방 맞은 격,분명하지 못한 존재를 이르는 말. &lt;동의 속담&gt; ‘꿈에 떡 맛보듯’,growth,1,2,,608303,https://opendict.korean.go.kr/dictionary/view?sense_no=608303
꿈은 아무렇게[잘못] 꾸어도 해몽만 잘하여라,무슨 일이나 현상보다 본질을 잘 판단하는 것이 중요함을 비유적으로 이르는 말. &lt;동의 속담&gt; ‘꿈보다 해몽이 좋다’,growth,1,2,,608306,https://opendict.korean.go.kr/dictionary/view?sense_no=608306
꿈은 졸다가도 꾼다,잠깐 조는 사이에도 꿈을 꾸게 되듯이 어떤 조건이 불충분하게 마련된 환경에서도 무엇이 이루어지는 것을 비유적으로 이르는 말.,growth,1,2,,608307,https://opendict.korean.go.kr/dictionary/view?sense_no=608307
나라 고금도 잘라먹는다,사람이 지나치게 이기적이고 욕심이 사나워 뻔뻔스럽고 염치없는 짓을 함을 비유적으로 이르는 말. &lt;동의 속담&gt; ‘나라님 만든 관지 판 돈도 자른다’ ‘상납 돈도 잘라먹는다’,growth,1,2,,608016,https://opendict.korean.go.kr/dictionary/view?sense_no=608016
나라님 만든 관지 판 돈도 자른다,사람이 지나치게 이기적이고 욕심이 사나워 뻔뻔스럽고 염치없는 짓을 함을 비유적으로 이르는 말. &lt;동의 속담&gt; ‘나라 고금도 잘라먹는다’ ‘상납 돈도 잘라먹는다’,growth,1,2,,601621,https://opendict.korean.go.kr/dictionary/view?sense_no=601621
나라님 망건값도 쓴다,사람이 급할 때 어떤 돈이든 가리지 아니하고 써 버림을 비유적으로 이르는 말. &lt;동의 속담&gt; ‘급하면 임금 망건 사러 가는 돈이라도 쓴다’,growth,1,2,,601622,https://opendict.korean.go.kr/dictionary/view?sense_no=601622
남의 더운밥이 내 식은 밥만 못하다,‘남의 돈 천 냥이 내 돈 한 푼만 못하다’의 북한 속담.,growth,1,2,,608451,https://opendict.korean.go.kr/dictionary/view?sense_no=608451
내 돈 서 푼은 알고 남의 돈 칠 푼은 모른다,제 것은 소중히 여기면서 남의 것은 대수롭지 않게 여기는 이기적인 사람을 비꼬는 말.,growth,1,2,,601773,https://opendict.korean.go.kr/dictionary/view?sense_no=601773
내 밥 먹은 개가 발뒤축을 문다,자기에게 은혜를 입은 사람으로부터 도리어 화를 입음을 비유적으로 이르는 말. &lt;동의 속담&gt; ‘제가 기른 개에게 발꿈치 물린다’ ‘제 밥 먹은 개가 제 발등 문다’ ‘제집 개에게 발뒤꿈치 물린 셈’,growth,1,2,sexual:gray,601790,https://opendict.korean.go.kr/dictionary/view?sense_no=601790
노루잠에 개꿈이라,아니꼽고 같잖은 꿈 이야기나 격에 맞지 않는 말을 함을 비유적으로 이르는 말.,growth,1,2,,608621,https://opendict.korean.go.kr/dictionary/view?sense_no=608621
닷 돈 추렴에 두 돈 오 푼을 내었나,여럿이 모인 자리에서 발언권을 얻지 못하거나 업신여김을 당하는 경우를 불만조로 이르는 말.,growth,1,2,,602120,https://opendict.korean.go.kr/dictionary/view?sense_no=602120
대낮에 옛말하면 흉년 든다,"한창 부지런하게 일해야 할 대낮에 한가하게 옛말이나 하고 있으면 흉년이 든다는 뜻으로, 부지런하게 열심히 일하라는 말.",growth,1,2,violent:gray,609303,https://opendict.korean.go.kr/dictionary/view?sense_no=609303
돈 나는 모퉁이 죽는 모퉁이,세상에서 돈 벌기가 가장 어려운 일이라는 말.,growth,1,2,violent:gray,609124,https://opendict.korean.go.kr/dictionary/view?sense_no=609124
돈 떨어지자 입맛 난다,"돈을 이미 다 쓴 이후에 입맛이 더 난다는 뜻으로, 무엇이 없어지는 것을 본 뒤면 그것이 더 애석하게 여겨지고 더 간절하게 생각난다는 말. &lt;동의 속담&gt; ‘뒤주 밑이 긁히면 밥맛이 더 난다’",growth,1,2,,609127,https://opendict.korean.go.kr/dictionary/view?sense_no=609127
돈에 침 뱉는 놈 없다,사람은 누구나 돈을 소중히 여긴다는 말.,growth,1,2,,609141,https://opendict.korean.go.kr/dictionary/view?sense_no=609141
돈은 더럽게 벌어도 깨끗이 쓰면 된다,돈을 벌 때는 천한 일이라도 하면서 벌고 쓸 때는 떳떳하고 보람 있게 씀을 비유적으로 이르는 말. &lt;동의 속담&gt; ‘개같이 벌어서 정승같이 산다[먹는다]’,growth,1,2,,609143,https://opendict.korean.go.kr/dictionary/view?sense_no=609143
돈을 주면 뱃속의 아이도 기어 나온다,돈을 가지면 무엇이든 할 수 있음을 비유적으로 이르는 말.,growth,1,2,sexual:gray,609146,https://opendict.korean.go.kr/dictionary/view?sense_no=609146
돈이라면 호랑이 눈썹이라도 빼 온다,돈이 생기는 일이라면 아무리 어렵고 위험한 일이라도 무릅쓰고 행함을 비유적으로 이르는 말.,growth,1,2,,609155,https://opendict.korean.go.kr/dictionary/view?sense_no=609155
돈이 양반이라,돈이 있어야 의젓하게 양반 행세도 할 수 있음을 이르는 말.,growth,1,2,sexual:gray,609149,https://opendict.korean.go.kr/dictionary/view?sense_no=609149
돈이 자가사리 끓듯 한다,돈이 많음을 빙자하여 함부로 외람된 짓을 하며 못되게 구는 사람을 욕으로 이르는 말.,growth,1,2,sexual:gray,609151,https://opendict.korean.go.kr/dictionary/view?sense_no=609151
돈 주고 병 얻는다,"돈을 주어 가며 스스로 얻은 병이라는 뜻으로, 스스로의 잘못으로 고생하게 된 경우를 이르는 말.",growth,1,2,,609133,https://opendict.korean.go.kr/dictionary/view?sense_no=609133
동지 지나 열흘이면 해가 소 누울 자리만큼 길어진다,동지가 지나면 낮 시간이 길어지고 밤 시간이 짧아진다는 말.,growth,1,2,,609068,https://opendict.korean.go.kr/dictionary/view?sense_no=609068
따벌둥지 보고 꿀돈 내여 쓴다,"땅벌의 둥지를 보고 거기서 꿀을 떠서 얻게 될 돈을 미리 꾸어 쓴다는 뜻으로, 될지 안 될지도 모를 일을 가지고 미리 그 이익을 당겨 씀을 비유적으로 이르는 말.",growth,1,2,,602665,https://opendict.korean.go.kr/dictionary/view?sense_no=602665
마음이 천 리면 지척도 천 리라,서로 정이 깊지 못하면 가까이 있어도 매우 멀게 느껴짐을 이르는 말.,growth,1,2,sexual:gray|violent:gray,610057,https://opendict.korean.go.kr/dictionary/view?sense_no=610057
못난 놈 잡아들이라면 없는 놈 잡아간다,"아무리 잘났더라도 돈이 없고 궁하면 못난 사람 대접밖에 못 받고, 못난 사람도 돈만 있으면 좋은 대접을 받는다는 말. &lt;동의 속담&gt; ‘못 입어 잘난 놈 없고 잘 입어 못난 놈 없다’",growth,1,2,,603027,https://opendict.korean.go.kr/dictionary/view?sense_no=603027
못 입어 잘난 놈 없고 잘 입어 못난 놈 없다,"아무리 잘났더라도 돈이 없고 궁하면 못난 사람 대접밖에 못 받고, 못난 사람도 돈만 있으면 좋은 대접을 받는다는 말. &lt;동의 속담&gt; ‘못난 놈 잡아들이라면 없는 놈 잡아간다’",growth,1,2,,603026,https://opendict.korean.go.kr/dictionary/view?sense_no=603026
묵은 쑥대밭에서 해 먹던 사업 방법,질서와 체계가 없이 되는대로 마구 해 오던 사업 방법을 이르는 말.,growth,1,2,,610151,https://opendict.korean.go.kr/dictionary/view?sense_no=610151
밥 한 술에 힘 되는 줄은 몰라도 글 한 자에 힘이 된다,"밥을 한두 끼 잘 먹었다고 크게 몸이 좋아지지는 않으나 글을 한두 자 더 배우면 그만큼 정신적인 양식이 늘어난다는 뜻으로, 배우는 것이 힘임을 비유적으로 이르는 말.",growth,1,2,,611084,https://opendict.korean.go.kr/dictionary/view?sense_no=611084
방둥이 부러진 소 사돈 아니면 못 팔아먹는다,"방둥이가 부러져서 더 부릴 수 없게 된 소는 거절할 수 없는 처지에 있는 사돈이 아니면 팔아먹을 수 없다는 뜻으로, 흠이 있는 물건을 잘 아는 사람에게 떠안김을 비유적으로 이르는 말.",growth,1,2,,603354,https://opendict.korean.go.kr/dictionary/view?sense_no=603354
밭 장자는 있어도 논 장자는 없다,"밭으로 벌이를 하여 큰 부자가 된 경우는 있어도 논으로 벌이를 하여 큰 부자가 되는 경우는 없다는 뜻으로, 밭농사가 논농사보다 수입이 더 좋음을 비유적으로 이르는 말.",growth,1,2,sexual:gray,610829,https://opendict.korean.go.kr/dictionary/view?sense_no=610829
버릇 배우라니까 과부 집 문고리 빼어 들고 엿장수 부른다,좋은 버릇을 길러 품행을 단정히 하라고 이르니까 오히려 못된 짓만 하고 돌아다님을 비유적으로 이르는 말. &lt;동의 속담&gt; ‘행실을 배우라 하니까 포도청 문고리를 뺀다’,growth,1,2,,611229,https://opendict.korean.go.kr/dictionary/view?sense_no=611229
벌레도 밟으면 꿈틀한다,"벌레 같은 미물도 밟으면 꿈틀거린다는 뜻으로, 아무리 순하거나 참을성이 있는 사람 또는 하찮은 존재라 하더라도 지나치게 자극하면 반항하게 됨을 비유적으로 이르는 말.",growth,1,2,,603483,https://opendict.korean.go.kr/dictionary/view?sense_no=603483
벌집 보고 꿀돈 내여 쓴다,‘너구리 굴 보고 피물 돈 내어 쓴다’의 북한 속담.,growth,1,2,violent:gray,610991,https://opendict.korean.go.kr/dictionary/view?sense_no=610991
보리밥 한 솥 짓기,"보리밥 한 솥을 지을 정도의 시간이라는 뜻으로, 상당한 시간 동안을 비유적으로 이르는 말.",growth,1,2,,611348,https://opendict.korean.go.kr/dictionary/view?sense_no=611348
복장이 따뜻하니까 생시가 꿈인 줄 안다,"마음이 편안하고 걱정이 없으니 마치 꿈속에서 사는 것같이 여긴다는 뜻으로, 무사태평하여 눈앞에 닥치는 걱정을 모르고 지냄을 비난조로 이르는 말.",growth,1,2,sexual:gray,603647,https://opendict.korean.go.kr/dictionary/view?sense_no=603647
봄 돈 칠 푼은 하늘이 안다,농촌에서는 봄에 돈이 매우 귀함을 비유적으로 이르는 말.,growth,1,2,violent:gray,611262,https://opendict.korean.go.kr/dictionary/view?sense_no=611262
부자가 더 무섭다,부자가 더 인색하게 굶을 비유적으로 이르는 말.,growth,1,2,sexual:gray,611003,https://opendict.korean.go.kr/dictionary/view?sense_no=611003
부자는 망해도 삼 년 먹을 것이 있다,본래 부자이던 사람은 망했다 하더라도 얼마 동안은 그럭저럭 살아 나갈 수 있음을 비유적으로 이르는 말. &lt;동의 속담&gt; ‘부잣집이 망해도 삼 년을 간다’ ‘큰 집이 기울어도 삼 년 간다’,growth,1,2,sexual:gray,611009,https://opendict.korean.go.kr/dictionary/view?sense_no=611009
부자도 한이 있다,"부자도 한계가 있다는 뜻으로, 무엇이나 성하는 것도 한도가 있음을 이르는 말. &lt;동의 속담&gt; ‘벋어 가는 칡도 한(限)이 있다’",growth,1,2,sexual:gray,611010,https://opendict.korean.go.kr/dictionary/view?sense_no=611010
부잣집 외상보다 비렁뱅이 맞돈이 좋다,장사에는 아무리 튼튼한 자리나 신용이 있더라도 외상보다는 맞돈이 더 좋음을 비유적으로 이르는 말.,growth,1,2,sexual:gray,603738,https://opendict.korean.go.kr/dictionary/view?sense_no=603738
부잣집이 망해도 삼 년을 간다,본래 부자이던 사람은 망했다 하더라도 얼마 동안은 그럭저럭 살아 나갈 수 있음을 비유적으로 이르는 말. &lt;동의 속담&gt; ‘부자는 망해도 삼 년 먹을 것이 있다’ ‘큰 집이 기울어도 삼 년 간다’,growth,1,2,sexual:gray,603740,https://opendict.korean.go.kr/dictionary/view?sense_no=603740
부지런한 것도 반복은 된다,부지런한 것이 행복한 생활을 이루는 중요한 요인이라는 말.,growth,1,2,violent:gray,611441,https://opendict.korean.go.kr/dictionary/view?sense_no=611441
부지런한 물방아는 얼 새도 없다,"물방아는 쉬지 아니하고 돌기 때문에 추워도 얼지 아니한다는 뜻으로, 무슨 일이든 쉬지 아니하고 부지런히 하여야 실수가 없고 순조롭게 이루어짐을 비유적으로 이르는 말.",growth,1,2,,611444,https://opendict.korean.go.kr/dictionary/view?sense_no=611444
부지런한 운전사에게는 나쁜 차가 없다,부지런한 운전사는 차의 좋고 나쁨을 따지지 아니하고 언제나 깨끗이 손질하고 관리한다는 말.,growth,1,2,,611448,https://opendict.korean.go.kr/dictionary/view?sense_no=611448
사내는 변소 길을 가도 돈 열 냥은 넣고 간다,남자는 길을 떠나려면 급할 때 쓸 수 있도록 돈 밑천을 지니고 있어야 함을 비유적으로 이르는 말.,growth,1,2,sexual:gray,603799,https://opendict.korean.go.kr/dictionary/view?sense_no=603799
사내는 죽을 때 계집과 돈을 머리맡에 놓고 죽어라,남자가 늙어서는 아내와 돈이 있어야 된다는 말.,growth,1,2,sexual:gray|violent:gray,603800,https://opendict.korean.go.kr/dictionary/view?sense_no=603800
사돈네 논 산대,"사돈네가 논을 사거나 말거나 신경 쓰며 관계할 것이 못 된다는 데서, 아무런 관계도 없는 일에 나서서 참견함을 핀잔하는 말.",growth,1,2,,603972,https://opendict.korean.go.kr/dictionary/view?sense_no=603972
사돈네 쉰 떡 보듯,"사돈네 집에 있는 쉬어서 먹지 못할 떡을 쳐다보듯 한다는 뜻으로, 남의 일에 아무런 관심도 없이 대함을 비유적으로 이르는 말.",growth,1,2,,603973,https://opendict.korean.go.kr/dictionary/view?sense_no=603973
사돈 밤 바래기,"사돈은 어려운 손님이므로 밤이 늦었다 하여 바래다주면 이번에는 저편에서 또 바래다주고 하다가 날이 밝는다는 뜻으로, 자꾸 반복하여 끝이 없음을 이르는 말.",growth,1,2,sexual:gray,603967,https://opendict.korean.go.kr/dictionary/view?sense_no=603967
사돈 사돈 하며 가다가 들리고 오다가 들리고 한다,겉으로 친하고 다정한 체하면서 남을 이용하여 자기의 잇속만 채움을 비유적으로 이르는 말. &lt;동의 속담&gt; ‘삼촌 삼촌 하면서 무엇 먹인다’,growth,1,2,,603968,https://opendict.korean.go.kr/dictionary/view?sense_no=603968
사돈 영감 제상 바라보듯,"직접적인 관계가 없는 사돈 영감의 제상을 덤덤히 바라보고 있듯 한다는 뜻으로, 별 관심 없이 멍청히 바라봄을 이르는 말.",growth,1,2,,603969,https://opendict.korean.go.kr/dictionary/view?sense_no=603969
사돈은 부처님 팔촌만도 못하다,사돈 간은 워낙 어려운 사이여서 먼 이웃만도 못하다는 말.,growth,1,2,,603978,https://opendict.korean.go.kr/dictionary/view?sense_no=603978
사돈을 하려면 근본을 봐라,사돈을 정하려거든 우선 상대편의 가문이 어떤가를 보고서 하라는 말.,growth,1,2,,603979,https://opendict.korean.go.kr/dictionary/view?sense_no=603979
사돈이 말하는데 싸라기 엎지른 것까지 들춘다,"싸라기 몇 알 엎지른 대수롭지 않은 실수를 사돈 앞에서 들추어내어 남의 망신을 시킨다는 뜻으로, 그래서는 안 될 사이에 남의 결함을 시시콜콜 다 들추어내서 말함을 비난하여 이르는 말.",growth,1,2,,603980,https://opendict.korean.go.kr/dictionary/view?sense_no=603980
사돈 지내는 것도 칠팔월에 논벼가 검거든 지내지 말고 누렇거든 지내라고 했다,"예전에, 서로 사돈을 맺는 것도 음력 칠팔월에 논벼가 아직 여물지 않았을 때는 하지 말고 누렇게 여물어 가면 하라는 뜻으로, 그해 농사가 되어 가는 것을 보아 가며 혼사를 정하라는 말.",growth,1,2,sexual:gray,603970,https://opendict.korean.go.kr/dictionary/view?sense_no=603970
사돈집과 소마간은 멀리 하랬다,‘사돈집과 뒷간은 멀수록 좋다’의 북한 속담.,growth,1,2,,604014,https://opendict.korean.go.kr/dictionary/view?sense_no=604014
삼각산 바람이 오르락내리락,"바람이 제멋대로 오르락내리락한다는 뜻으로, 거들먹거리면서 하는 일 없이 놀아나거나 출입이 잦음을 비웃는 말.",growth,1,2,sexual:gray,604099,https://opendict.korean.go.kr/dictionary/view?sense_no=604099
삼촌 삼촌 하면서 무엇 먹인다,겉으로 친하고 다정한 체하면서 남을 이용하여 자기의 잇속만 채움을 비유적으로 이르는 말. &lt;동의 속담&gt; ‘사돈 사돈 하며 가다가 들리고 오다가 들리고 한다’,growth,1,2,,603959,https://opendict.korean.go.kr/dictionary/view?sense_no=603959
상감님 망건 사러 가는 돈도 써야만 하겠다,"감히 손댈 수 없는 임금의 망건 살 돈조차도 우선 쓰고 봐야 하겠다는 뜻으로, 나중에 어떤 벌을 받을지라도 우선 급한 것부터 해결하여야 하겠다고 단정하여 이르는 말.",growth,1,2,,611808,https://opendict.korean.go.kr/dictionary/view?sense_no=611808
상납 돈도 잘라먹는다,사람이 지나치게 이기적이고 욕심이 사나워 뻔뻔스럽고 염치없는 짓을 함을 비유적으로 이르는 말. &lt;동의 속담&gt; ‘나라님 만든 관지 판 돈도 자른다’ ‘나라 고금도 잘라먹는다’,growth,1,2,,612082,https://opendict.korean.go.kr/dictionary/view?sense_no=612082
상 머리에 뿔 나기 전에 재산을 모아라,아이를 기르다 보면 재산을 모으기 힘드니 그 전에 모아 두라는 것을 비유적으로 이르는 말.,growth,1,2,,611752,https://opendict.korean.go.kr/dictionary/view?sense_no=611752
상팔십이 내 팔자,"강태공이 가난하였던 처음 80년 동안과 같다는 뜻으로, 가난이 팔자임을 비유적으로 이르는 말.",growth,1,2,sexual:gray,604216,https://opendict.korean.go.kr/dictionary/view?sense_no=604216
새벽달 보고 보짐 싼다,‘새벽달 보자고 초저녁부터 기다린다’의 북한 속담.,growth,1,2,,604059,https://opendict.korean.go.kr/dictionary/view?sense_no=604059
새벽달 보려고 어스름부터 나선다,‘새벽달 보자고 초저녁부터 기다린다’의 북한 속담.,growth,1,2,,604060,https://opendict.korean.go.kr/dictionary/view?sense_no=604060
새벽달 보자고 초저녁부터 기다린다,"새벽에 뜰 달을 보겠다고 초저녁부터 나가서 기다리고 있다는 뜻으로, 일을 너무 일찍부터 서두름을 비유적으로 이르는 말.",growth,1,2,,604062,https://opendict.korean.go.kr/dictionary/view?sense_no=604062
새벽바람 사초롱,"새벽바람에 꺼질까 봐 조심스럽게 들고 있는 비단 초롱이라는 뜻으로, 매우 사랑스럽고 소중한 것을 비유적으로 이르는 말. &lt;동의 속담&gt; ‘얼음 에 잉어’",growth,1,2,sexual:gray|violent:gray,604045,https://opendict.korean.go.kr/dictionary/view?sense_no=604045
새벽 호랑이(가) 중이나 개를 헤아리지 않는다[아니한다],다급해지면 무엇이든지 가릴 여지가 없어짐을 비유적으로 이르는 말. &lt;동의 속담&gt; ‘사흘 굶은 범이 원님을 안다더냐’ ‘새벽 호랑이 쥐나 개나 모기나 하루살이나 하는 판’ ‘호랑이가 굶으면 환관도 먹는다’,growth,1,2,,612029,https://opendict.korean.go.kr/dictionary/view?sense_no=612029
새벽 호랑이 쥐나 개나 모기나 하루살이나 하는 판,다급해지면 무엇이든지 가릴 여지가 없어짐을 비유적으로 이르는 말. &lt;동의 속담&gt; ‘새벽 호랑이(가) 중이나 개를 헤아리지 않는다[아니한다]’ ‘사흘 굶은 범이 원님을 안다더냐’ ‘호랑이가 굶으면 환관도 먹는다’,growth,1,2,,612028,https://opendict.korean.go.kr/dictionary/view?sense_no=612028
설 사돈 있고 누울 사돈 있다,같은 경우라도 사람에 따라 대하는 태도가 다름을 비유적으로 이르는 말.,growth,1,2,,612196,https://opendict.korean.go.kr/dictionary/view?sense_no=612196
십 리에 한 걸음 오 리에 한 걸음,걸음이 매우 더딘 모양을 비유적으로 이르는 말.,growth,1,2,sexual:gray|violent:gray,604620,https://opendict.korean.go.kr/dictionary/view?sense_no=604620
양반 양반 두 양반,"돈의 액수 두 냥 반과 두 양반의 음이 유사한 데서, 돈을 주고 산 양반을 비꼬는 말.",growth,1,2,sexual:gray,613221,https://opendict.korean.go.kr/dictionary/view?sense_no=613221
어느 동네 아이 이름인 줄 아나,"적지 않은 돈을 쉽게 입에 올리는 사람에게, 그만한 돈을 동네 아이 이름 부르듯 그리 가볍게 보느냐고 핀잔하는 말.",growth,1,2,,613294,https://opendict.korean.go.kr/dictionary/view?sense_no=613294
어물전 털어먹고[떠엎고] 꼴뚜기 장사 한다,큰 사업에 실패하고 보잘것없는 작은 사업을 시작함을 비유적으로 이르는 말.,growth,1,2,violent:gray,604925,https://opendict.korean.go.kr/dictionary/view?sense_no=604925
오 리를 보고 십 리를 간다,"장사하는 사람은 한 푼도 못 되는 적은 돈이라도 벌 수만 있다면 고생을 무릅쓴다는 뜻으로, 장사꾼의 돈에 대한 집착을 조롱하여 이르는 말.",growth,1,2,,605158,https://opendict.korean.go.kr/dictionary/view?sense_no=605158
이삭 밥에도 가난이 든다,"양식이 궁하여 가을에 추수가 끝날 때까지 기다리지 못하고 벼 이삭, 수수 이삭 따위를 베어다 먹을 때부터 이미 오는 해에도 가난하게 살 징조가 보임을 이르는 말.",growth,1,2,,613881,https://opendict.korean.go.kr/dictionary/view?sense_no=613881
장마당에 쌀자루는 있어도 글 자루는 없다,장사와 공부는 서로 관계가 없으므로 공부를 하려면 장 같은 곳은 드나들지 말아야 한다는 말. &lt;동의 속담&gt; ‘장에 쌀자루 나지 글 자루 나나’,growth,1,2,,614206,https://opendict.korean.go.kr/dictionary/view?sense_no=614206
제가 기른 개에게 발꿈치 물린다,자기에게 은혜를 입은 사람으로부터 도리어 화를 입음을 비유적으로 이르는 말. &lt;동의 속담&gt; ‘내 밥 먹은 개가 발뒤축을 문다’ ‘제 밥 먹은 개가 제 발등 문다’ ‘제집 개에게 발뒤꿈치 물린 셈’,growth,1,2,sexual:gray,605888,https://opendict.korean.go.kr/dictionary/view?sense_no=605888
제 돈 칠 푼만 알고 남의 돈 열네 닢은 모른다,"자기 물건은 하찮은 것이라도 소중히 여기면서 남의 물건은 큰 것이라도 하찮게 여긴다는 뜻으로, 자기 것만 소중히 여김을 비유적으로 이르는 말.",growth,1,2,,614612,https://opendict.korean.go.kr/dictionary/view?sense_no=614612
제 밥 먹은 개가 제 발등 문다,자기에게 은혜를 입은 사람으로부터 도리어 화를 입음을 비유적으로 이르는 말. &lt;동의 속담&gt; ‘내 밥 먹은 개가 발뒤축을 문다’ ‘제가 기른 개에게 발꿈치 물린다’ ‘제집 개에게 발뒤꿈치 물린 셈’,growth,1,2,sexual:gray,614636,https://opendict.korean.go.kr/dictionary/view?sense_no=614636
주정뱅이는 상감님 망건 살 돈도 술 사 먹는다,술에 미친 자는 감히 건드릴 수 없는 돈조차도 빼내어 술을 사 먹음을 비유적으로 이르는 말.,growth,1,2,sexual:gray,606104,https://opendict.korean.go.kr/dictionary/view?sense_no=606104
죽었다는 헛소문이 돈 사람은 오래 산다,버젓이 살아 있는데도 죽었다고 헛소문이 돈 사람은 두 몫의 삶을 누리는 것과 같기 때문에 오래 살게 된다는 말.,growth,1,2,violent:gray,614796,https://opendict.korean.go.kr/dictionary/view?sense_no=614796
죽은 정승이 산 개만 못하다,훌륭한 사람이라도 발전이 멈추면 현재는 별 볼 일 없더라도 계속 발전하는 사람을 당하기 어렵다는 말.,growth,1,2,violent:gray,614844,https://opendict.korean.go.kr/dictionary/view?sense_no=614844
죽은 정(이) 하루(에) 천 리 간다[달아난다],"죽은 사람에 대하여 가진 정이 하루에 천 리씩 멀리 간다는 뜻으로, 사람이 일단 죽게 되면 정이 빨리 식음을 비유적으로 이르는 말.",growth,1,2,sexual:gray|violent:gray,614842,https://opendict.korean.go.kr/dictionary/view?sense_no=614842
천 리 타향에 고인 만난 듯,‘천 리 타향 고인 만나 반가워서 즐거운 일’의 북한 속담.,growth,1,2,,615268,https://opendict.korean.go.kr/dictionary/view?sense_no=615268
철이 가면 일이 절로 끝난다,"모든 일은 다 시간적으로 제약을 받으며, 어떤 것은 일정한 시간이 흘러야 스스로 끝을 본다는 말.",growth,1,2,,606298,https://opendict.korean.go.kr/dictionary/view?sense_no=606298
초저녁이 더워야 새벽도 덥다,‘초저녁 구들이 따뜻해야 새벽 구들이 따뜻하다’의 북한 속담.,growth,1,2,,606356,https://opendict.korean.go.kr/dictionary/view?sense_no=606356
큰 집이 기울어도 삼 년 간다,본래 부자이던 사람은 망했다 하더라도 얼마 동안은 그럭저럭 살아 나갈 수 있음을 비유적으로 이르는 말. &lt;동의 속담&gt; ‘부자는 망해도 삼 년 먹을 것이 있다’ ‘부잣집이 망해도 삼 년을 간다’,growth,1,2,sexual:gray,615631,https://opendict.korean.go.kr/dictionary/view?sense_no=615631
하늘이 돈짝만[돈닢만/콩짝만] 하다,술에 몹시 취하거나 어떤 충격으로 정신이 얼떨떨하여 사물이 제대로 보이지 아니함을 비유적으로 이르는 말.,growth,1,2,,616210,https://opendict.korean.go.kr/dictionary/view?sense_no=616210
한 냥 장설(帳說)에 고추장이 아홉 돈어치라,"값이 한 냥인 음식상에 아홉 돈어치의 고추장이 올랐다는 뜻으로, 전체에 비하여 어느 한 부분에 지나치게 많은 비용이 든 경우에 이르는 말.",growth,1,2,sexual:gray,615754,https://opendict.korean.go.kr/dictionary/view?sense_no=615754
한 달에 보숭이 세 번 떡국 세 번 한 집은 망한다,"한 달에 잔치를 세 번씩이나 하면서 재물을 낭비하면 집안이 망한다는 뜻으로, 낭비하지 말고 살림살이를 알뜰히 하여야 한다는 말.",growth,1,2,,615766,https://opendict.korean.go.kr/dictionary/view?sense_no=615766
한 밥에 오르고 한 밥에 내린다,잘 먹고 못 먹는 데 따라 살이 오르고 내리고 한다는 말.,growth,1,2,,615786,https://opendict.korean.go.kr/dictionary/view?sense_no=615786
해변 개가 산골 부자보다 낫다,바닷가에 비하여 산골은 빈궁하기 때문에 산골의 부자라 하더라도 실상은 사는 것이 보잘것없음을 비유적으로 이르는 말.,growth,1,2,sexual:gray,606798,https://opendict.korean.go.kr/dictionary/view?sense_no=606798
행실을 배우라 하니까 포도청 문고리를 뺀다,좋은 버릇을 길러 품행을 단정히 하라고 이르니까 오히려 못된 짓만 하고 돌아다님을 비유적으로 이르는 말. &lt;동의 속담&gt; ‘버릇 배우라니까 과부 집 문고리 빼어 들고 엿장수 부른다’,growth,1,2,,616116,https://opendict.korean.go.kr/dictionary/view?sense_no=616116
허리에 돈 차고 학 타고 양주에 올라갈까,"언제 많은 돈을 마련하여 학을 타고 양주 구경을 갈 수 있겠느냐는 뜻으로, 평생소원을 언제 풀어 보겠냐는 말.",growth,1,2,,606834,https://opendict.korean.go.kr/dictionary/view?sense_no=606834
호랑이가 굶으면 환관도 먹는다,다급해지면 무엇이든지 가릴 여지가 없어짐을 비유적으로 이르는 말. &lt;동의 속담&gt; ‘새벽 호랑이(가) 중이나 개를 헤아리지 않는다[아니한다]’ ‘사흘 굶은 범이 원님을 안다더냐’ ‘새벽 호랑이 쥐나 개나 모기나 하루살이나 하는 판’,growth,1,2,,616291,https://opendict.korean.go.kr/dictionary/view?sense_no=616291
가난한 상주 방갓 대가리 같다,사람의 몰골이 허술하여 볼품없어 보임을 놀림조로 이르는 말.,growth,1,1,,600461,https://opendict.korean.go.kr/dictionary/view?sense_no=600461
가랑잎으로 똥 싸 먹겠다,잘살던 사람이 별안간 몹시 가난해져서 어찌할 수 없는 신세가 됨을 비유적으로 이르는 말.,growth,1,1,,606996,https://opendict.korean.go.kr/dictionary/view?sense_no=606996
가마가 많으면 모든 것이 헤프다,"가마가 많으면 그만큼 여러 곳에 나누어 넣고 끓이게 되므로 모든 것이 헤프다는 뜻으로, 일이나 살림을 여기저기 벌여 놓으면 결국 낭비가 많아진다는 말.",growth,1,1,,600512,https://opendict.korean.go.kr/dictionary/view?sense_no=600512
감나무 밑에 누워도 삿갓 미사리를 대어라,"감나무 밑에 누워서 절로 떨어지는 감을 얻어먹으려 하여도 그것을 받기 위하여서는 삿갓 미사리를 입에 대고 있어야 한다는 뜻으로, 의당 자기에게 올 기회나 이익이라도 그것을 놓치지 않으려는 노력이 필요함을 이르는 말. &lt;동의 속담&gt; ‘감나무 밑에서도 먹는 수업을 하여라’ ‘누워먹는 팔자라도 삿갓 밑을 도려야 한다’",growth,1,1,,600674,https://opendict.korean.go.kr/dictionary/view?sense_no=600674
감나무 밑에 누워서 홍시[연시] (입안에) 떨어지기를 기다린다[바란다],아무런 노력도 아니 하면서 좋은 결과가 이루어지기만 바람을 비유적으로 이르는 말. &lt;동의 속담&gt; ‘홍시 떨어지면 먹으려고 감나무 밑에 가서 입 벌리고 누웠다’,growth,1,1,,600675,https://opendict.korean.go.kr/dictionary/view?sense_no=600675
감나무 밑에서도 먹는 수업을 하여라,"감나무 밑에 누워서 절로 떨어지는 감을 얻어먹으려 하여도 그것을 받기 위하여서는 먹는 수업을 해야 한다는 뜻으로, 의당 자기에게 올 기회나 이익이라도 그것을 놓치지 않으려는 노력이 필요함을 이르는 말. &lt;동의 속담&gt; ‘감나무 밑에 누워도 삿갓 미사리를 대어라’ ‘누워먹는 팔자라도 삿갓 밑을 도려야 한다’",growth,1,1,,600676,https://opendict.korean.go.kr/dictionary/view?sense_no=600676
같은 값이면 껌정소 잡아먹는다,값이 같거나 같은 노력을 한다면 품질이 좋은 것을 택한다는 말. &lt;동의 속담&gt; ‘같은 값이면 다홍치마[검정 송아지/과부 집 머슴살이/처녀]’,growth,1,1,sexual:gray,607292,https://opendict.korean.go.kr/dictionary/view?sense_no=607292
같은 값이면 다홍치마[검정 송아지/과부 집 머슴살이/처녀],값이 같거나 같은 노력을 한다면 품질이 좋은 것을 택한다는 말. &lt;동의 속담&gt; ‘같은 값이면 껌정소 잡아먹는다’,growth,1,1,sexual:gray,607294,https://opendict.korean.go.kr/dictionary/view?sense_no=607294
같이 우물 파고 혼자 먹는다,여럿이 함께 노력하여 이룬 일의 성과를 혼자서 차지하는 것을 이르는 말.,growth,1,1,,607171,https://opendict.korean.go.kr/dictionary/view?sense_no=607171
개가 제 주인을 보고 짖게 되여야 농사가 풍년 진다,농민은 부지런히 논밭에 나가 일을 많이 해서 개가 주인도 못 알아볼 만큼 얼굴이 볕에 타야 그해 농사가 잘됨을 이르는 말.,growth,1,1,,600820,https://opendict.korean.go.kr/dictionary/view?sense_no=600820
개구리도 옴쳐야 뛴다,"뛰기를 잘하는 개구리도 뛰기 전에 옴츠려야 한다는 뜻으로, 아무리 급하더라도 일을 이루려면 그 일을 위하여 준비할 시간이 있어야 함을 이르는 말. &lt;동의 속담&gt; ‘개구리 움츠리는[주저앉는] 뜻은 멀리 뛰자는 뜻이다’",growth,1,1,,607370,https://opendict.korean.go.kr/dictionary/view?sense_no=607370
개미 쳇바퀴 돌듯,앞으로 나아가거나 발전하지 못하고 제자리걸음만 함을 비유적으로 이르는 말. &lt;동의 속담&gt; ‘다람쥐 쳇바퀴 돌듯’,growth,1,1,sexual:gray,607375,https://opendict.korean.go.kr/dictionary/view?sense_no=607375
거지가 도승지를 불쌍타 한다,"도승지는 아무리 추운 때라도 새벽에 궁궐에 가야 하기 때문에 거지가 그것을 불쌍하게 여긴다는 뜻으로, 불쌍한 처지에 놓여 있는 사람이 도리어 자기보다 나은 사람을 동정한다는 말.",growth,1,1,,607265,https://opendict.korean.go.kr/dictionary/view?sense_no=607265
거지가 밥술이나 먹게[뜨게] 되면 거지 밥 한 술 안 준다,가난하게 살던 사람이 좀 형편이 나아지면 도리어 어려운 사람을 생각할 줄 모른다는 말.,growth,1,1,,607268,https://opendict.korean.go.kr/dictionary/view?sense_no=607268
거지 자루 기울 새 없다,가난한 살림이라도 생활하여 나가려면 바쁘고 짬이 없다는 말.,growth,1,1,violent:gray,607258,https://opendict.korean.go.kr/dictionary/view?sense_no=607258
계 타고 논문서 잡힌다,"곗돈을 탔다고 마구 쓰다가 나중에는 논문서까지 잡힌다는 뜻으로, 운수가 좋아 이익을 보았으나 잘못하면 그로 말미암아 더 큰 손해를 보게 된다는 말. &lt;동의 속담&gt; ‘계 타고 집 판다’",growth,1,1,,600977,https://opendict.korean.go.kr/dictionary/view?sense_no=600977
계 타고 집 판다,"곗돈을 탔다고 마구 쓰다가 나중에는 집까지 팔아먹는다는 뜻으로, 운수가 좋아 이익을 보았으나 잘못하면 그로 말미암아 더 큰 손해를 보게 된다는 말. &lt;동의 속담&gt; ‘계 타고 논문서 잡힌다’",growth,1,1,,600978,https://opendict.korean.go.kr/dictionary/view?sense_no=600978
고기도 큰물에서 노는 놈이 크다,"물고기도 큰물에서 자라는 놈일수록 더욱 크기 마련이라는 뜻으로, 사람도 좋은 환경에서 교육을 잘 받아야 훌륭한 사람으로 자라날 수 있다는 말.",growth,1,1,,607739,https://opendict.korean.go.kr/dictionary/view?sense_no=607739
고양이 죽 쑤어 줄 것 없고 새앙쥐 볼가심할 것 없다,"고양이가 먹을 얼마 안 되는 죽을 쑤어 줄 만한 거리도 없고 조그만 생쥐가 볼가심할 만한 양식도 없다는 뜻으로, 너무 가난해서 아무것도 먹을 것이 없음을 비유적으로 이르는 말.",growth,1,1,sexual:gray|violent:gray,601073,https://opendict.korean.go.kr/dictionary/view?sense_no=601073
"곯아도 젓국이 좋고, 늙어도 영감이 좋다",아무리 늙었어도 오래 정붙이고 산 자기 배우자가 좋다는 말.,growth,1,1,,601151,https://opendict.korean.go.kr/dictionary/view?sense_no=601151
공술에 술 배운다,술이라는 것은 처음에는 남의 권유에 못 이겨 마시다가 배우게 된다는 말.,growth,1,1,sexual:gray,601158,https://opendict.korean.go.kr/dictionary/view?sense_no=601158
곶감 꼬치를 먹듯,애써 알뜰히 모아 둔 재산을 조금씩 조금씩 헐어 써 없앰을 비유적으로 이르는 말. &lt;동의 속담&gt; ‘곶감 꼬치에서 곶감 빼[뽑아] 먹듯’ ‘곶감 뽑아 먹듯’,growth,1,1,,601162,https://opendict.korean.go.kr/dictionary/view?sense_no=601162
곶감 꼬치에서 곶감 빼[뽑아] 먹듯,애써 알뜰히 모아 둔 재산을 조금씩 조금씩 헐어 써 없앰을 비유적으로 이르는 말. &lt;동의 속담&gt; ‘곶감 꼬치를 먹듯’ ‘곶감 뽑아 먹듯’,growth,1,1,,601163,https://opendict.korean.go.kr/dictionary/view?sense_no=601163
곶감 뽑아 먹듯,애써 알뜰히 모아 둔 재산을 조금씩 조금씩 헐어 써 없앰을 비유적으로 이르는 말. &lt;동의 속담&gt; ‘곶감 꼬치에서 곶감 빼[뽑아] 먹듯’ ‘곶감 꼬치를 먹듯’,growth,1,1,,601164,https://opendict.korean.go.kr/dictionary/view?sense_no=601164
과거를 아니 볼 바에야 시관이 개떡,"자기가 과거를 치르지 않으면 시험관이 시시한 개떡으로밖에 여겨지지 않는다는 뜻으로, 자기와 아무런 관련이 없는 경우에는 아무리 기세등등하고 권한이 있는 대상이라 할지라도 조금도 두려울 것이 없음을 비유적으로 이르는 말.",growth,1,1,sexual:gray,607703,https://opendict.korean.go.kr/dictionary/view?sense_no=607703
과부는 은이 서 말,과부는 살림살이가 알뜰하여 규모 있게 생활하여 경제적으로 걱정이 없음을 비유적으로 이르는 말.,growth,1,1,sexual:gray|violent:gray,601184,https://opendict.korean.go.kr/dictionary/view?sense_no=601184
과부는 은이 서 말이고 홀아비는 이가 서 말이다,"과부는 살림살이가 알뜰하여 규모 있게 생활하므로 경제적으로 걱정이 없지만, 홀아비는 생활이 곤궁함을 비유적으로 이르는 말. &lt;동의 속담&gt; ‘과부의 버선목에는 은이 가득하고 홀아비의 버선목에는 이가 가득하다’",growth,1,1,violent:gray,601185,https://opendict.korean.go.kr/dictionary/view?sense_no=601185
과부의 버선목에는 은이 가득하고 홀아비의 버선목에는 이가 가득하다,"과부는 살림살이가 알뜰하여 규모 있게 생활하므로 경제적으로 걱정이 없지만, 홀아비는 생활이 곤궁함을 비유적으로 이르는 말. &lt;동의 속담&gt; ‘과부는 은이 서 말이고 홀아비는 이가 서 말이다’",growth,1,1,violent:gray,601188,https://opendict.korean.go.kr/dictionary/view?sense_no=601188
굳은 땅에 물이 괸다,헤프게 쓰지 않고 아끼는 사람이 재산을 모으게 됨을 비유적으로 이르는 말. &lt;동의 속담&gt; ‘단단한 땅에 물이 괸다’,growth,1,1,,608267,https://opendict.korean.go.kr/dictionary/view?sense_no=608267
굴을 파야 금을 얻는다,목적을 이루기 위하여서는 거기에 필요한 조건을 갖추거나 노력을 하여야 함을 교훈적으로 이르는 말.,growth,1,1,,607991,https://opendict.korean.go.kr/dictionary/view?sense_no=607991
궁 처지면 코 처진다,무엇이 정상 위치에서 벗어나 몹시 불리하거나 곤경에 빠지게 된 상태를 비유적으로 이르는 말. &lt;동의 속담&gt; ‘궁 처지기 불 처지기’,growth,1,1,,607865,https://opendict.korean.go.kr/dictionary/view?sense_no=607865
귀가 도자전 마룻구멍이라,배우지 않았으나 얻어들어서 아는 것이 많음을 비유적으로 이르는 말. &lt;동의 속담&gt; ‘귀가 보배라[도자전이라/산홋가지라]’ ‘귓구멍이 도자전 마룻구멍이다’,growth,1,1,sexual:gray,607684,https://opendict.korean.go.kr/dictionary/view?sense_no=607684
귀가 보배라[도자전이라/산홋가지라],배우지 않았으나 얻어들어서 아는 것이 많음을 비유적으로 이르는 말. &lt;동의 속담&gt; ‘귀가 도자전 마룻구멍이라’ ‘귓구멍이 도자전 마룻구멍이다’,growth,1,1,sexual:gray,607685,https://opendict.korean.go.kr/dictionary/view?sense_no=607685
귀천궁달이 수레바퀴다,"운이 나쁜 사람도 좋은 수를 만날 수 있고 운이 좋은 사람도 늘 좋기만 하는 것이 아니라 어려운 시기가 있다는 말로, 세상사는 늘 돌고 돈다는 말. &lt;동의 속담&gt; ‘음지가 양지 되고 양지가 음지 된다’ ‘부귀빈천이 물레바퀴 돌듯’ ‘빈부귀천이 물레바퀴 돌듯’ ‘양지가 음지 되고 음지가 양지 된다’ ‘흥망성쇠와 부귀빈천이 물레바퀴 돌듯 한다’",growth,1,1,sexual:gray,601363,https://opendict.korean.go.kr/dictionary/view?sense_no=601363
귀한 나그네 새벽에 온다,귀한 손님은 흔히 아침 일찍이 찾아온다는 말.,growth,1,1,,601349,https://opendict.korean.go.kr/dictionary/view?sense_no=601349
귓구멍이 도자전 마룻구멍이다,배우지 않았으나 얻어들어서 아는 것이 많음을 비유적으로 이르는 말. &lt;동의 속담&gt; ‘귀가 보배라[도자전이라/산홋가지라]’ ‘귀가 도자전 마룻구멍이라’,growth,1,1,sexual:gray,601393,https://opendict.korean.go.kr/dictionary/view?sense_no=601393
그늘 밑(의) 매미 신세[팔자],부지런히 일하지 아니하고 놀기만 하면서 편안히 지내는 처지를 비유적으로 이르는 말.,growth,1,1,violent:gray,607950,https://opendict.korean.go.kr/dictionary/view?sense_no=607950
그물이 천 코면 걸릴 날이 있다,부지런히 일하면 좋은 결과를 얻을 수 있음을 비유적으로 이르는 말. &lt;동의 속담&gt; ‘그물코가 삼천이면 걸릴 날이 있다’,growth,1,1,sexual:gray,608057,https://opendict.korean.go.kr/dictionary/view?sense_no=608057
그물코가 삼천이면 걸릴 날이 있다,부지런히 일하면 좋은 결과를 얻을 수 있음을 비유적으로 이르는 말. &lt;동의 속담&gt; ‘그물이 천 코면 걸릴 날이 있다’,growth,1,1,sexual:gray,601411,https://opendict.korean.go.kr/dictionary/view?sense_no=601411
글에 미친 송 생원,"글공부를 하다가 미쳐서 중얼대는 송 생원처럼, 무엇인지 입속으로 중얼거리는 사람을 비유적으로 이르는 말.",growth,1,1,,607962,https://opendict.korean.go.kr/dictionary/view?sense_no=607962
글은 기성명이면 족하다,"글이란 제 성과 이름이나 쓸 줄 알면 족하다는 뜻으로, 글공부를 많이 할 필요가 없다는 말. &lt;동의 속담&gt; ‘글은 제 이름 석 자나 알면 족하다’",growth,1,1,,607964,https://opendict.korean.go.kr/dictionary/view?sense_no=607964
글은 제 이름 석 자나 알면 족하다,"글이란 제 성과 이름이나 쓸 줄 알면 족하다는 뜻으로, 글공부를 많이 할 필요가 없다는 말. &lt;동의 속담&gt; ‘글은 기성명이면 족하다’",growth,1,1,,607965,https://opendict.korean.go.kr/dictionary/view?sense_no=607965
급하면 부처 다리를 안는다,"일이 없을 때에는 분향을 게을리하다가 졸지에 급한 일을 당하면 어쩔 줄 몰라 부처 다리를 안는다는 뜻으로, 평소에 부지런히 하여 급한 일을 당하더라도 당황하지 말라는 말.",growth,1,1,,601450,https://opendict.korean.go.kr/dictionary/view?sense_no=601450
기름 엎지르고 깨 줍기,큰 이익을 버리고 보잘것없는 작은 이익을 구함을 비유적으로 이르는 말. &lt;동의 속담&gt; ‘기름을 버리고[엎지르고] 깨를 줍는다’ ‘재산을 잃고 쌀알을 줍는다’,growth,1,1,,608328,https://opendict.korean.go.kr/dictionary/view?sense_no=608328
기름을 버리고[엎지르고] 깨를 줍는다,큰 이익을 버리고 보잘것없는 작은 이익을 구함을 비유적으로 이르는 말. &lt;동의 속담&gt; ‘기름 엎지르고 깨 줍기’ ‘재산을 잃고 쌀알을 줍는다’,growth,1,1,,608329,https://opendict.korean.go.kr/dictionary/view?sense_no=608329
꿈도 꾸기 전에 해몽,어떻게 될지도 모르는 일을 미리부터 자기 마음대로 상상하고 기대한다는 말.,growth,1,1,sexual:gray,608289,https://opendict.korean.go.kr/dictionary/view?sense_no=608289
꿈에 넋두리로 안다,잠꼬대와 같은 소리로 취급하여 대수롭지 않게 여김을 비꼬는 말.,growth,1,1,,608293,https://opendict.korean.go.kr/dictionary/view?sense_no=608293
꿈에 네뚜리,대수롭지 않게 여기는 것을 비유적으로 이르는 말.,growth,1,1,,608294,https://opendict.korean.go.kr/dictionary/view?sense_no=608294
꿈에 사위 본 듯,한 일이 무엇인지 분명치 아니함을 비유적으로 이르는 말.,growth,1,1,,608301,https://opendict.korean.go.kr/dictionary/view?sense_no=608301
꿈자리가 사납더니,일이 뜻대로 되지 아니하고 방해되는 것이 끼어들 때 한탄조로 이르는 말.,growth,1,1,,601555,https://opendict.korean.go.kr/dictionary/view?sense_no=601555
나간 놈[사람]의 몫은 있어도 자는 놈[사람]의 몫은 없다,게으른 사람에게는 혜택이 돌아가지 아니함을 비유적으로 이르는 말.,growth,1,1,,601630,https://opendict.korean.go.kr/dictionary/view?sense_no=601630
나는 새도 깃을 쳐야 날아간다,아무리 재능이 많아도 노력을 하지 않으면 그 재능을 발휘할 수 없음을 비유적으로 이르는 말. &lt;동의 속담&gt; ‘나는 새도 움직여야 난다’,growth,1,1,sexual:gray,608118,https://opendict.korean.go.kr/dictionary/view?sense_no=608118
나는 새도 움직여야 난다,아무리 재능이 많아도 노력을 하지 않으면 그 재능을 발휘할 수 없음을 비유적으로 이르는 말. &lt;동의 속담&gt; ‘나는 새도 깃을 쳐야 날아간다’,growth,1,1,sexual:gray,608121,https://opendict.korean.go.kr/dictionary/view?sense_no=608121
나무에 오르라 하고 흔드는 격,남을 꾀어 위험한 곳이나 불행한 처지에 빠지게 함을 비유적으로 이르는 말.,growth,1,1,,608184,https://opendict.korean.go.kr/dictionary/view?sense_no=608184
낙숫물이 댓돌을 뚫는다,작은 힘이라도 꾸준히 계속하면 큰일을 이룰 수 있음을 비유적으로 이르는 말.,growth,1,1,sexual:gray,608561,https://opendict.korean.go.kr/dictionary/view?sense_no=608561
낟알 천대를 하면[하다간] 볼기를 맞는다,"땀 흘려 지은 낟알을 대수롭지 않게 여기거나 낭비하면 크게 혼날 것이라는 뜻으로, 낟알을 귀하게 여기라는 말.",growth,1,1,,601687,https://opendict.korean.go.kr/dictionary/view?sense_no=601687
낡은 존위 댁네 보리밥은 잘해,"가난한 살림살이에 보리밥만은 잘 짓는다는 뜻으로, 다른 것은 못해도 어떤 한 가지 일만은 익숙하게 잘 함을 비유적으로 이르는 말.",growth,1,1,,601704,https://opendict.korean.go.kr/dictionary/view?sense_no=601704
남산골샌님이 역적 바라듯,가난한 사람이 엉뚱한 일을 바람을 비유적으로 이르는 말.,growth,1,1,,601730,https://opendict.korean.go.kr/dictionary/view?sense_no=601730
남의 딸이 되거들랑 시정 딸 되라,돈 많고 잘사는 집에 몸을 붙이거나 태어나야 복을 받을 수 있다는 말. &lt;동의 속담&gt; ‘남의 종이 되거들랑 서울 양반 종이 되고 남의 딸이 되거들랑 시정의 딸이 되라’,growth,1,1,,608455,https://opendict.korean.go.kr/dictionary/view?sense_no=608455
남의 사돈이야 가거나 말거나,자기와는 아무런 상관이 없음을 비유적으로 이르는 말. &lt;동의 속담&gt; ‘남의 제상에 배 놓거나 감 놓거나’,growth,1,1,sexual:gray,608487,https://opendict.korean.go.kr/dictionary/view?sense_no=608487
남의 속에 있는 글도 배운다,"남의 머릿속에 있는 지식도 배우는데 하물며 직접 하는 것을 보고 못할 리가 있겠느냐는 뜻으로, 무엇이나 남이 하는 것을 보면 그대로 따라 할 수 있음을 비유적으로 이르는 말.",growth,1,1,sexual:gray,608497,https://opendict.korean.go.kr/dictionary/view?sense_no=608497
내 일 바빠 한댁 방아,"일이 바쁠 때는 모든 도구를 갖추지 못하고서도 서둘러 함을 이르는 말. 신라 때, 욱면(郁面)이라는 계집종이 일을 빨리 마치고 제가 하고 싶은 염불을 외우기 위하여 주인이 시킨 쌀 찧는 일을 부지런히 하였다는 이야기에서 나온 말이다.",growth,1,1,sexual:gray,601807,https://opendict.korean.go.kr/dictionary/view?sense_no=601807
내 침 발라 꼰 새끼가 제일(이다),자기의 노력을 들여 이룩한 성과가 귀중함을 비유적으로 이르는 말.,growth,1,1,,601810,https://opendict.korean.go.kr/dictionary/view?sense_no=601810
노루는 잡아 놓은 노루,일이 되어 가는 것으로 보아 성공이 틀림없음을 비유적으로 이르는 말.,growth,1,1,sexual:gray,608641,https://opendict.korean.go.kr/dictionary/view?sense_no=608641
노름 뒤는 대어도 먹는 뒤는 안 댄다,노름하다 보면 따는 수도 있지만 먹는 일은 한없는 일이라서 당해 내지 못하므로 가난한 사람을 먹여 살리기는 어려운 노릇이라는 말.,growth,1,1,,601882,https://opendict.korean.go.kr/dictionary/view?sense_no=601882
노름은 도깨비 살림,도박의 성패는 도저히 예측할 수 없어 돈이 불어 갈 때에는 알 수 없을 만큼 쉽게 또 크게 늘어남을 비유적으로 이르는 말.,growth,1,1,violent:gray,601884,https://opendict.korean.go.kr/dictionary/view?sense_no=601884
노인네 망령은 고기로 고치고 젊은이 망령은 몽둥이로 고친다,"노인들은 그저 잘 위해 드려야 하고, 아이들이 잘못했을 경우에는 엄하게 다스려 교육해야 한다는 말. &lt;동의 속담&gt; ‘젊은이 망령은 몽둥이로 고친다’ ‘젊은이 망령은 홍두깨로 고치고 늙은이 망령은 곰국으로 고친다’",growth,1,1,,601929,https://opendict.korean.go.kr/dictionary/view?sense_no=601929
누더기 속에서 영웅 난다,"누덕누덕 기운 옷을 입고 자라난 사람이 후에 영웅이 된다는 뜻으로, 가난하고 천한 집에서 인물이 나왔을 때 이르는 말.",growth,1,1,,602013,https://opendict.korean.go.kr/dictionary/view?sense_no=602013
누운 나무에 열매 안 연다,"죽은 나무에 열매가 열릴 리 없다는 뜻으로, 사람도 죽은 듯이 가만히 있으면 아무것도 되는 일이 없으므로 열심히 움직이고 일하여야 성공을 거둘 수 있다는 말.",growth,1,1,violent:gray,608881,https://opendict.korean.go.kr/dictionary/view?sense_no=608881
누워먹는 팔자라도 삿갓 밑을 도려야 한다,"의당 자기에게 올 기회나 이익이라도 그것을 놓치지 않으려는 노력이 필요함을 이르는 말. &lt;동의 속담&gt; ‘감나무 밑에 누워도 삿갓 미사리를 대어라’, ‘감나무 밑에서도 먹는 수업을 하여라’",growth,1,1,,601928,https://opendict.korean.go.kr/dictionary/view?sense_no=601928
누워서 넘어다보는 단지에 좁쌀이 두 칠 홉만 있으면 봉화(奉化) 원(員)을 이손아 부른다,살림이 좀 넉넉해졌다고 거드름을 부리며 부자인 체하는 자를 비유적으로 이르는 말.,growth,1,1,,608887,https://opendict.korean.go.kr/dictionary/view?sense_no=608887
눅은 데 패가한다,"물건값이 눅다고 너무 많이 사들이다가는 결국 살림을 망친다는 뜻으로, 욕심 부리지 말고 필요한 만큼 돈을 쓰라는 말.",growth,1,1,violent:gray,608701,https://opendict.korean.go.kr/dictionary/view?sense_no=608701
눈먼 고양이 갈밭 매듯,뚜렷한 목표가 없이 여기저기 돌아다닌다는 말. &lt;동의 속담&gt; ‘눈먼 중 갈밭에 든 것 같다’,growth,1,1,violent:gray,601965,https://opendict.korean.go.kr/dictionary/view?sense_no=601965
눈먼 중 갈밭에 든 것 같다,뚜렷한 목표가 없이 여기저기 돌아다닌다는 말. &lt;동의 속담&gt; ‘눈먼 고양이 갈밭 매듯’,growth,1,1,violent:gray,601973,https://opendict.korean.go.kr/dictionary/view?sense_no=601973
늙어도 기생,몸에 밴 버릇이나 생활 습관 따위는 세월이 흘러도 좀처럼 변하지 아니함을 비유적으로 이르는 말.,growth,1,1,sexual:gray|violent:gray,608934,https://opendict.korean.go.kr/dictionary/view?sense_no=608934
늦게 배운 도둑이 날 새는 줄 모른다,어떤 일에 남보다 늦게 재미를 붙인 사람이 그 일에 더 열중하게 됨을 비유적으로 이르는 말. &lt;동의 속담&gt; ‘늦게 시작한 도둑이 새벽 다 가는 줄 모른다’,growth,1,1,,608898,https://opendict.korean.go.kr/dictionary/view?sense_no=608898
늦게 시작한 도둑이 새벽 다 가는 줄 모른다,어떤 일에 남보다 늦게 재미를 붙인 사람이 그 일에 더 열중하게 됨을 비유적으로 이르는 말. &lt;동의 속담&gt; ‘늦게 배운 도둑이 날 새는 줄 모른다’,growth,1,1,,608899,https://opendict.korean.go.kr/dictionary/view?sense_no=608899
늦모내기 때에는 아궁 앞의 부지깽이도 뛴다,철 늦게 하는 모내기는 되도록 빨리 끝내야 하기 때문에 몹시 바쁘다는 말. &lt;동의 속담&gt; ‘늦모내기에 죽은 중도 꿈쩍거린다’,growth,1,1,violent:gray,602067,https://opendict.korean.go.kr/dictionary/view?sense_no=602067
늦모내기에 죽은 중도 꿈쩍거린다,철 늦게 하는 모내기는 되도록 빨리 끝내야 하기 때문에 몹시 바쁘다는 말. &lt;동의 속담&gt; ‘늦모내기 때에는 아궁 앞의 부지깽이도 뛴다’,growth,1,1,violent:gray,602069,https://opendict.korean.go.kr/dictionary/view?sense_no=602069
다람쥐 쳇바퀴 돌듯,앞으로 나아가거나 발전하지 못하고 제자리걸음만 함을 비유적으로 이르는 말. &lt;동의 속담&gt; ‘개미 쳇바퀴 돌듯’,growth,1,1,sexual:gray,608677,https://opendict.korean.go.kr/dictionary/view?sense_no=608677
단단하기만 하면 벽에 물이 고이나,너무 아끼면서 돈을 모으려는 사람을 핀잔하는 말.,growth,1,1,,602074,https://opendict.korean.go.kr/dictionary/view?sense_no=602074
단단한 땅에 물이 괸다,헤프게 쓰지 않고 아끼는 사람이 재산을 모으게 됨을 비유적으로 이르는 말. &lt;동의 속담&gt; ‘굳은 땅에 물이 괸다’,growth,1,1,,602075,https://opendict.korean.go.kr/dictionary/view?sense_no=602075
닫는 말에 채질한다고 경상도까지 하루에 갈 것인가,부지런히 힘껏 하고 있는 일을 자꾸 더 잘하고 빨리하라고 무리하게 재촉한들 잘될 리 없다는 말.,growth,1,1,,609206,https://opendict.korean.go.kr/dictionary/view?sense_no=609206
닷 돈 보고 보리밭에 갔다가 명주 속옷 찢었다,작은 이익을 얻으려다 도리어 큰 손해를 봄을 비유적으로 이르는 말.,growth,1,1,,602119,https://opendict.korean.go.kr/dictionary/view?sense_no=602119
대문이 가문,아무리 가문이 높아도 가난하여 집채나 대문이 작으면 위엄이 없어 보인다는 말.,growth,1,1,,609045,https://opendict.korean.go.kr/dictionary/view?sense_no=609045
도깨비를 사귀었나,까닭도 모르게 재산이 부쩍부쩍 늘어 가는 경우를 비유적으로 이르는 말.,growth,1,1,,609409,https://opendict.korean.go.kr/dictionary/view?sense_no=609409
도낏자루 썩는 줄 모른다,"어떤 나무꾼이 신선들이 바둑 두는 것을 정신없이 보다가 제정신이 들어보니 세월이 흘러 도낏자루가 다 썩었다는 데서, 아주 재미있는 일에 정신이 팔려서 시간 가는 줄 모르는 경우를 비유적으로 이르는 말. &lt;동의 속담&gt; ‘신선놀음에 도낏자루 썩는 줄 모른다’",growth,1,1,sexual:gray,602246,https://opendict.korean.go.kr/dictionary/view?sense_no=602246
돈반 밥 먹고 열네 닢으로 사정한다,남에게 으레 주어야 할 것을 조금이라도 덜 주려고 몹시 비굴하게 군다는 말.,growth,1,1,,602351,https://opendict.korean.go.kr/dictionary/view?sense_no=602351
돈이 많으면 장사를 잘하고 소매가 길면 춤을 잘 춘다,모든 일이 잘되려면 그 소재가 좋고 풍족하여야 함을 비유적으로 이르는 말.,growth,1,1,violent:gray,609148,https://opendict.korean.go.kr/dictionary/view?sense_no=609148
돈피 옷 잣죽에 자랐느냐,생활을 매우 호사스럽게만 하려고 하는 것을 비유적으로 이르는 말.,growth,1,1,violent:gray,609114,https://opendict.korean.go.kr/dictionary/view?sense_no=609114
돌다(가) 보아도 마름[물방아],"물 위에 떠돌아다니는 마름은 아무리 떠돌아도 마름이라는 뜻으로, 별다른 진보가 없이 같은 일만 되풀이함을 비유적으로 이르는 말.",growth,1,1,,609540,https://opendict.korean.go.kr/dictionary/view?sense_no=609540
돌부처도 꿈적인다,남편이 첩을 보면 아무리 무던한 부인도 화를 낸다는 말. &lt;동의 속담&gt; ‘길 아래 돌부처도 돌아앉는다’ ‘시앗을 보면 길가의 돌부처도 돌아앉는다’,growth,1,1,sexual:gray,609332,https://opendict.korean.go.kr/dictionary/view?sense_no=609332
동네 송아지는 커도 송아지란다,늘 눈앞에 두고 보면 성장하여 변한 것을 알아내기 어려움을 비유적으로 이르는 말.,growth,1,1,sexual:gray,609487,https://opendict.korean.go.kr/dictionary/view?sense_no=609487
동녘이 번하니까 다 내 세상인 줄 안다,세상 물정 모르고 무슨 일이나 다 좋게만 될 것으로 과대망상을 하고 있다는 말. &lt;동의 속담&gt; ‘동녘이 훤하면 새벽[세상]인 줄 안다’,growth,1,1,,602361,https://opendict.korean.go.kr/dictionary/view?sense_no=602361
동녘이 훤하면 새벽[세상]인 줄 안다,세상 물정 모르고 무슨 일이나 다 좋게만 될 것으로 과대망상을 하고 있다는 말. &lt;동의 속담&gt; ‘동녘이 번하니까 다 내 세상인 줄 안다’,growth,1,1,,602362,https://opendict.korean.go.kr/dictionary/view?sense_no=602362
동생 줄 것은 없어도 도둑 줄 것은 있다,아무리 가난한 집이라도 도둑맞을 물건은 있다는 말. &lt;동의 속담&gt; ‘구제할 것은 없어도 도둑 줄 것은 있다’ ‘저녁 먹을 것은 없어도 도둑맞을 것은 있다’ ‘쥐 먹을 것은 없어도 도둑맞을 것은 있다’ ‘쥐 줄 것은 없어도 도둑 줄 것은 있다’,growth,1,1,,609345,https://opendict.korean.go.kr/dictionary/view?sense_no=609345
동풍 닷 냥이다,난봉이 나서 돈을 함부로 날려 버림을 조롱하는 말.,growth,1,1,,609416,https://opendict.korean.go.kr/dictionary/view?sense_no=609416
"돼짓값은 칠 푼이요, 나뭇값은 서 돈이다",주된 것보다 부차적인 것이 오히려 비용이 더 많이 듦을 비유적으로 이르는 말. &lt;동의 속담&gt; ‘한 푼짜리 푸닥거리에 두부가 오 푼’,growth,1,1,,602466,https://opendict.korean.go.kr/dictionary/view?sense_no=602466
뒤주 밑이 긁히면 밥맛이 더 난다,"쌀이 이미 없어진 이후에 밥맛이 더 난다는 뜻으로, 무엇이 없어지는 것을 본 뒤면 그것이 더 애석하게 여겨지고 더 간절하게 생각난다는 말. &lt;동의 속담&gt; ‘돈 떨어지자 입맛 난다’",growth,1,1,,602487,https://opendict.korean.go.kr/dictionary/view?sense_no=602487
드러난 상놈[백성]이 울 막고 살랴,아무것도 없음을 세상이 다 아니 구태여 가난한 것을 남부끄럽게 여길 것이 아니라는 말.,growth,1,1,sexual:gray,609475,https://opendict.korean.go.kr/dictionary/view?sense_no=609475
딸 삼 형제 시집보내면 좀도둑도 안 든다,"딸은 시집보내는 비용도 많이 들고 시집간 딸들이 무엇이고 가져가는 버릇이 있기 때문에 도둑도 안 들 정도로 살림이 준다는 뜻으로, 딸이 많으면 재산이 다 줄어든다는 말. &lt;동의 속담&gt; ‘딸 셋을 여의면 기둥뿌리가 팬다’ ‘딸이 셋이면 문을 열어 놓고 잔다’",growth,1,1,,609644,https://opendict.korean.go.kr/dictionary/view?sense_no=609644
딸 셋을 여의면 기둥뿌리가 팬다,"딸은 시집보내는 비용도 많이 들고 시집간 딸들이 무엇이고 가져가는 버릇이 있기 때문에 집의 기둥뿌리가 팰 정도로 살림이 준다는 뜻으로, 딸이 많으면 재산이 다 줄어든다는 말. &lt;동의 속담&gt; ‘딸 삼 형제 시집보내면 좀도둑도 안 든다’ ‘딸이 셋이면 문을 열어 놓고 잔다’",growth,1,1,,609645,https://opendict.korean.go.kr/dictionary/view?sense_no=609645
딸은 예쁜 도적,"딸은 키울 때나 출가한 후에도 아들보다 더 돈이 들고 친정집 세간도 축내지만, 딸에 대한 애정이 커서 그것이 도리어 예쁘게만 보임을 이르는 말.",growth,1,1,,609653,https://opendict.korean.go.kr/dictionary/view?sense_no=609653
딸이 셋이면 문을 열어 놓고 잔다,"딸은 시집보내는 비용도 많이 들고 시집간 딸들이 무엇이고 가져가는 버릇이 있기 때문에 문을 열어 놓고 자도 도둑이 안 들 정도로 살림이 준다는 뜻으로, 딸이 많으면 재산이 다 줄어든다는 말. &lt;동의 속담&gt; ‘딸 삼 형제 시집보내면 좀도둑도 안 든다’ ‘딸 셋을 여의면 기둥뿌리가 팬다’",growth,1,1,,609662,https://opendict.korean.go.kr/dictionary/view?sense_no=609662
땀은 땀대로 흘리고 농사는 풀농사만 짓는다,부지런히 애를 쓰고 힘을 들여도 요령이나 기술이 부족하여 별 성과가 없음을 이르는 말.,growth,1,1,sexual:gray,602650,https://opendict.korean.go.kr/dictionary/view?sense_no=602650
땡전 한 푼[닢] 없다,가진 돈이 한 푼도 없다는 말. &lt;동의 속담&gt; ‘피천 한 닢 없다’ ‘물에 빠져도 주머니밖에 뜰 것이 없다’ ‘쇠천 샐 닢도 없다’ ‘피천 대[반] 푼(도) 없다’ ‘피천 샐 닢 없다’,growth,1,1,violent:gray,616470,https://opendict.korean.go.kr/dictionary/view?sense_no=616470
똥을 주물렀나 손속도 좋다,"똥을 주무르면 재수가 있다는 데서, 노름판에서 운수 좋게 돈을 잘 딴다는 뜻으로 쓰는 말.",growth,1,1,,609536,https://opendict.korean.go.kr/dictionary/view?sense_no=609536
량반 하나면 세 동네가 망한다,‘부자 하나면 세 동네가 망한다’의 북한 속담.,growth,1,1,,602669,https://opendict.korean.go.kr/dictionary/view?sense_no=602669
마당삼을 캐었다,힘들이지 아니하고 무슨 일에 쉽게 성공했다는 말.,growth,1,1,,602699,https://opendict.korean.go.kr/dictionary/view?sense_no=602699
마른나무에 좀먹듯,건강이나 재산이 모르는 사이에 점점 쇠하거나 없어짐을 비유적으로 이르는 말.,growth,1,1,,609806,https://opendict.korean.go.kr/dictionary/view?sense_no=609806
마음에 없으면 보이지도 않는다,생각이나 뜻이 없으면 이루어지는 것이 없음을 이르는 말. &lt;동의 속담&gt; ‘마음에 있어야 꿈도 꾸지’,growth,1,1,sexual:gray,610047,https://opendict.korean.go.kr/dictionary/view?sense_no=610047
마음에 있어야 꿈도 꾸지,생각이나 뜻이 없으면 이루어지는 것이 없음을 이르는 말. &lt;동의 속담&gt; ‘마음에 없으면 보이지도 않는다’,growth,1,1,sexual:gray,610048,https://opendict.korean.go.kr/dictionary/view?sense_no=610048
마음이 지척이면 천 리도 지척이라,서로 정이 깊고 가까우면 멀리 떨어져 있어도 가깝게 느껴짐을 이르는 말.,growth,1,1,sexual:gray,610056,https://opendict.korean.go.kr/dictionary/view?sense_no=610056
만 냥의 돈인들 무슨 소용이냐,아무리 가치 있는 것이라도 직접 이용할 수 없는 경우에는 소용이 없다는 말.,growth,1,1,,602734,https://opendict.korean.go.kr/dictionary/view?sense_no=602734
말뚝 베끼기,"밑천 없이 소의 말뚝만 옮겨 매어 돈을 번다는 데서, 우시장에서 흥정을 붙이고 구전을 받는 중개상을 비유적으로 이르는 말.",growth,1,1,violent:gray,610287,https://opendict.korean.go.kr/dictionary/view?sense_no=610287
말 머리에 태기가 있다,일의 첫머리부터 성공할 기미가 보인다는 말.,growth,1,1,,602752,https://opendict.korean.go.kr/dictionary/view?sense_no=602752
망건 쓰고 귀 안 빼는 사람 있느냐,"망건을 쓰면 누구나 조금이라도 편하게 귀를 내놓는다는 뜻으로, 돈 버는 일이나 먹는 일을 싫어하는 사람은 없음을 비유적으로 이르는 말.",growth,1,1,sexual:gray,602822,https://opendict.korean.go.kr/dictionary/view?sense_no=602822
몸은 개천에 가 있어도 입은 관청에 가 있다,가난한 주제에 잘 먹고 잘 지내려는 경우를 이르는 말.,growth,1,1,,602988,https://opendict.korean.go.kr/dictionary/view?sense_no=602988
몽둥이 깎는 새에 도적놈 다 달아난다,준비하는 시간이 너무 느리고 굼떠서 그것이 아무 쓸모없이 되어 버리는 경우를 비유적으로 이르는 말.,growth,1,1,,603000,https://opendict.korean.go.kr/dictionary/view?sense_no=603000
몽치 깎자 도둑이 뛴다,준비하는 데에 시간을 다 보내고 목적한 바를 이루지 못함을 이르는 말.,growth,1,1,,603039,https://opendict.korean.go.kr/dictionary/view?sense_no=603039
무식하고 돈 없는 놈 술집 담벼락에 술값 긋듯,외상술을 먹고 글자를 몰라 술집 담벼락에 작대기를 그어 술값을 적듯이 작대기를 자꾸 그어 감을 이르는 말.,growth,1,1,,610111,https://opendict.korean.go.kr/dictionary/view?sense_no=610111
문어 제 다리 뜯어먹는 것[격],자기의 밑천이나 재산을 차츰차츰 까먹음을 비유적으로 이르는 말.,growth,1,1,sexual:gray,610658,https://opendict.korean.go.kr/dictionary/view?sense_no=610658
물고기도 큰 강물에 노는 놈이 더 크다,"물이 깊고 큰 강물에서 사는 물고기가 더 크다는 뜻으로, 일반적으로 규모가 큰 생활 환경에서 사는 사람이 보고 듣고 배우는 것이 많으며 생각하는 바가 더 크고 넓음을 비유적으로 이르는 말.",growth,1,1,sexual:gray|violent:gray,603063,https://opendict.korean.go.kr/dictionary/view?sense_no=603063
물에 빠져도 주머니밖에 뜰 것이 없다,가진 돈이 한 푼도 없다는 말. &lt;동의 속담&gt; ‘피천 한 닢 없다’ ‘땡전 한 푼[닢] 없다’ ‘쇠천 샐 닢도 없다’ ‘피천 대[반] 푼(도) 없다’ ‘피천 샐 닢 없다’,growth,1,1,violent:gray,610612,https://opendict.korean.go.kr/dictionary/view?sense_no=610612
물은 흘러야 썩지 않는다,"고인 물이 썩지 흐르는 물은 썩지 아니한다는 뜻으로, 사람은 언제나 일하고 공부하며 단련하여야 시대에 뒤떨어지지 아니하고 또 변질되지 아니함을 비유적으로 이르는 말. &lt;동의 속담&gt; ‘흐르는 물은 썩지 않는다’",growth,1,1,,610626,https://opendict.korean.go.kr/dictionary/view?sense_no=610626
미꾸라지 속에도 부레풀은 있다,"미꾸라지라도 다른 물고기와 마찬가지로 뱃속에 공기주머니인 부레풀이 있다는 뜻으로, 아무리 보잘것없고 가난한 사람이라도 남이 가지고 있는 속도 있고 오기도 있음을 비유적으로 이르는 말.",growth,1,1,sexual:gray,603129,https://opendict.korean.go.kr/dictionary/view?sense_no=603129
미련이 담벼락 뚫는다,미련한 사람이 오히려 끈기가 있음을 비유적으로 이르는 말.,growth,1,1,sexual:gray,610262,https://opendict.korean.go.kr/dictionary/view?sense_no=610262
밉다니까 돈 꿔 달란다,미운 사람은 하는 짓마다 더 밉게만 보임을 비유적으로 이르는 말. &lt;동의 속담&gt; ‘밉다니까 저고리 안 고름감 사 달란다’,growth,1,1,,610982,https://opendict.korean.go.kr/dictionary/view?sense_no=610982
밉다니까 저고리 안 고름감 사 달란다,미운 사람은 하는 짓마다 더 밉게만 보임을 비유적으로 이르는 말. &lt;동의 속담&gt; ‘밉다니까 돈 꿔 달란다’,growth,1,1,,610986,https://opendict.korean.go.kr/dictionary/view?sense_no=610986
바쁘게 찧는 방아에도 손 놀 틈이 있다,"아무리 바삐 방아를 찧는 속에서도 손으로 방아확 안의 낟알을 고루 펴 줄 만한 시간적 여유는 있다는 뜻으로, 아무리 분주한 때라도 틈을 낼 수 있음을 비유적으로 이르는 말. &lt;동의 속담&gt; ‘사침에도 용수가 있다’ ‘세우 찧는 절구에도 손 들어갈 때 있다’",growth,1,1,sexual:gray,610794,https://opendict.korean.go.kr/dictionary/view?sense_no=610794
반찬단지에 고양이 발 드나들듯,"반찬단지에 고양이가 부지런히 드나든다는 뜻으로, 매우 자주 드나드는 모양을 비유적으로 이르는 말. &lt;동의 속담&gt; ‘조개젓 단지에 괭이 발 드나들듯’ ‘풀 방구리에 쥐 드나들듯’ ‘팥죽 단지에 생쥐 달랑거리듯’",growth,1,1,violent:gray,610424,https://opendict.korean.go.kr/dictionary/view?sense_no=610424
발바닥이 두터우면 배가죽도 두텁다,발바닥이 두꺼워지도록 부지런히 일을 하게 되면 그만큼 풍족한 생활을 누리게 됨을 비유적으로 이르는 말.,growth,1,1,violent:gray,603306,https://opendict.korean.go.kr/dictionary/view?sense_no=603306
밥을 강원도 금강산 바라보듯 한다,"옛날에 살림이 몹시 가난하여 남이 먹는 것을 멍청히 바라보기만 했다는 뜻으로, 자주 굶게 됨을 비유적으로 이르는 말.",growth,1,1,,611091,https://opendict.korean.go.kr/dictionary/view?sense_no=611091
밥함지 옆에서도 굶어 죽겠다,"밥이 담겨 있는 밥함지를 옆에 놓고도 먹지 못하고 굶어서 죽겠다는 뜻으로, 수완이 없고 몹시 게으른 사람을 비꼬는 말. &lt;동의 속담&gt; ‘부뚜막에 앉아 굶어 죽겠다’",growth,1,1,violent:gray,611100,https://opendict.korean.go.kr/dictionary/view?sense_no=611100
배고픈 호랑이가 원님을 알아보나,"배고픈 호랑이가 원님이라고 사정을 보아주지 아니한다는 뜻으로, 사람이 극히 가난하고 굶주리는 지경에 이르면 아무것도 가리지 않고 분별없는 짓까지 마구 하게 됨을 비유적으로 이르는 말.",growth,1,1,,611184,https://opendict.korean.go.kr/dictionary/view?sense_no=611184
뱃사공의 닻줄 감듯,내렸던 닻을 올리느라고 뱃사공이 부지런히 닻줄을 감듯이 무엇인가를 휘휘 잘 감는 모양을 비유적으로 이르는 말.,growth,1,1,,610939,https://opendict.korean.go.kr/dictionary/view?sense_no=610939
버는 자랑 말고 쓰는 자랑 하랬다,돈을 모으려면 저축을 잘해야 됨을 비유적으로 이르는 말.,growth,1,1,,603404,https://opendict.korean.go.kr/dictionary/view?sense_no=603404
벋어 가는 칡도 한(限)이 있다,"칡이 기세 좋게 벋어 나가지만 그것도 한계가 있다는 뜻으로, 무엇이나 성하는 것도 한도가 있음을 이르는 말. &lt;동의 속담&gt; ‘부자도 한이 있다’",growth,1,1,sexual:gray,610930,https://opendict.korean.go.kr/dictionary/view?sense_no=610930
벌거벗은 손님이 더 어렵다,"벌거벗은 손님, 곧 어린 손님이나 가난한 사람을 대접하기가 더 어렵다는 말.",growth,1,1,,603486,https://opendict.korean.go.kr/dictionary/view?sense_no=603486
범을 보니 무섭고 범 가죽을 보니 탐난다,힘든 노력은 하기 싫고 그 이득은 욕심이 난다는 말.,growth,1,1,violent:gray,610482,https://opendict.korean.go.kr/dictionary/view?sense_no=610482
변소에 기와 올리고 살겠다,인색하게 굴어도 큰 부자는 못 됨을 비꼬는 말.,growth,1,1,sexual:gray,611307,https://opendict.korean.go.kr/dictionary/view?sense_no=611307
봄에 하루 놀면 겨울에 열흘 굶는다,"한 해 농사의 첫 시작인 봄철에 씨를 뿌릴 때에 게으름을 부리면 그만큼 농사가 안되어 열흘을 굶는다는 뜻으로, 봄철 농사가 매우 중요함을 비유적으로 이르는 말.",growth,1,1,violent:gray,611276,https://opendict.korean.go.kr/dictionary/view?sense_no=611276
부귀빈천이 물레바퀴 돌듯,"운이 나쁜 사람도 좋은 수를 만날 수 있고 운이 좋은 사람도 늘 좋기만 하는 것이 아니라 어려운 시기가 있다는 말로, 세상사는 늘 돌고 돈다는 말. &lt;동의 속담&gt; ‘음지가 양지 되고 양지가 음지 된다’ ‘귀천궁달이 수레바퀴다’ ‘빈부귀천이 물레바퀴 돌듯’ ‘양지가 음지 되고 음지가 양지 된다’ ‘흥망성쇠와 부귀빈천이 물레바퀴 돌듯 한다’",growth,1,1,sexual:gray,603654,https://opendict.korean.go.kr/dictionary/view?sense_no=603654
부뚜막 농사를 잘해야 낟알이 흔해진다,부엌살림을 야무지게 하고 낟알을 절약하여야 식량이 여유 있음을 비유적으로 이르는 말.,growth,1,1,sexual:gray,603662,https://opendict.korean.go.kr/dictionary/view?sense_no=603662
부뚜막에 앉아 굶어 죽겠다,"밥이 있는 부뚜막에 앉아서도 먹지 못하고 굶어서 죽겠다는 뜻으로, 수완이 없고 몹시 게으른 사람을 비꼬는 말. &lt;동의 속담&gt; ‘밥함지 옆에서도 굶어 죽겠다’",growth,1,1,violent:gray,603665,https://opendict.korean.go.kr/dictionary/view?sense_no=603665
부러진 칼자루에 옻칠하기,"부러져서 쓸모없이 된 칼자루에 옻칠을 한다는 뜻으로, 쓸데없는 일에 노력을 하는 경우를 비유적으로 이르는 말.",growth,1,1,violent:gray,611249,https://opendict.korean.go.kr/dictionary/view?sense_no=611249
부엌에서 숟가락을 얻었다,대단치 아니한 일을 하여 놓고 성공이나 한 듯이 자랑함을 비유적으로 이르는 말. &lt;동의 속담&gt; ‘살강 밑에서 숟가락 얻었다[주웠다]’,growth,1,1,,603727,https://opendict.korean.go.kr/dictionary/view?sense_no=603727
부자가 될수록 욕심이 늘어난다,탐욕에는 끝이 없음을 이르는 말.,growth,1,1,sexual:gray,611004,https://opendict.korean.go.kr/dictionary/view?sense_no=611004
부자가 삼대를 못 가고 빈자가 삼대를 안 간다,모든 것은 고정적인 것이 아니라 변하는 것임을 비유적으로 이르는 말.,growth,1,1,,611005,https://opendict.korean.go.kr/dictionary/view?sense_no=611005
부자 몸 조심,유리한 처지에서는 모험을 피하고 되도록 안전을 꾀함을 비유적으로 이르는 말.,growth,1,1,violent:gray,611001,https://opendict.korean.go.kr/dictionary/view?sense_no=611001
부자집 떡 도르듯,물건을 마지못하여 나누어 주는 모양을 비유적으로 이르는 말.,growth,1,1,,603728,https://opendict.korean.go.kr/dictionary/view?sense_no=603728
부잣집 떡개는 작다,부자일수록 더 인색함을 이르는 말.,growth,1,1,sexual:gray,603734,https://opendict.korean.go.kr/dictionary/view?sense_no=603734
부지런한 벌은 슬퍼하지 않는다,일에 충실한 사람은 비관하거나 불평하지 아니함을 비유적으로 이르는 말.,growth,1,1,,611445,https://opendict.korean.go.kr/dictionary/view?sense_no=611445
북어 껍질 오그라들듯,일마다 이루어지지 아니하거나 발전이 없고 점점 오그라들기만 하는 경우를 비유적으로 이르는 말. &lt;동의 속담&gt; ‘불탄 개가죽 같다’ ‘불탄 쇠가죽 오그라들듯’ ‘불탄 조기 껍질 같다’,growth,1,1,violent:gray,611529,https://opendict.korean.go.kr/dictionary/view?sense_no=611529
불탄 개가죽 같다,일마다 이루어지지 아니하거나 발전이 없고 점점 오그라들기만 하는 경우를 비유적으로 이르는 말. &lt;동의 속담&gt; ‘북어 껍질 오그라들듯’ ‘불탄 쇠가죽 오그라들듯’ ‘불탄 조기 껍질 같다’,growth,1,1,violent:gray,603624,https://opendict.korean.go.kr/dictionary/view?sense_no=603624
불탄 쇠가죽 오그라들듯,일마다 이루어지지 아니하거나 발전이 없고 점점 오그라들기만 하는 경우를 비유적으로 이르는 말. &lt;동의 속담&gt; ‘불탄 개가죽 같다’ ‘북어 껍질 오그라들듯’ ‘불탄 조기 껍질 같다’,growth,1,1,violent:gray,603625,https://opendict.korean.go.kr/dictionary/view?sense_no=603625
불탄 조기 껍질 같다,일마다 이루어지지 아니하거나 발전이 없고 점점 오그라들기만 하는 경우를 비유적으로 이르는 말. &lt;동의 속담&gt; ‘불탄 개가죽 같다’ ‘북어 껍질 오그라들듯’ ‘불탄 쇠가죽 오그라들듯’,growth,1,1,violent:gray,603626,https://opendict.korean.go.kr/dictionary/view?sense_no=603626
비단옷 입고 고향 간다,뜻을 품고 고향을 떠났던 사람이 크게 성공하여 의기양양하게 고향으로 돌아감을 비유적으로 이르는 말.,growth,1,1,,611413,https://opendict.korean.go.kr/dictionary/view?sense_no=611413
비단 한 필을 하루에 짜려 말고 한 식구를 줄여라,"수입을 늘리려고 무리하게 일하는 것보다 꼭 필요한 사람 외에는 두지 않는 것이 오히려 낫다는 뜻으로, 지출을 줄이는 것이 경제적으로 더 현명한 것임을 비유적으로 이르는 말. &lt;동의 속담&gt; ‘열 식구 벌지[벌려] 말고 한 입 덜라’",growth,1,1,,611579,https://opendict.korean.go.kr/dictionary/view?sense_no=611579
빈부귀천이 물레바퀴 돌듯,"운이 나쁜 사람도 좋은 수를 만날 수 있고 운이 좋은 사람도 늘 좋기만 하는 것이 아니라 어려운 시기가 있다는 말로, 세상사는 늘 돌고 돈다는 말. &lt;동의 속담&gt; ‘음지가 양지 되고 양지가 음지 된다’ ‘귀천궁달이 수레바퀴다’ ‘부귀빈천이 물레바퀴 돌듯’ ‘양지가 음지 되고 음지가 양지 된다’ ‘흥망성쇠와 부귀빈천이 물레바퀴 돌듯 한다’",growth,1,1,sexual:gray,611515,https://opendict.korean.go.kr/dictionary/view?sense_no=611515
사돈 남 나무란다,자기도 같은 잘못을 했으면서 제 잘못은 제쳐 두고 남의 잘못만 나무란다는 말.,growth,1,1,,603966,https://opendict.korean.go.kr/dictionary/view?sense_no=603966
사돈집 외 먹기도 각각,집집마다 가풍이 다름을 비유적으로 이르는 말.,growth,1,1,,604011,https://opendict.korean.go.kr/dictionary/view?sense_no=604011
사람과 그릇은 많을수록 좋다,사람의 노력이나 그릇은 많으면 많을수록 그만큼 쓸모가 있음을 이르는 말.,growth,1,1,sexual:gray,611617,https://opendict.korean.go.kr/dictionary/view?sense_no=611617
사람 번지는 것은 모른다,사람은 몰라보게 크게 발전할 수도 있고 또한 반대로 크게 잘못될 수도 있기 때문에 그것을 미리 헤아려 알기는 어려움을 비유적으로 이르는 말.,growth,1,1,,611603,https://opendict.korean.go.kr/dictionary/view?sense_no=611603
산에 가야 범을 잡지,"범은 산에 가야 잡을 수 있다는 뜻으로, 목적하는 방향을 제대로 잡아 노력하여야만 그 목적을 제대로 이룰 수 있음을 비유적으로 이르는 말. &lt;동의 속담&gt; ‘산엘 가야 꿩을 잡고 바다엘 가야 고기를 잡는다’",growth,1,1,sexual:gray,603847,https://opendict.korean.go.kr/dictionary/view?sense_no=603847
산엘 가야 꿩을 잡고 바다엘 가야 고기를 잡는다,"꿩은 산에 가야 잡을 수 있고, 고기는 바다에 가야 잡을 수 있다는 뜻으로, 목적하는 방향을 제대로 잡아 노력하여야만 그 목적을 제대로 이룰 수 있음을 비유적으로 이르는 말. &lt;동의 속담&gt; ‘산에 가야 범을 잡지’",growth,1,1,sexual:gray,603850,https://opendict.korean.go.kr/dictionary/view?sense_no=603850
살강 밑에서 숟가락 얻었다[주웠다],대단치 아니한 일을 하여 놓고 성공이나 한 듯이 자랑함을 비유적으로 이르는 말. &lt;동의 속담&gt; ‘부엌에서 숟가락을 얻었다’,growth,1,1,,603962,https://opendict.korean.go.kr/dictionary/view?sense_no=603962
살림하는 녀편네가 손이 크다,살림하는 여자가 헤프게 살림하여 낭비를 많이 함을 이르는 말.,growth,1,1,,612207,https://opendict.korean.go.kr/dictionary/view?sense_no=612207
상놈의 발 덕 양반의 글 덕,양반은 학식 덕으로 살아가고 학식 없는 상놈은 발로 걷고 노동하여 살아감을 이르는 말.,growth,1,1,,611811,https://opendict.korean.go.kr/dictionary/view?sense_no=611811
상농은 밭을 가꾸고 중농은 곡식을 가꾸고 하농은 풀을 가꾼다,진짜 농사를 잘 짓는 농사꾼은 밭을 기름지게 가꾸는 반면 농사를 못 짓는 사람일수록 쓸데없는 풀만 가꿈을 이르는 말.,growth,1,1,,604021,https://opendict.korean.go.kr/dictionary/view?sense_no=604021
상여 메고 가다가 귀청 후빈다,일을 끝까지 성실하게 하지 않고 도중에 엉뚱한 데 정신을 팖을 핀잔하는 말.,growth,1,1,,604194,https://opendict.korean.go.kr/dictionary/view?sense_no=604194
상투가 국수버섯 솟듯,"상투가 더부룩하게 솟아오르는 국수버섯처럼 우뚝하다는 뜻으로, 의기양양하여 지나치게 우쭐거리는 모양을 비유적으로 이르는 말.",growth,1,1,,611748,https://opendict.korean.go.kr/dictionary/view?sense_no=611748
새도 가지를 가려서 앉는다,"새조차도 앉을 때 가지를 고르고 가려서 앉는다는 뜻으로, 친구를 사귀거나 직업을 택하는 데에도 신중하게 잘 가려서 택해야 한다는 말.",growth,1,1,,604183,https://opendict.korean.go.kr/dictionary/view?sense_no=604183
새망에 기러기 걸린다,정작 하려고 노력하는 일은 되지 않고 다른 일이 된 경우를 비유적으로 이르는 말. &lt;동의 속담&gt; ‘참새 그물에 기러기 걸린다’,growth,1,1,,604209,https://opendict.korean.go.kr/dictionary/view?sense_no=604209
새벽 호랑이(다),"활동할 때를 잃어 깊은 산에 들어가야 할 호랑이라는 뜻으로, 세력을 잃고 물러나게 된 신세임을 비유적으로 이르는 말.",growth,1,1,violent:gray,612030,https://opendict.korean.go.kr/dictionary/view?sense_no=612030
생쥐 볼가심할 것도 없다,"조그마한 생쥐가 입가심할 정도의 먹을 것도 없다는 뜻으로, 먹을 것이라고는 아무것도 없고 몹시 가난함을 비유적으로 이르는 말.",growth,1,1,,611857,https://opendict.korean.go.kr/dictionary/view?sense_no=611857
서 발 막대[장대] 거칠 것 없다,"서 발이나 되는 긴 막대를 휘둘러도 아무것도 거치거나 걸릴 것이 없다는 뜻으로, 가난한 집안이라 세간이 아무것도 없음을 비유적으로 이르는 말. &lt;동의 속담&gt; ‘휑한 빈집에서 서 발 막대 거칠 것 없다’",growth,1,1,sexual:gray,604108,https://opendict.korean.go.kr/dictionary/view?sense_no=604108
석수장이 눈깜작이부터 배운다,처음에는 쉽고 낮은 기술부터 배우게 됨을 비유적으로 이르는 말.,growth,1,1,sexual:gray,604124,https://opendict.korean.go.kr/dictionary/view?sense_no=604124
석숭의 재물도 하루아침,석숭의 재물과 같이 큰 재산도 쉽게 없어진다는 말.,growth,1,1,,604125,https://opendict.korean.go.kr/dictionary/view?sense_no=604125
선가 없는 놈이 배에 먼저 오른다,"뱃삯으로 낼 돈도 없는 주제에 배에는 염치없이 먼저 오른다는 뜻으로, 실력 없는 사람이 오히려 실력 있는 사람보다 앞서서 덤벙대거나 서두름을 놀림조로 이르는 말.",growth,1,1,,612062,https://opendict.korean.go.kr/dictionary/view?sense_no=612062
섣달이 둘[열아홉]이라도 시원치 않다,"섣달이 아무리 많아도 모자란다는 뜻으로, 시일을 아무리 늦추어도 일의 성공을 기약하기 어려운 경우를 비유적으로 이르는 말.",growth,1,1,,604267,https://opendict.korean.go.kr/dictionary/view?sense_no=604267
섬 틈에 오쟁이 끼겠나,"볏섬을 쌓고 그 사이사이에 또 오쟁이까지 끼워 둘 셈이냐는 뜻으로, 재산 있는 사람이 더 무섭게 재물을 아끼고 탐하는 경우를 비유적으로 이르는 말.",growth,1,1,,604283,https://opendict.korean.go.kr/dictionary/view?sense_no=604283
성(을) 쌓다 망한다,성을 쌓느라고 백성을 들볶고 국고를 낭비하다가 망하고 말았다는 말.,growth,1,1,,604289,https://opendict.korean.go.kr/dictionary/view?sense_no=604289
세 살에 도리질한다,학문의 진도나 사업의 경영이 남보다 늦음을 비유적으로 이르는 말.,growth,1,1,sexual:gray,604336,https://opendict.korean.go.kr/dictionary/view?sense_no=604336
세우 찧는 절구에도 손 들어갈 때 있다,"아무리 바삐 방아를 찧는 속에서도 손으로 방아확 안의 낟알을 고루 펴 줄 만한 시간적 여유는 있다는 뜻으로, 아무리 분주한 때라도 틈을 낼 수 있음을 비유적으로 이르는 말. &lt;동의 속담&gt; ‘바쁘게 찧는 방아에도 손 놀 틈이 있다’ ‘사침에도 용수가 있다’",growth,1,1,sexual:gray,611862,https://opendict.korean.go.kr/dictionary/view?sense_no=611862
세월이 가는지 오는지도 모른다,어떤 일에 정신이 팔려 시간이 얼마나 흘렀는지도 모름을 비유적으로 이르는 말.,growth,1,1,,604166,https://opendict.korean.go.kr/dictionary/view?sense_no=604166
세월이 약,아무리 가슴 아프고 속에 맺혔던 일도 시간이 흐르고 나면 자연히 잊게 된다는 말.,growth,1,1,sexual:gray,604167,https://opendict.korean.go.kr/dictionary/view?sense_no=604167
소 궁둥이에다 꼴을 던진다,몹시 둔하여 깨닫지 못할 사람에게는 아무리 교육을 시켜도 효능이 없음을 비유적으로 이르는 말.,growth,1,1,sexual:gray,612595,https://opendict.korean.go.kr/dictionary/view?sense_no=612595
소금 먹던 게 장을 먹으면 조갈병에 죽는다,"소금만 먹던 이가 장맛을 보고는 좋다고 너무 먹다가 조갈이 든다는 뜻으로, 없이 살던 사람이 돈이 좀 생기면 사치에 빠지기 쉽다는 말.",growth,1,1,violent:gray,612038,https://opendict.korean.go.kr/dictionary/view?sense_no=612038
소금이 쉴 때까지 해보자,시간이 오래 걸리더라도 어떤 일에 대하여 반드시 끝장을 내겠다는 말.,growth,1,1,,612056,https://opendict.korean.go.kr/dictionary/view?sense_no=612056
손끝이 거름,"사람의 손이 많이 간 논밭은 좋은 거름을 친 것만큼 효과가 있다는 뜻으로, 손발을 놀려서 부지런히 일하는 것이 농사에서 가장 중요함을 비유적으로 이르는 말.",growth,1,1,,612556,https://opendict.korean.go.kr/dictionary/view?sense_no=612556
손바닥에서 자갈 소리 난다,"손바닥이 굳어져서 비빌 때 나는 소리가 자갈 만지는 것 같다는 뜻으로, 노동으로 손바닥이 굳어짐을 비유적으로 이르는 말.",growth,1,1,,612305,https://opendict.korean.go.kr/dictionary/view?sense_no=612305
솔개 어물전 돌듯,"솔개가 생선에 눈독을 들여 생선 가게 위를 맴돈다는 뜻으로, 어떤 것에 재미가 들려 그 자리를 뜨지 못하고 빙빙 도는 경우를 이르는 말.",growth,1,1,,612069,https://opendict.korean.go.kr/dictionary/view?sense_no=612069
솔 심어 정자라,"솔의 씨를 심어서 소나무가 자란 다음에 그것을 풍치 삼아 정자를 짓거나 또는 그것을 베어 정자를 짓는다는 뜻으로, 어떤 일을 시작하여 성공하기까지는 너무도 까마득함을 비유적으로 이르는 말.",growth,1,1,sexual:gray,612311,https://opendict.korean.go.kr/dictionary/view?sense_no=612311
솥 속의 콩도 쪄야 익지,"솥 속에 넣은 콩도 불을 때서 찌거나 끓여야 익는 법이라는 뜻으로, 아무리 유리한 조건에 있다 할지라도 힘써 노력하지 않으면 아무것도 이루어지지 않음을 이르는 말.",growth,1,1,sexual:gray,612287,https://opendict.korean.go.kr/dictionary/view?sense_no=612287
쇠 먹는 줄,돈이 많이 생기는 일을 비유적으로 이르는 말.,growth,1,1,,612408,https://opendict.korean.go.kr/dictionary/view?sense_no=612408
쇠천 샐 닢도 없다,가진 돈이 한 푼도 없다는 말. &lt;동의 속담&gt; ‘피천 한 닢 없다’ ‘땡전 한 푼[닢] 없다’ ‘물에 빠져도 주머니밖에 뜰 것이 없다’ ‘피천 대[반] 푼(도) 없다’ ‘피천 샐 닢 없다’,growth,1,1,violent:gray,604474,https://opendict.korean.go.kr/dictionary/view?sense_no=604474
숟갈 한 단 못 세는 사람이 살림은 잘한다,숟갈 한 단도 못 셀 정도로 좀 미련해 보이는 여자가 오히려 다른 생각 없이 살림을 꾸준히 잘한다는 말.,growth,1,1,,604495,https://opendict.korean.go.kr/dictionary/view?sense_no=604495
술 담배 참아 소 샀더니 호랑이가 물어 갔다,돈을 모으기만 할 것이 아니라 쓸데는 써야 한다는 말.,growth,1,1,,604442,https://opendict.korean.go.kr/dictionary/view?sense_no=604442
술은 해장에 망하고 투전은 본전 추다 망한다,"술꾼은 해장술을 마신다며 자꾸 술을 마시다 몸을 버리고, 투전꾼은 본전이나 찾는다며 계속 노름을 하다가 재산을 탕진하게 된다는 말.",growth,1,1,,604462,https://opendict.korean.go.kr/dictionary/view?sense_no=604462
시앗을 보면 길가의 돌부처도 돌아앉는다,남편이 첩을 보면 아무리 무던한 부인도 화를 낸다는 말. &lt;동의 속담&gt; ‘돌부처도 꿈적인다’ ‘길 아래 돌부처도 돌아앉는다’,growth,1,1,sexual:gray,604546,https://opendict.korean.go.kr/dictionary/view?sense_no=604546
시작이 반이다,무슨 일이든지 시작하기가 어렵지 일단 시작하면 일을 끝마치기는 그리 어렵지 아니함을 비유적으로 이르는 말.,growth,1,1,,604548,https://opendict.korean.go.kr/dictionary/view?sense_no=604548
신선놀음에 도낏자루 썩는 줄 모른다,"어떤 나무꾼이 신선들이 바둑 두는 것을 정신없이 보다가 제정신이 들어보니 세월이 흘러 도낏자루가 다 썩었다는 데서, 아주 재미있는 일에 정신이 팔려서 시간 가는 줄 모르는 경우를 비유적으로 이르는 말. &lt;동의 속담&gt; ‘도낏자루 썩는 줄 모른다’",growth,1,1,sexual:gray,604635,https://opendict.korean.go.kr/dictionary/view?sense_no=604635
십년공부 도로 아미타불,오랫동안 공들여 해 온 일이 허사가 된 경우를 비유적으로 이르는 말.,growth,1,1,,604631,https://opendict.korean.go.kr/dictionary/view?sense_no=604631
싸라기 쌀 한 말에 칠 푼 오 리라도 오 리 없어 못 먹더라,아무리 작은 돈이라도 우습게 여기지 말고 소중하게 써야 함을 비유적으로 이르는 말.,growth,1,1,,604693,https://opendict.korean.go.kr/dictionary/view?sense_no=604693
쌀뒤주가 차고 쌀독이 넘어 나야 부자라고 한다,개인이나 국가나 식량이 풍부해야 실제로 잘산다고 할 수 있음을 비유적으로 이르는 말.,growth,1,1,sexual:gray,604831,https://opendict.korean.go.kr/dictionary/view?sense_no=604831
쌀 한 알 보고 뜨물 한 동이 마신다,적은 이익을 위하여 노력이나 경비가 지나치게 많이 들어감을 비유적으로 이르는 말.,growth,1,1,,612814,https://opendict.korean.go.kr/dictionary/view?sense_no=612814
씨가 따로 있나,높은 자리에 오르는 것은 가문이나 혈통 따위에 따른 것이 아니라 자신의 능력에 따른 것임을 이르는 말. &lt;동의 속담&gt; ‘왕후장상이 씨가 있나’,growth,1,1,,612885,https://opendict.korean.go.kr/dictionary/view?sense_no=612885
아들 못난 건 제집만 망하고 딸 못난 건 양 사돈이 망한다,여자가 못되어 먹으면 친가와 시가가 모두 망하게 된다는 말.,growth,1,1,,604717,https://opendict.korean.go.kr/dictionary/view?sense_no=604717
아이가 셋이면 석 자 가시가 걸리지 않는다,가난하고 아이가 많은 집에서는 먹을 것이 없기 때문에 어머니는 가시조차 먹을 것이 없다는 말.,growth,1,1,,613026,https://opendict.korean.go.kr/dictionary/view?sense_no=613026
악으로 모은 살림 악으로 망한다,나쁜 짓을 하여 모은 재산은 오래가지도 못할 뿐 아니라 도리어 해롭게 된다는 말.,growth,1,1,,604805,https://opendict.korean.go.kr/dictionary/view?sense_no=604805
안 살이 내 살이면 천 리라도 찾아가고 밭 살이 내 살이면 십 리라도 가지 마라,"출가하여 사는 부인들이 친정 식구는 매우 반겨서 극진히 대접하나, 시댁 식구는 달갑지 않게 여기고 대접도 소홀히 함을 비유적으로 이르는 말.",growth,1,1,violent:gray,604675,https://opendict.korean.go.kr/dictionary/view?sense_no=604675
앉아 삼천 리 서서 구만 리,앞일을 훤히 내다보는 경우를 비유적으로 이르는 말.,growth,1,1,,612724,https://opendict.korean.go.kr/dictionary/view?sense_no=612724
앉아서 먹으면 태산도 못 당한다,일하지 아니하고 앉아서 까먹기만 하면 아무리 큰 재산이라도 당해 낼 수가 없음을 비유적으로 이르는 말.,growth,1,1,sexual:gray,612727,https://opendict.korean.go.kr/dictionary/view?sense_no=612727
앉아 주고 서서 받는다,빌려주기는 쉬우나 돌려받기는 어려움을 비유적으로 이르는 말. &lt;동의 속담&gt; ‘앉아 준 돈 서서도 못 받는다’,growth,1,1,,612725,https://opendict.korean.go.kr/dictionary/view?sense_no=612725
앉아 준 돈 서서도 못 받는다,빌려주기는 쉬우나 돌려받기는 어려움을 비유적으로 이르는 말. &lt;동의 속담&gt; ‘앉아 주고 서서 받는다’,growth,1,1,,612726,https://opendict.korean.go.kr/dictionary/view?sense_no=612726
앉은뱅이가 서면 천 리를 가나,능력도 없고 수단도 없는 사람이 장차 큰일을 할 것처럼 떠들고 다닐 때 놀림조로 이르는 말.,growth,1,1,,613199,https://opendict.korean.go.kr/dictionary/view?sense_no=613199
알기는 채쟁이 송곳 끝 같다,"체를 맬 때 직업적으로 체를 매는 사람의 송곳 끝이 어김이 없다는 데서, 어떤 일이든지 잘 알아맞히는 사람을 비유적으로 이르는 말.",growth,1,1,violent:gray,604749,https://opendict.korean.go.kr/dictionary/view?sense_no=604749
앞에서 꼬리 치는 개가 후에 발뒤꿈치 문다,앞에 와서 좋은 말만 하고 살살 비위를 맞추기에 급급한 사람일수록 보이지 않는 데서는 험담을 하고 모해함을 비유적으로 이르는 말.,growth,1,1,,613127,https://opendict.korean.go.kr/dictionary/view?sense_no=613127
약은 빚내어서라도 먹어라,사람에게는 건강이 제일이니 약을 지어 먹는 데 돈을 아깝게 여기지 말고 제때에 먹으라는 말.,growth,1,1,,613151,https://opendict.korean.go.kr/dictionary/view?sense_no=613151
양반은 물에 빠져도 개헤엄은 안 한다,아무리 위급한 때라도 체면을 유지하려고 노력한다는 말.,growth,1,1,,613225,https://opendict.korean.go.kr/dictionary/view?sense_no=613225
양반은 안 먹어도 긴 트림,양반은 가난해서 식사를 못했더라도 마치 배불리 먹은 것처럼 길게 트림하는 법이라는 말.,growth,1,1,,613227,https://opendict.korean.go.kr/dictionary/view?sense_no=613227
양반 파립 쓰고 한 번 대변 보긴 예사,돈이 있고 세력이 있는 사람이 염치없는 짓을 하는 것은 흔히 있는 일이라는 말.,growth,1,1,,613223,https://opendict.korean.go.kr/dictionary/view?sense_no=613223
양은 쟁개비 끓듯,"양은 쟁개비가 불에 올려놓자마자 끓다가는 내려놓으면 곧 식고 만다는 뜻으로, 어떤 일을 할 때에 꾸준하지 못하고 처음에 얼마간 부글부글 끓듯이 열성을 내다가 금방 식어 버림을 비유적으로 이르는 말.",growth,1,1,sexual:gray,604947,https://opendict.korean.go.kr/dictionary/view?sense_no=604947
양지가 음지 되고 음지가 양지 된다,"운이 나쁜 사람도 좋은 수를 만날 수 있고 운이 좋은 사람도 늘 좋기만 하는 것이 아니라 어려운 시기가 있다는 말로, 세상사는 늘 돌고 돈다는 말. &lt;동의 속담&gt; ‘음지가 양지 되고 양지가 음지 된다’ ‘귀천궁달이 수레바퀴다’ ‘부귀빈천이 물레바퀴 돌듯’ ‘빈부귀천이 물레바퀴 돌듯’ ‘흥망성쇠와 부귀빈천이 물레바퀴 돌듯 한다’",growth,1,1,sexual:gray,613255,https://opendict.korean.go.kr/dictionary/view?sense_no=613255
어느 구름에 눈이 들며 어느 구름에 비가 들었나,언제 무엇이 어떻게 될지 미래의 일에 대하여는 모른다는 말. &lt;동의 속담&gt; ‘어느 구름에(서) 비가 올지’,growth,1,1,,613290,https://opendict.korean.go.kr/dictionary/view?sense_no=613290
어느 구름에(서) 비가 올지,언제 무엇이 어떻게 될지 미래의 일에 대하여는 모른다는 말. &lt;동의 속담&gt; ‘어느 구름에 눈이 들며 어느 구름에 비가 들었나’,growth,1,1,,613292,https://opendict.korean.go.kr/dictionary/view?sense_no=613292
어린아이와 늙은이의 살은 한 밥에 오르고 한 밥에 내린다,어린아이와 늙은이는 한두 끼 잘 먹고 못 먹는 데 따라서 몸이 좋아지고 나빠진다는 말.,growth,1,1,,613504,https://opendict.korean.go.kr/dictionary/view?sense_no=613504
얼음 에 잉어,매우 사랑스럽고 소중한 것을 비유적으로 이르는 말. &lt;동의 속담&gt; ‘새벽바람 사초롱’,growth,1,1,sexual:gray|violent:gray,604899,https://opendict.korean.go.kr/dictionary/view?sense_no=604899
업족제비가 비행기를 탔다,"집의 재산을 늘려 준다고 하는 업족제비가 비행기를 타고 멀리 가 버렸다는 뜻으로, 집안이 망하여 모든 일이 잘 안된 경우를 비유적으로 이르는 말.",growth,1,1,,613278,https://opendict.korean.go.kr/dictionary/view?sense_no=613278
여름에 하루 놀면 겨울에 열흘 굶는다,"농사에서는 특히 여름에 부지런히 일하여야 하듯이, 뒷일을 생각하여 한시라도 게을리해서는 안 됨을 비유적으로 이르는 말.",growth,1,1,,613324,https://opendict.korean.go.kr/dictionary/view?sense_no=613324
여수가 밑천이다,꾼 돈은 반드시 제 날짜에 갚아야 신용을 얻게 되고 다음에 또 거래를 할 수 있게 된다는 말.,growth,1,1,sexual:gray,604983,https://opendict.korean.go.kr/dictionary/view?sense_no=604983
열두 가지 재주에 저녁거리가 (간데)없다,재주가 여러 방면으로 많은 사람은 한 가지 재주만 가진 사람보다 성공하기 어렵다는 말.,growth,1,1,,613446,https://opendict.korean.go.kr/dictionary/view?sense_no=613446
열 번 갈아서 안 드는 도끼가 없다,무슨 일이나 꾸준히 공을 들이면 소기의 성과를 거두게 됨을 이르는 말.,growth,1,1,,613411,https://opendict.korean.go.kr/dictionary/view?sense_no=613411
열 식구 벌지[벌려] 말고 한 입 덜라,"수입을 늘리려고 무리하게 일하는 것보다 꼭 필요한 사람 외에는 두지 않는 것이 오히려 낫다는 뜻으로, 지출을 줄이는 것이 경제적으로 더 현명한 것임을 비유적으로 이르는 말. &lt;동의 속담&gt; ‘비단 한 필을 하루에 짜려 말고 한 식구를 줄여라’",growth,1,1,,613443,https://opendict.korean.go.kr/dictionary/view?sense_no=613443
열이 상투 끝까지 오르다,매우 화가 났다는 말.,growth,1,1,violent:gray,613463,https://opendict.korean.go.kr/dictionary/view?sense_no=613463
옥도 갈아야 빛이 난다,고생을 겪으며 노력을 기울여야 뜻한 바를 이룰 수 있다는 말. &lt;동의 속담&gt; ‘옥석도 닦아야 빛이 난다’,growth,1,1,,605116,https://opendict.korean.go.kr/dictionary/view?sense_no=605116
옥석도 닦아야 빛이 난다,고생을 겪으며 노력을 기울여야 뜻한 바를 이룰 수 있다는 말. &lt;동의 속담&gt; ‘옥도 갈아야 빛이 난다’,growth,1,1,,613671,https://opendict.korean.go.kr/dictionary/view?sense_no=613671
왕후장상이 씨가 있나,높은 자리에 오르는 것은 가문이나 혈통 따위에 따른 것이 아니라 자신의 능력에 따른 것임을 이르는 말. &lt;동의 속담&gt; ‘씨가 따로 있나’,growth,1,1,,613701,https://opendict.korean.go.kr/dictionary/view?sense_no=613701
욕이 금인 줄 알아라,자기의 잘못에 대한 꾸지람을 고깝게만 생각하지 말고 자기의 발전과 수양을 위해서 소중히 받아들이라는 말.,growth,1,1,,613616,https://opendict.korean.go.kr/dictionary/view?sense_no=613616
우물을 파도 한 우물을 파라,일을 너무 벌여 놓거나 하던 일을 자주 바꾸어 하면 아무런 성과가 없으니 어떠한 일이든 한 가지 일을 끝까지 하여야 성공할 수 있다는 말.,growth,1,1,,613750,https://opendict.korean.go.kr/dictionary/view?sense_no=613750
움막의 단 장,가난한 집의 음식이 맛있을 때 이르는 말.,growth,1,1,sexual:gray,613618,https://opendict.korean.go.kr/dictionary/view?sense_no=613618
원두막 삼 년 놓으면 조상군이 없어진다,"원두막을 지키는 일을 계속하면 인심을 잃게 되며 죽은 뒤에 조상하러 오는 사람도 없어진다는 뜻으로, 직업상 특성으로 사람들 속에서 인심을 잃게 됨을 비유적으로 이르는 말. &lt;동의 속담&gt; ‘원두밭 삼 년 놓으면 외삼촌도 몰라본다’",growth,1,1,violent:gray,613668,https://opendict.korean.go.kr/dictionary/view?sense_no=613668
원두밭 삼 년 놓으면 외삼촌도 몰라본다,"원두막을 지키는 일을 계속하면 인심을 잃게 되며 자기 외삼촌도 몰라본다는 뜻으로, 직업상 특성으로 사람들 속에서 인심을 잃게 됨을 비유적으로 이르는 말. &lt;동의 속담&gt; ‘원두막 삼 년 놓으면 조상군이 없어진다’",growth,1,1,,605305,https://opendict.korean.go.kr/dictionary/view?sense_no=605305
윤동짓달 스무 초하룻날 주겠다,윤달은 동짓달에는 좀처럼 들지 아니하므로 결국 꿔 준 돈을 떼어먹겠다는 말.,growth,1,1,,605361,https://opendict.korean.go.kr/dictionary/view?sense_no=605361
음식 싫은 건 개나 주지 사람 싫은 건 할 수 있나,"먹기 싫은 음식은 안 먹어도 그만이지만 배우자는 누구에게 줄 수도 버릴 수도 없다는 뜻으로, 어쩔 수 없이 참고 살아감을 이르는 말.",growth,1,1,sexual:gray,613709,https://opendict.korean.go.kr/dictionary/view?sense_no=613709
음지가 양지 되고 양지가 음지 된다,"운이 나쁜 사람도 좋은 수를 만날 수 있고 운이 좋은 사람도 늘 좋기만 하는 것이 아니라 어려운 시기가 있다는 말로, 세상사는 늘 돌고 돈다는 말. &lt;동의 속담&gt; ‘귀천궁달이 수레바퀴다’ ‘부귀빈천이 물레바퀴 돌듯’ ‘빈부귀천이 물레바퀴 돌듯’ ‘양지가 음지 되고 음지가 양지 된다’ ‘흥망성쇠와 부귀빈천이 물레바퀴 돌듯 한다’",growth,1,1,sexual:gray,613779,https://opendict.korean.go.kr/dictionary/view?sense_no=613779
응달에도 햇빛 드는 날이 있다,"햇빛이 들지 아니하여 그늘진 곳도 해가 들어 양지가 될 수 있다는 뜻으로, 아무리 어려운 처지에 놓여 있더라도 끝까지 노력하면 성과를 거둘 수 있음을 비유적으로 이르는 말.",growth,1,1,sexual:gray,605377,https://opendict.korean.go.kr/dictionary/view?sense_no=605377
이알이 곤두선다,가난하던 사람이 조금 잘살게 되었다고 큰소리를 치거나 거만하게 굶을 비꼬는 말.,growth,1,1,,614015,https://opendict.korean.go.kr/dictionary/view?sense_no=614015
이야기 장단에 도낏자루 썩는다,이야기에 정신이 팔려 시간 가는 줄을 깨닫지 못함을 비유적으로 이르는 말.,growth,1,1,,613809,https://opendict.korean.go.kr/dictionary/view?sense_no=613809
이에 신물이 돈다[난다],어떤 것이 극도의 싫증을 느낄 정도로 지긋지긋함을 비유적으로 이르는 말. &lt;동의 속담&gt; ‘입에서 신물이 난다’,growth,1,1,,605485,https://opendict.korean.go.kr/dictionary/view?sense_no=605485
인간 만사는 새옹지마라,"인간의 길흉화복은 돌고 돈다는 뜻으로, 인생의 덧없음을 비유적으로 이르는 말.",growth,1,1,sexual:gray,614138,https://opendict.korean.go.kr/dictionary/view?sense_no=614138
인왕산 차돌을 먹고 살기로 사돈의 밥을 먹으랴,아무리 어렵고 고생스러워도 처가의 도움을 받아 살아가고 싶지는 아니함을 이르는 말.,growth,1,1,,614181,https://opendict.korean.go.kr/dictionary/view?sense_no=614181
일월은 크고 이월은 작다,한 번 좋은 일이 있으면 다음에는 궂은일도 있는 것처럼 세상사는 좋고 나쁜 일이 돌고 돈다는 말. &lt;동의 속담&gt; ‘한 달이 크면 한 달이 작다’,growth,1,1,sexual:gray,605425,https://opendict.korean.go.kr/dictionary/view?sense_no=605425
입에 들어가는 밥술도 제가 떠 넣어야 한다,쉬운 일이라도 자기의 노력을 들이지 아니하면 이룰 수 없음을 비유적으로 이르는 말.,growth,1,1,sexual:gray,613948,https://opendict.korean.go.kr/dictionary/view?sense_no=613948
입에 떨어지는 사과를 기다리는 식,노력은 하지 아니하면서도 좋은 결과를 기대하는 잘못된 태도를 이르는 말.,growth,1,1,,613949,https://opendict.korean.go.kr/dictionary/view?sense_no=613949
입에서 신물이 난다,어떤 것이 극도의 싫증을 느낄 정도로 지긋지긋함을 비유적으로 이르는 말. &lt;동의 속담&gt; ‘이에 신물이 돈다[난다]’,growth,1,1,,613959,https://opendict.korean.go.kr/dictionary/view?sense_no=613959
입의 말 다 듣자면 고래 등 같은 기와집도 하루아침에 넘어간다,먹고 싶은 대로 다 먹다가는 아무리 큰 재산이라도 다 거덜 나게 됨을 비유적으로 이르는 말.,growth,1,1,,613966,https://opendict.korean.go.kr/dictionary/view?sense_no=613966
자식 기르는 것 배우고 시집가는 계집 없다,무슨 일이나 일을 해 나가면서 배워 가는 것임을 이르는 말.,growth,1,1,sexual:gray,605645,https://opendict.korean.go.kr/dictionary/view?sense_no=605645
작년이 옛날이다,세상이 변하고 발전하는 속도가 무척 빠름을 비유적으로 이르는 말.,growth,1,1,,605822,https://opendict.korean.go.kr/dictionary/view?sense_no=605822
작은 절에 고양이[괴]가 두 마리,가난하고 궁한 데다가 식구 수가 많아 누구 하나 마음껏 먹거나 가지지 못함을 비유적으로 이르는 말.,growth,1,1,sexual:gray,614294,https://opendict.korean.go.kr/dictionary/view?sense_no=614294
잠을 자야 꿈을 꾸지,원인 없이 결과를 바랄 수 없음을 이르는 말.,growth,1,1,sexual:gray,614234,https://opendict.korean.go.kr/dictionary/view?sense_no=614234
장꾼보다 풍각쟁이[엿장수]가 많다,"돈을 내고 구경할 구경꾼보다 풍각쟁이만 많다는 뜻으로, 비례가 거꾸로 뒤바뀜을 비유적으로 이르는 말.",growth,1,1,,605594,https://opendict.korean.go.kr/dictionary/view?sense_no=605594
장꾼은 하나인데 풍각쟁이는 열둘이라,여러 사람이 적당한 구실을 붙여 한 사람으로부터 돈이나 물건 따위를 받아 갈 경우에 이르는 말.,growth,1,1,,605595,https://opendict.korean.go.kr/dictionary/view?sense_no=605595
장님(이) 문고리 바로 잡았다,재주나 지식이 없는 사람이 어떤 일을 우연히 성취하는 경우를 비유적으로 이르는 말. &lt;동의 속담&gt; ‘장님이 문 바로 들어갔다’,growth,1,1,,614333,https://opendict.korean.go.kr/dictionary/view?sense_no=614333
장님이 문 바로 들어갔다,재주나 지식이 없는 사람이 어떤 일을 우연히 성취하는 경우를 비유적으로 이르는 말. &lt;동의 속담&gt; ‘장님(이) 문고리 바로 잡았다’,growth,1,1,,614341,https://opendict.korean.go.kr/dictionary/view?sense_no=614341
재떨이와 부자는 모일수록 더럽다,사람은 재물이 많이 모이면 모일수록 재물에 대한 욕심이 더욱더 생기고 마음씨가 인색해짐을 비유적으로 이르는 말.,growth,1,1,sexual:gray,614183,https://opendict.korean.go.kr/dictionary/view?sense_no=614183
재물 있고 세력 있으면 밑구멍으로 나팔을 분다,돈이 있고 세력이 있으면 못하는 짓이 없음을 비유적으로 이르는 말.,growth,1,1,sexual:gray,614393,https://opendict.korean.go.kr/dictionary/view?sense_no=614393
재산을 잃고 쌀알을 줍는다,큰 이익을 버리고 보잘것없는 작은 이익을 구함을 비유적으로 이르는 말. &lt;동의 속담&gt; ‘기름을 버리고[엎지르고] 깨를 줍는다’ ‘기름 엎지르고 깨 줍기’,growth,1,1,,614218,https://opendict.korean.go.kr/dictionary/view?sense_no=614218
재주를 다 배우고 나니 눈이 어둡다,오랫동안 애써 수고하였으나 결과가 좋지 아니하여 결국은 헛수고가 된 상태를 비유적으로 이르는 말.,growth,1,1,,614175,https://opendict.korean.go.kr/dictionary/view?sense_no=614175
잰 놈 뜬 놈만 못하다,일은 빨리 마구 하는 것보다 천천히 성실하게 하는 것이 더 낫다는 말.,growth,1,1,,605757,https://opendict.korean.go.kr/dictionary/view?sense_no=605757
저녁 굶은 초라,"저녁을 굶게 한 초서 글씨라는 뜻으로, 매우 흘려 쓴 글씨를 비유적으로 이르는 말. 옛날에 어느 가난한 선비가 저녁거리가 없어서 쌀가게 주인에게 외상으로 쌀을 달라고 글을 보냈으나 그 글이 너무도 흘려 쓴 글씨여서 주인이 읽지 못하여 쌀을 주지 않아 저녁을 굶었다는 이야기에서 유래한다.",growth,1,1,violent:gray,614261,https://opendict.korean.go.kr/dictionary/view?sense_no=614261
저녁 먹을 것은 없어도 도둑맞을 것은 있다,아무리 가난한 집이라도 도둑맞을 물건은 있다는 말. &lt;동의 속담&gt; ‘구제할 것은 없어도 도둑 줄 것은 있다’ ‘동생 줄 것은 없어도 도둑 줄 것은 있다’ ‘쥐 먹을 것은 없어도 도둑맞을 것은 있다’ ‘쥐 줄 것은 없어도 도둑 줄 것은 있다’,growth,1,1,,614264,https://opendict.korean.go.kr/dictionary/view?sense_no=614264
적은 복은 부지런해서 얻지만 대명은 도저히 막기 어렵다,작은 일은 사람의 힘으로 이룰 수 있지만 큰일은 사람의 힘으로 어떻게 하기 힘들다는 말.,growth,1,1,,605735,https://opendict.korean.go.kr/dictionary/view?sense_no=605735
젊은이 망령은 몽둥이로 고친다,"노인들은 그저 잘 위해 드려야 하고, 아이들이 잘못했을 경우에는 엄하게 다스려 교육해야 한다는 말. &lt;동의 속담&gt; ‘노인네 망령은 고기로 고치고 젊은이 망령은 몽둥이로 고친다’ ‘젊은이 망령은 홍두깨로 고치고 늙은이 망령은 곰국으로 고친다’",growth,1,1,,605857,https://opendict.korean.go.kr/dictionary/view?sense_no=605857
젊은이 망령은 홍두깨로 고치고 늙은이 망령은 곰국으로 고친다,"아이들이 잘못했을 경우에는 엄하게 다스려 교육해야 하고, 노인들은 그저 잘 위해 드려야 한다는 말. &lt;동의 속담&gt; ‘노인네 망령은 고기로 고치고 젊은이 망령은 몽둥이로 고친다’ ‘젊은이 망령은 몽둥이로 고친다’",growth,1,1,,605858,https://opendict.korean.go.kr/dictionary/view?sense_no=605858
정선 골 물레방아 물레바퀴 돌듯,세상의 일은 변하지 않는 것이 아니라 돌고 돈다는 말.,growth,1,1,,614493,https://opendict.korean.go.kr/dictionary/view?sense_no=614493
제 나락 주고 제 떡 사 먹기,남의 덕을 보려다가 뜻대로 안되고 결국 제 돈을 쓰게 되었다는 말.,growth,1,1,,614603,https://opendict.korean.go.kr/dictionary/view?sense_no=614603
조개껍데기는 녹슬지 않는다,천성이 착하고 어진 사람은 다른 사람의 나쁜 습관에 물들지 않음을 비유적으로 이르는 말. &lt;동의 속담&gt; ‘조개껍질은 녹슬지 않는다’,growth,1,1,sexual:gray,605925,https://opendict.korean.go.kr/dictionary/view?sense_no=605925
조개껍질은 녹슬지 않는다,천성이 착하고 어진 사람은 다른 사람의 나쁜 습관에 물들지 않음을 비유적으로 이르는 말. &lt;동의 속담&gt; ‘조개껍데기는 녹슬지 않는다’,growth,1,1,sexual:gray,605926,https://opendict.korean.go.kr/dictionary/view?sense_no=605926
조개젓 단지에 괭이 발 드나들듯,"조개젓 단지에 괭이가 부지런히 드나든다는 뜻으로, 매우 자주 드나드는 모양을 비유적으로 이르는 말. &lt;동의 속담&gt; ‘반찬단지에 고양이 발 드나들듯’ ‘풀 방구리에 쥐 드나들듯’ ‘팥죽 단지에 생쥐 달랑거리듯’",growth,1,1,violent:gray,605932,https://opendict.korean.go.kr/dictionary/view?sense_no=605932
조자룡이 헌 창[칼] 쓰듯,돈이나 물건을 헤프게 쓰는 경우를 비유적으로 이르는 말.,growth,1,1,violent:gray,606024,https://opendict.korean.go.kr/dictionary/view?sense_no=606024
주막 년네 오줌 종작,무엇에 빗대어 시간 종작을 잡음을 이르는 말.,growth,1,1,sexual:gray,606083,https://opendict.korean.go.kr/dictionary/view?sense_no=606083
죽은 석숭(石崇)보다 산 돼지가 낫다,"석숭이 중국 진(晋)나라 때의 큰 부자였던 데서, 죽으면 부귀영화가 다 소용없게 되니 아무리 고생스러워도 죽는 것보다는 사는 것이 낫다는 말.",growth,1,1,violent:gray,614830,https://opendict.korean.go.kr/dictionary/view?sense_no=614830
죽을 건 환갑집 돼지라,환갑상에 오르게 되어 죽을 운명에 처한 돼지 신세와 같이 꼼짝없이 화를 당하게 된 경우를 비유적으로 이르는 말.,growth,1,1,violent:gray,614848,https://opendict.korean.go.kr/dictionary/view?sense_no=614848
죽을 때까지 배워도 다 배우지 못한다,지식에는 끝이 없는 만큼 일생 동안 중단함이 없이 배움을 계속하여야 한다는 말.,growth,1,1,violent:gray,614851,https://opendict.korean.go.kr/dictionary/view?sense_no=614851
중놈 돝고깃값 치른다,당치도 아니한 돈을 물게 되는 경우를 비유적으로 이르는 말. &lt;동의 속담&gt; ‘중이 횟값 문다’,growth,1,1,,606054,https://opendict.korean.go.kr/dictionary/view?sense_no=606054
중의 망건값 안 모인다,필요 없는 지출을 아니 하면 돈이 모일 것 같지만 실제로 그렇지도 아니하다는 말.,growth,1,1,,614735,https://opendict.korean.go.kr/dictionary/view?sense_no=614735
중이 개고기 사 먹듯,돈을 조금씩 전부 써 버리는 모양을 비유적으로 이르는 말.,growth,1,1,,614742,https://opendict.korean.go.kr/dictionary/view?sense_no=614742
중이 횟값 문다,당치도 아니한 돈을 물게 되는 경우를 비유적으로 이르는 말. &lt;동의 속담&gt; ‘중놈 돝고깃값 치른다’,growth,1,1,,614749,https://opendict.korean.go.kr/dictionary/view?sense_no=614749
쥐가 하루밤에 소금 한 섬을 나른다,약한 힘이라도 꾸준히 하면 일을 크게 해낼 수 있음을 비유적으로 이르는 말.,growth,1,1,sexual:gray,615194,https://opendict.korean.go.kr/dictionary/view?sense_no=615194
쥐도 한 구멍을 파야 수가 난다,한길로 전심전력하면 성공할 때가 있음을 비유적으로 이르는 말. &lt;동의 속담&gt; ‘쥐도 한몫 보면 락이 있다’ ‘쥐도 한 모를 긁으면 끝장 본다’,growth,1,1,sexual:gray,615198,https://opendict.korean.go.kr/dictionary/view?sense_no=615198
쥐도 한 모를 긁으면 끝장 본다,한길로 전심전력하면 성공할 때가 있음을 비유적으로 이르는 말. &lt;동의 속담&gt; ‘쥐도 한몫 보면 락이 있다’ ‘쥐도 한 구멍을 파야 수가 난다’,growth,1,1,sexual:gray,615199,https://opendict.korean.go.kr/dictionary/view?sense_no=615199
쥐도 한몫 보면 락이 있다,한길로 전심전력하면 성공할 때가 있음을 비유적으로 이르는 말. &lt;동의 속담&gt; ‘쥐도 한 구멍을 파야 수가 난다’ ‘쥐도 한 모를 긁으면 끝장 본다’,growth,1,1,sexual:gray,615200,https://opendict.korean.go.kr/dictionary/view?sense_no=615200
쥐 먹을 것은 없어도 도둑맞을 것은 있다,아무리 가난한 집이라도 도둑맞을 물건은 있다는 말. &lt;동의 속담&gt; ‘구제할 것은 없어도 도둑 줄 것은 있다’ ‘동생 줄 것은 없어도 도둑 줄 것은 있다’ ‘저녁 먹을 것은 없어도 도둑맞을 것은 있다’ ‘쥐 줄 것은 없어도 도둑 줄 것은 있다’,growth,1,1,,615156,https://opendict.korean.go.kr/dictionary/view?sense_no=615156
쥐 줄 것은 없어도 도둑 줄 것은 있다,아무리 가난한 집이라도 도둑맞을 물건은 있다는 말. &lt;동의 속담&gt; ‘구제할 것은 없어도 도둑 줄 것은 있다’ ‘동생 줄 것은 없어도 도둑 줄 것은 있다’ ‘저녁 먹을 것은 없어도 도둑맞을 것은 있다’ ‘쥐 먹을 것은 없어도 도둑맞을 것은 있다’,growth,1,1,,615183,https://opendict.korean.go.kr/dictionary/view?sense_no=615183
증한 에미네[녀편네/일군] 밭고랑 세듯,게으른 사람이 일은 하지 아니하고 일이 언제 끝나겠는가 하고 앞으로 남은 일만 자꾸 가늠해 보고 있는 모양을 비유적으로 이르는 말.,growth,1,1,,606160,https://opendict.korean.go.kr/dictionary/view?sense_no=606160
지고 다니는 것은 칠성판이요 먹는 것은 사자밥이라,죽음의 위협을 항상 받으며 고된 노동을 하고 있는 처지를 비유적으로 이르는 말.,growth,1,1,sexual:gray|violent:gray,606079,https://opendict.korean.go.kr/dictionary/view?sense_no=606079
지전 시정에 나비 쫓아가듯 한다,"나는 나비를 보고 종이 장수가 종이인 줄 알고 쫓아간다는 뜻으로, 재산이 많으면서도 작은 것에 인색함을 놀림조로 이르는 말.",growth,1,1,sexual:gray,606119,https://opendict.korean.go.kr/dictionary/view?sense_no=606119
지척의 원쑤나 천 리의 벗이나,"가까이 있는 원수나 멀리 있는 벗이나 거래가 없기는 마찬가지라는 뜻으로, 아주 가까운 처지에 있는 사람이면서도 너무 멀리 떨어져 사는 탓으로 왕래가 없이 지내는 경우를 비유적으로 이르는 말.",growth,1,1,,615026,https://opendict.korean.go.kr/dictionary/view?sense_no=615026
지척이 천 리라,서로 아주 가까운 곳에 살면서도 오래 만나지 못하여 멀리 떨어져 사는 것과 같다는 말.,growth,1,1,,615027,https://opendict.korean.go.kr/dictionary/view?sense_no=615027
지키는 냄비가 더디 끓는다,결과를 초조하게 기다리고 있으면 시간이 더 걸리는 것같이 느껴진다는 것을 비유적으로 이르는 말.,growth,1,1,,615372,https://opendict.korean.go.kr/dictionary/view?sense_no=615372
지팡이를 짚었지,어떤 한곳에서 장차 크게 발전할 기초를 얻었다는 말.,growth,1,1,,614888,https://opendict.korean.go.kr/dictionary/view?sense_no=614888
집도 절도 없다,가진 집이나 재산도 없이 여기저기 떠돌아다닌다는 말.,growth,1,1,,615060,https://opendict.korean.go.kr/dictionary/view?sense_no=615060
짧은 밤에 긴 노래 부르랴,"바쁜 시간에 질질 끌 수 없다는 뜻으로, 일을 빨리 끝내야 함을 재촉하여 이르는 말. &lt;동의 속담&gt; ‘짧은 밤에 만경타령 부를가’",growth,1,1,,614959,https://opendict.korean.go.kr/dictionary/view?sense_no=614959
짧은 밤에 만경타령 부를가,"바쁜 시간에 질질 끌 수 없다는 뜻으로, 일을 빨리 끝내야 함을 재촉하여 이르는 말. &lt;동의 속담&gt; ‘짧은 밤에 긴 노래 부르랴’",growth,1,1,,614960,https://opendict.korean.go.kr/dictionary/view?sense_no=614960
차비 삼 년에 제떡(이) 쉰다,"준비하는 시간이 삼 년이 걸려서 제사에 쓸 떡이 쉬었다는 뜻으로, 준비하는 데 너무 느리고 굼떠서 오히려 결과가 좋지 아니하게 되는 경우를 비유적으로 이르는 말.",growth,1,1,,606197,https://opendict.korean.go.kr/dictionary/view?sense_no=606197
차오르게 되면 넘쳐 난다,‘차면 넘친다[기운다]’의 북한 속담.,growth,1,1,,606203,https://opendict.korean.go.kr/dictionary/view?sense_no=606203
찬밥에 국 적은 줄만 안다,가난한 살림에는 없는 것이 당연한 것인 줄 모르고 무엇이 부족하다고 하여 마음을 씀을 이르는 말.,growth,1,1,sexual:gray,615363,https://opendict.korean.go.kr/dictionary/view?sense_no=615363
찬밥에 국 적은 줄 모른다,살림이 가난하면 이것저것 없는 것이 많기 때문에 오히려 별로 불편하지도 아니하다는 말.,growth,1,1,,615362,https://opendict.korean.go.kr/dictionary/view?sense_no=615362
찻집 출입 삼 년에 남의 얼굴 볼 줄만 안다,사람들이 모여 한담(閑談)하는 찻집 같은 곳에 다니는 것은 아무리 공력을 들였다 하더라도 남의 눈치 살피는 것밖에는 배우는 것이 없다는 말.,growth,1,1,violent:gray,614998,https://opendict.korean.go.kr/dictionary/view?sense_no=614998
처가 재물 양가 재물은 쓸데없다,제 손으로 번 것이라야 제 재산이 된다는 말.,growth,1,1,,606290,https://opendict.korean.go.kr/dictionary/view?sense_no=606290
천 냥 만 냥 판,돈이 무더기로 생기는 아주 호화로운 판을 이르는 말.,growth,1,1,,615247,https://opendict.korean.go.kr/dictionary/view?sense_no=615247
천 냥 시주 말고 애매한 소리 마라,"천 냥이나 되는 많은 돈을 내어놓는 것보다 애매한 소리를 하지 않는 편이 낫다는 뜻으로, 쓸데없이 괜한 말로 남을 모함하지 말라는 말.",growth,1,1,violent:gray,615250,https://opendict.korean.go.kr/dictionary/view?sense_no=615250
천 냥 잃고 조리 겯기,"이것저것 하다가는 마지막에 다 잃고 조리 장사밖에 할 수 없게 된다는 뜻으로, 하던 직업을 버리지 말고 끝까지 해 나가라는 말.",growth,1,1,,615251,https://opendict.korean.go.kr/dictionary/view?sense_no=615251
천 리 길도 십 리,그리운 사람을 만나러 갈 때에는 먼 거리도 아주 가깝게 느껴진다는 말.,growth,1,1,,615259,https://opendict.korean.go.kr/dictionary/view?sense_no=615259
천 리 길에는 눈섭도 짐이 된다,먼 길을 갈 때는 될수록 간편하게 차려야 좋음을 비유적으로 이르는 말.,growth,1,1,sexual:gray,615265,https://opendict.korean.go.kr/dictionary/view?sense_no=615265
천 리 길에 신들메를 맨 격,"어렵고 힘든 일이나 원대한 일을 하게 될 때, 이제 첫출발에 지나지 않는다는 것을 비유적으로 이르는 말.",growth,1,1,,615264,https://opendict.korean.go.kr/dictionary/view?sense_no=615264
천 리도 지척이라,멀리 떨어져 있어도 정이 깊으면 가깝게 느껴지고 사귀게 됨을 비유적으로 이르는 말.,growth,1,1,,615269,https://opendict.korean.go.kr/dictionary/view?sense_no=615269
천리준마도 쥐를 잡는 데는 고양이만 못하다,"하루에 천 리를 달릴 수 있는 준마도 쥐를 잡는 데는 고양이를 능가할 수 없다는 뜻으로, 아무리 훌륭한 사람이라도 모든 일에 다 능할 수는 없으며 사람마다 다 각기 다른 재주가 있음을 비유적으로 이르는 말.",growth,1,1,sexual:gray,606276,https://opendict.korean.go.kr/dictionary/view?sense_no=606276
천생 팔자가 눌은밥이라,고작 좋아하는 것이 눌은밥이니 가난한 신세를 면하지 못할 것이라고 비꼬아 이르는 말.,growth,1,1,,615337,https://opendict.korean.go.kr/dictionary/view?sense_no=615337
천석꾼에 천 가지 걱정 만석꾼에 만 가지 걱정,재산이 많으면 그만큼 걱정도 많음을 비유적으로 이르는 말.,growth,1,1,sexual:gray,606360,https://opendict.korean.go.kr/dictionary/view?sense_no=606360
철 묵은 색시 가마[승교] 안에서 장옷 고름 단다,충분한 시간이 있었음에도 미리미리 준비하지 않고 있다가 정작 일이 닥쳐서야 당황하여 다급히 서두르는 경우를 비꼬아 이르는 말.,growth,1,1,sexual:gray,606297,https://opendict.korean.go.kr/dictionary/view?sense_no=606297
첩의 살림은 밑 빠진 독에 물 길어 붓기,첩의 살림에는 돈이 한없이 든다는 말.,growth,1,1,sexual:gray,615414,https://opendict.korean.go.kr/dictionary/view?sense_no=615414
청백리 똥구멍은 송곳 부리 같다,청백하기 때문에 재물을 모으지 못하여 지극히 가난함을 비유적으로 이르는 말.,growth,1,1,,606289,https://opendict.korean.go.kr/dictionary/view?sense_no=606289
초년고생은 사서라도 한다,젊은 시절의 고생은 장래 발전을 위하여 중요한 경험이 되므로 그 고생을 달게 여기라는 말. &lt;동의 속담&gt; ‘초년고생은 은 주고 산다’ ‘초년고생은 양식 지고 다니며 한다’ ‘초년고생은 은을 주어도 안 바꾼다’,growth,1,1,,606415,https://opendict.korean.go.kr/dictionary/view?sense_no=606415
초년고생은 양식 지고 다니며 한다,젊은 시절의 고생은 장래 발전을 위하여 중요한 경험이 되므로 그 고생을 달게 여기라는 말. &lt;동의 속담&gt; ‘초년고생은 은 주고 산다’ ‘초년고생은 사서라도 한다’ ‘초년고생은 은을 주어도 안 바꾼다’,growth,1,1,,606416,https://opendict.korean.go.kr/dictionary/view?sense_no=606416
초년고생은 은을 주어도 안 바꾼다,젊은 시절의 고생은 장래 발전을 위하여 중요한 경험이 되므로 그 고생을 달게 여기라는 말. &lt;동의 속담&gt; ‘초년고생은 은 주고 산다’ ‘초년고생은 사서라도 한다’ ‘초년고생은 양식 지고 다니며 한다’,growth,1,1,,606418,https://opendict.korean.go.kr/dictionary/view?sense_no=606418
초년고생은 은 주고 산다,젊은 시절의 고생은 장래 발전을 위하여 중요한 경험이 되므로 그 고생을 달게 여기라는 말. &lt;동의 속담&gt; ‘초년고생은 사서라도 한다’ ‘초년고생은 양식 지고 다니며 한다’ ‘초년고생은 은을 주어도 안 바꾼다’,growth,1,1,,606417,https://opendict.korean.go.kr/dictionary/view?sense_no=606417
초사흘 달은 잰 며느리가[며느리라야] 본다,"음력 초사흗날에 뜨는 달은 떴다가 곧 지기 때문에 부지런한 며느리만이 볼 수 있다는 뜻으로, 슬기롭고 민첩한 사람만이 미세한 것을 살필 수 있음을 비유적으로 이르는 말. &lt;동의 속담&gt; ‘초승달은 잰 며느리가 본다’",growth,1,1,sexual:gray,606286,https://opendict.korean.go.kr/dictionary/view?sense_no=606286
초승달은 잰 며느리가 본다,"초승달은 떴다가 곧 지기 때문에 부지런한 며느리만이 볼 수 있다는 뜻으로, 슬기롭고 민첩한 사람만이 미세한 것을 살필 수 있음을 비유적으로 이르는 말. &lt;동의 속담&gt; ‘초사흘 달은 잰 며느리가[며느리라야] 본다’",growth,1,1,sexual:gray,606366,https://opendict.korean.go.kr/dictionary/view?sense_no=606366
초저녁 구들이 따뜻해야 새벽 구들이 따뜻하다,먼저 된 일이 잘되어야 그에 따른 일도 잘됨을 비유적으로 이르는 말.,growth,1,1,,606354,https://opendict.korean.go.kr/dictionary/view?sense_no=606354
추녀 물이 돌에 구멍을 뚫는다,비록 약하고 작은 힘이라도 꾸준히 오래 작용하면 큰 결과를 이룰 수 있음을 비유적으로 이르는 말.,growth,1,1,sexual:gray,615456,https://opendict.korean.go.kr/dictionary/view?sense_no=615456
친아비 장작 패는 데는 안 가고 이붓아비 떡 치는 데는 간다,자기의 노력을 들여 도와주어야 할 자리는 피하면서도 공짜로 얻어먹을 것이 있는 데는 잘 가는 사람을 비유적으로 이르는 말.,growth,1,1,violent:gray,606444,https://opendict.korean.go.kr/dictionary/view?sense_no=606444
칠궁의 기아가 뒤덜미를 치고 대든다,가난한 사람들의 생활은 식량난이 심한 음력 칠월에 몹시 위협받는다는 말.,growth,1,1,sexual:gray|violent:gray,606505,https://opendict.korean.go.kr/dictionary/view?sense_no=606505
칼로 물 베기,다투었다가도 시간이 조금 지나 곧 사이가 다시 좋아지는 경우를 비유적으로 이르는 말.,growth,1,1,violent:gray,615430,https://opendict.korean.go.kr/dictionary/view?sense_no=615430
코등에 파리가 앉아도 혀바닥으로 쫓는다,손발을 까딱하기 싫어하는 아주 게으른 사람을 비꼬는 말.,growth,1,1,,615445,https://opendict.korean.go.kr/dictionary/view?sense_no=615445
콧구멍 같은 집에 밑구멍 같은 나그네 온다,가난하여 몹시 좁은 집에 반갑지 아니한 손님이 찾아옴을 비유적으로 이르는 말.,growth,1,1,,615580,https://opendict.korean.go.kr/dictionary/view?sense_no=615580
키가 크다고 하늘의 별 딸가,"너무도 자신을 과신하여 허황된 꿈을 꾸거나, 남을 지나치게 추어올리는 경우를 비난조로 이르는 말.",growth,1,1,,606559,https://opendict.korean.go.kr/dictionary/view?sense_no=606559
판돈 일곱 닢에 노름꾼은 아홉,보잘것없는 일에 터무니없이 많은 사람이 모이는 경우를 비유적으로 이르는 말.,growth,1,1,,606609,https://opendict.korean.go.kr/dictionary/view?sense_no=606609
팥죽 단지에 생쥐 달랑거리듯,"팥죽 단지에 생쥐가 부지런히 드나든다는 뜻으로, 매우 자주 드나드는 모양을 비유적으로 이르는 말. &lt;동의 속담&gt; ‘반찬단지에 고양이 발 드나들듯’ ‘조개젓 단지에 괭이 발 드나들듯’ ‘풀 방구리에 쥐 드나들듯’",growth,1,1,violent:gray,615996,https://opendict.korean.go.kr/dictionary/view?sense_no=615996
패랭이에 숟가락 꽂고 산다,아주 가난하여 떠돌아다니며 얻어먹을 정도임을 비유적으로 이르는 말.,growth,1,1,violent:gray,615932,https://opendict.korean.go.kr/dictionary/view?sense_no=615932
포도군사 은동곳 물어 뽑는다,"도둑이 포졸에게 잡혀가면서도 포졸의 상투에 꽂힌 은동곳을 뽑는다는 뜻으로, 도둑질하는 습관을 쉽게 버리지 못함을 비유적으로 이르는 말.",growth,1,1,,616138,https://opendict.korean.go.kr/dictionary/view?sense_no=616138
풀 방구리에 쥐 드나들듯,"풀 방구리에 쥐가 부지런히 드나든다는 뜻으로, 매우 자주 드나드는 모양을 비유적으로 이르는 말. &lt;동의 속담&gt; ‘반찬단지에 고양이 발 드나들듯’ ‘조개젓 단지에 괭이 발 드나들듯’ ‘팥죽 단지에 생쥐 달랑거리듯’",growth,1,1,violent:gray,606637,https://opendict.korean.go.kr/dictionary/view?sense_no=606637
피겨죽에 강도,"핏겨죽을 쑤어 먹을 정도로 가난한 집에 강도까지 들었다는 뜻으로, 곤란에 곤란이 겹침을 비유적으로 이르는 말.",growth,1,1,violent:gray,606700,https://opendict.korean.go.kr/dictionary/view?sense_no=606700
피 벗고 한 잎 찬다,"고의를 벗고 돈 한 닢을 차서 앞을 가렸다는 뜻으로, 망측스러운 차림이나 격에 어울리지 아니하는 치장을 함을 비유적으로 이르는 말.",growth,1,1,violent:gray,606671,https://opendict.korean.go.kr/dictionary/view?sense_no=606671
피천 대[반] 푼(도) 없다,가진 돈이 한 푼도 없다는 말. &lt;동의 속담&gt; ‘피천 한 닢 없다’ ‘땡전 한 푼[닢] 없다’ ‘물에 빠져도 주머니밖에 뜰 것이 없다’ ‘쇠천 샐 닢도 없다’ ‘피천 샐 닢 없다’,growth,1,1,violent:gray,606724,https://opendict.korean.go.kr/dictionary/view?sense_no=606724
피천 샐 닢 없다,가진 돈이 한 푼도 없다는 말. &lt;동의 속담&gt; ‘피천 한 닢 없다’ ‘땡전 한 푼[닢] 없다’ ‘물에 빠져도 주머니밖에 뜰 것이 없다’ ‘쇠천 샐 닢도 없다’ ‘피천 대[반] 푼(도) 없다’,growth,1,1,violent:gray,606725,https://opendict.korean.go.kr/dictionary/view?sense_no=606725
피천 한 닢 없다,가진 돈이 한 푼도 없다는 말. &lt;동의 속담&gt; ‘땡전 한 푼[닢] 없다’ ‘물에 빠져도 주머니밖에 뜰 것이 없다’ ‘쇠천 샐 닢도 없다’ ‘피천 대[반] 푼(도) 없다’ ‘피천 샐 닢 없다’,growth,1,1,violent:gray,606726,https://opendict.korean.go.kr/dictionary/view?sense_no=606726
핑계가 좋아서 사돈네 집에 간다,속으로는 어떤 일을 좋아하면서 겉으로는 다른 것이 좋은 듯이 둘러댐을 비유적으로 이르는 말.,growth,1,1,,606705,https://opendict.korean.go.kr/dictionary/view?sense_no=606705
하늘도 한 귀퉁이부터 개인다,울적한 마음은 일시에 풀리지는 아니하나 시간이 지나면 점차 풀림을 비유적으로 이르는 말.,growth,1,1,sexual:gray,616192,https://opendict.korean.go.kr/dictionary/view?sense_no=616192
하늘 보고 손가락질한다[주먹질한다],상대가 되지도 아니하는 보잘것없는 사람이 건드려도 꿈쩍도 아니 할 대상에게 무모하게 시비를 걸며 욕함을 비유적으로 이르는 말. &lt;동의 속담&gt; ‘하늘에 돌 던지는 격’ ‘하늘에 막대 겨루기’,growth,1,1,,616179,https://opendict.korean.go.kr/dictionary/view?sense_no=616179
하늘에 돌 던지는 격,상대가 되지도 아니하는 보잘것없는 사람이 건드려도 꿈쩍도 아니 할 대상에게 무모하게 시비를 걸며 욕함을 비유적으로 이르는 말. &lt;동의 속담&gt; ‘하늘 보고 손가락질한다[주먹질한다]’,growth,1,1,,616196,https://opendict.korean.go.kr/dictionary/view?sense_no=616196
하늘에 막대 겨루기,상대가 되지도 아니하는 보잘것없는 사람이 건드려도 꿈쩍도 아니 할 대상에게 무모하게 시비를 걸며 욕함을 비유적으로 이르는 말. &lt;동의 속담&gt; ‘하늘 보고 손가락질한다[주먹질한다]’,growth,1,1,,616198,https://opendict.korean.go.kr/dictionary/view?sense_no=616198
하늘의 별 따기,무엇을 얻거나 성취하기가 매우 어려운 경우를 비유적으로 이르는 말.,growth,1,1,violent:gray,616208,https://opendict.korean.go.kr/dictionary/view?sense_no=616208
하루가 십 년 맞잡이,"하루 동안에도 많은 일을 할 수 있다는 뜻으로, 하루의 시간도 매우 중요함을 이르는 말.",growth,1,1,violent:gray,615949,https://opendict.korean.go.kr/dictionary/view?sense_no=615949
하루가 여삼추(라),"하루가 삼 년과 같다는 뜻으로, 짧은 시간이 매우 길게 느껴짐을 비유적으로 이르는 말. &lt;동의 속담&gt; ‘하루가 열흘 맞잡이’",growth,1,1,violent:gray,615950,https://opendict.korean.go.kr/dictionary/view?sense_no=615950
하루가 열흘 맞잡이,"하루가 열흘과 같다는 뜻으로, 짧은 시간이 매우 길게 느껴짐을 비유적으로 이르는 말. &lt;동의 속담&gt; ‘하루가 여삼추(라)’",growth,1,1,violent:gray,615951,https://opendict.korean.go.kr/dictionary/view?sense_no=615951
하루 굶은 것은 몰라도 헐벗은 것은 안다,가난하더라도 옷차림이나마 남에게 궁하게 보이지 말라는 말.,growth,1,1,,615940,https://opendict.korean.go.kr/dictionary/view?sense_no=615940
한강 물 다 먹어야 짜냐,무슨 일을 처음에 조금만 시험하여 보면 전체적인 것을 짐작하여 볼 수 있음을 이르는 말.,growth,1,1,sexual:gray,606716,https://opendict.korean.go.kr/dictionary/view?sense_no=606716
한강이 녹두죽이라도 쪽박이 없어 못 먹겠다,사람이 몹시 게으르고 무심함을 놀림조로 이르는 말.,growth,1,1,violent:gray,606723,https://opendict.korean.go.kr/dictionary/view?sense_no=606723
한 계단씩 밟아 올라가다,낮은 데서부터 높은 데로 순차적으로 올라간다는 말.,growth,1,1,,615752,https://opendict.korean.go.kr/dictionary/view?sense_no=615752
한 냥 추렴에 닷 돈 냈다,"한 냥을 내야 할 추렴에 절반밖에 내지 아니하였다는 뜻으로, 자기가 치러야 할 몫을 제대로 치르지 아니하고 여럿이 하는 일에 염치없이 참가하여 좀스럽게 이득을 얻는 경우에 이르는 말.",growth,1,1,,615755,https://opendict.korean.go.kr/dictionary/view?sense_no=615755
한 닢도 없는 놈이 두 돈 오 푼 바란다,없는 사람이 바라기는 크게 바란다는 말. &lt;동의 속담&gt; ‘한 치도 없는 놈이 두 치 닷 푼 바란다’,growth,1,1,,615761,https://opendict.korean.go.kr/dictionary/view?sense_no=615761
한 다리가 천 리,촌수나 친분은 멀어질수록 더욱 사이가 벌어진다는 말. &lt;동의 속담&gt; ‘한 치 걸러 두 치’,growth,1,1,,615762,https://opendict.korean.go.kr/dictionary/view?sense_no=615762
한 달이 크면 한 달이 작다,한 번 좋은 일이 있으면 다음에는 궂은일도 있는 것처럼 세상사는 좋고 나쁜 일이 돌고 돈다는 말. &lt;동의 속담&gt; ‘일월은 크고 이월은 작다’,growth,1,1,sexual:gray,615767,https://opendict.korean.go.kr/dictionary/view?sense_no=615767
허리춤에 빗 넣고 시집온 색시 잘산다,가난하여 허리춤에 빗이나 하나 넣고 시집온 여자가 살림을 알뜰히 하여 잘살게 된다는 말.,growth,1,1,sexual:gray,616236,https://opendict.korean.go.kr/dictionary/view?sense_no=616236
허영청에 단자 걸기,뚜렷한 계획이나 목표 없이 일을 벌이는 어리석음을 비꼬는 말.,growth,1,1,sexual:gray,606839,https://opendict.korean.go.kr/dictionary/view?sense_no=606839
호박 넝쿨과 딸은 옮겨 놓은 데로 간다,딸이 바른길로 들어서도록 교육을 잘 시켜야 한다는 말.,growth,1,1,,616127,https://opendict.korean.go.kr/dictionary/view?sense_no=616127
홀시어머니 거느리기가 벽에 오르기보다도 어렵다,홀시어머니는 모시기가 더욱 어렵다는 말.,growth,1,1,,606884,https://opendict.korean.go.kr/dictionary/view?sense_no=606884
홍두깨로 소를 몰면 하루에 천 리를 가나,모든 일을 능력에 맞게 무리하지 아니하고 해야 한다는 말.,growth,1,1,,616267,https://opendict.korean.go.kr/dictionary/view?sense_no=616267
홍시 떨어지면 먹으려고 감나무 밑에 가서 입 벌리고 누웠다,아무런 노력도 아니 하면서 좋은 결과가 이루어지기만 바람을 비유적으로 이르는 말. &lt;동의 속담&gt; ‘감나무 밑에 누워서 홍시[연시] (입안에) 떨어지기를 기다린다[바란다]’,growth,1,1,,606876,https://opendict.korean.go.kr/dictionary/view?sense_no=606876
황아장사 돈고리 같다,빤질빤질하면서도 아주 매끄러운 사람을 비유적으로 이르는 말.,growth,1,1,violent:gray,606896,https://opendict.korean.go.kr/dictionary/view?sense_no=606896
황해도 처녀 (밤낮을 모른다),"구월산이 높아 그 그림자 때문에 밤과 낮을 가리지 못한다는 뜻으로, 밤낮없이 부지런히 일함을 이르는 말.",growth,1,1,,606918,https://opendict.korean.go.kr/dictionary/view?sense_no=606918
홰대 밑에 더벅머리 셋 되기 전에 벌어라,자식이 많아지기 전에 부지런히 벌어서 생활 밑천을 마련하라는 말.,growth,1,1,violent:gray,606910,https://opendict.korean.go.kr/dictionary/view?sense_no=606910
훈장네 마당 같다,"집안을 꾸려 나가는 데는 무능하였던 훈장의 집 마당과 같다는 뜻으로, 재산이 없어 휑뎅그렁한 모양이나 있던 것이 다 없어진 상태를 비유적으로 이르는 말.",growth,1,1,,606921,https://opendict.korean.go.kr/dictionary/view?sense_no=606921
휑한 빈집에서 서 발 막대 거칠 것 없다,"빈집에서 서 발이나 되는 긴 막대를 휘둘러도 아무것도 거치거나 걸릴 것이 없다는 뜻으로, 가난한 집안이라 세간이 아무것도 없음을 비유적으로 이르는 말. &lt;동의 속담&gt; ‘서 발 막대[장대] 거칠 것 없다’",growth,1,1,sexual:gray,616457,https://opendict.korean.go.kr/dictionary/view?sense_no=616457
흉년에는 조반은 굶고 점심은 건느고 저녁은 그냥 자고 한다,흉년이 든 해에 가난한 사람은 거의 굶다시피 하며 살아간다는 말.,growth,1,1,violent:gray,606971,https://opendict.korean.go.kr/dictionary/view?sense_no=606971
흐르는 물은 썩지 않는다,"고인 물이 썩지 흐르는 물은 썩지 아니한다는 뜻으로, 사람은 언제나 일하고 공부하며 단련하여야 시대에 뒤떨어지지 아니하고 또 변질되지 아니함을 비유적으로 이르는 말. &lt;동의 속담&gt; ‘물은 흘러야 썩지 않는다’",growth,1,1,,616446,https://opendict.korean.go.kr/dictionary/view?sense_no=616446
흥망성쇠와 부귀빈천이 물레바퀴 돌듯 한다,"운이 나쁜 사람도 좋은 수를 만날 수 있고 운이 좋은 사람도 늘 좋기만 하는 것이 아니라 어려운 시기가 있다는 말로, 세상사는 늘 돌고 돈다는 말. &lt;동의 속담&gt; ‘음지가 양지 되고 양지가 음지 된다’ ‘귀천궁달이 수레바퀴다’ ‘부귀빈천이 물레바퀴 돌듯’ ‘빈부귀천이 물레바퀴 돌듯’ ‘양지가 음지 되고 음지가 양지 된다’",growth,1,1,sexual:gray,607053,https://opendict.korean.go.kr/dictionary/view?sense_no=607053
흰 술은 사람의 얼굴을 누르게 하고 황금은 사람의 마음을 검게 한다,술과 돈은 사람에게 해가 될 수 있으니 경계하여야 한다는 말.,growth,1,1,sexual:gray,607025,https://opendict.korean.go.kr/dictionary/view?sense_no=607025
힘센 놈의 집에 져다 놓은 것 없다,힘이 세다는 것을 믿고 게으름을 부린다는 말.,growth,1,1,,616450,https://opendict.korean.go.kr/dictionary/view?sense_no=616450
백쥐가 나와 춤을 추고 초상상제가 나와 웃을 노릇이다,"밝은 데를 싫어하는 흰쥐조차 기뻐서 뛰어나와 춤을 추고 슬픔에 잠겨 있는 초상집의 상제들이 나와서 웃지 않을 수 없는 노릇이라는 뜻으로, 하는 짓이 너무 우습고 망측스러워 웃음을 참으려야 참을 수 없음을 이르는 말.",happiness,3,3,sexual:gray,603394,https://opendict.korean.go.kr/dictionary/view?sense_no=603394
웃는 집에 복이 있다,집안이 화목하여 늘 웃음꽃이 피는 집에는 행복이 찾아들게 된다는 말.,happiness,3,3,sexual:gray|violent:gray,613644,https://opendict.korean.go.kr/dictionary/view?sense_no=613644
집에서는 아이들 때문에 웃는다,귀엽게 노는 아이들의 모습이 가정에 웃음과 기쁨을 가져다준다는 말.,happiness,3,3,sexual:gray,615065,https://opendict.korean.go.kr/dictionary/view?sense_no=615065
벙어리 웃는 뜻은 양반 욕하자는 뜻이다,"말 못 하는 벙어리가 호령하며 못살게 구는 양반을 보고 웃는 것은 반가워서가 아니라 욕하자고 하여 쓴웃음을 웃는 것이라는 뜻으로, 착취하고 억압하는 자에 대하여 비록 겉으로는 좋은 낯으로 대하나 그것은 다 벙어리 웃음처럼 속으로 끓고 있는 앙심의 표현 이외에 아무것도 아님을 비유적으로 이르는 말.",happiness,2,5,sexual:gray,611029,https://opendict.korean.go.kr/dictionary/view?sense_no=611029
동방화촉 노(老)도령이 숙녀 만나 즐거운 일,이를 데 없이 몹시 기뻐함을 비유적으로 이르는 말. &lt;동의 속담&gt; ‘칠십 노인 구 대 독자 생남을 한 듯’ ‘천 리 타향 고인 만나 반가워서 즐거운 일’,happiness,2,3,,602459,https://opendict.korean.go.kr/dictionary/view?sense_no=602459
천 리 타향 고인 만나 반가워서 즐거운 일,이를 데 없이 몹시 기뻐함을 비유적으로 이르는 말. &lt;동의 속담&gt; ‘칠십 노인 구 대 독자 생남을 한 듯’ ‘동방화촉 노(老)도령이 숙녀 만나 즐거운 일’,happiness,2,3,,615267,https://opendict.korean.go.kr/dictionary/view?sense_no=615267
칠십 노인 구 대 독자 생남을 한 듯,이를 데 없이 몹시 기뻐함을 비유적으로 이르는 말. &lt;동의 속담&gt; ‘동방화촉 노(老)도령이 숙녀 만나 즐거운 일’ ‘천 리 타향 고인 만나 반가워서 즐거운 일’,happiness,2,3,,615590,https://opendict.korean.go.kr/dictionary/view?sense_no=615590
날은 좋아 웃는다마는 동남풍에 잇속이 건다,의지가 약하고 무슨 일에나 걸핏하면 싱겁게 잘 웃음을 비유적으로 이르는 말.,happiness,2,2,sexual:gray,608412,https://opendict.korean.go.kr/dictionary/view?sense_no=608412
뒤를 돌아보고 울기보다는 앞을 바라보고 웃으랬다,지난날의 잘못을 뉘우치며 한숨을 지을 것이 아니라 밝은 앞날을 내다보며 희망을 가지고 살아야 한다는 말.,happiness,2,2,,609278,https://opendict.korean.go.kr/dictionary/view?sense_no=609278
매달린 개가 누워 있는 개를 웃는다,남보다 못한 형편에 있으면서 오히려 남을 비웃음을 비유적으로 이르는 말.,happiness,2,2,sexual:gray|violent:gray,609801,https://opendict.korean.go.kr/dictionary/view?sense_no=609801
배부르니까 평안 감사도 부럽지 않다,굶주렸던 사람이 배가 부르도록 먹으면 만족하게 됨을 비유적으로 이르는 말.,happiness,2,2,,610844,https://opendict.korean.go.kr/dictionary/view?sense_no=610844
봉치에 포도군사,"신랑집에서 신붓집에 구혼하는 경사스러운 일에 포도군사가 나타남은 당치 아니하다는 뜻으로, 연회나 기타의 장소에 전연 관계없는 사람이 끼어드는 경우를 비유적으로 이르는 말. &lt;동의 속담&gt; ‘사돈(의) 잔치에 중이 참여한다’",happiness,2,2,sexual:gray,603618,https://opendict.korean.go.kr/dictionary/view?sense_no=603618
뿌리 없는 나무에 잎이 필까,"근본이 있어야 결과도 기대할 수 있다는 뜻으로, 희망을 가질 아무런 근거도 없는데 기대를 가짐을 비웃는 말.",happiness,2,2,,611305,https://opendict.korean.go.kr/dictionary/view?sense_no=611305
설날에 옴 오르듯,"희망차고 즐거워야 할 새해 첫날부터 옴이 오른다는 뜻으로, 재수가 없음을 비유적으로 이르는 말.",happiness,2,2,sexual:gray,611702,https://opendict.korean.go.kr/dictionary/view?sense_no=611702
아이 놓고는 웃어도 돈 놓고는 못 웃는다,"아이가 있는 집은 웃음이 늘 끊이지 않고 화목하지만, 돈이 많은 집은 걱정이 늘 끊이지 않는다는 말.",happiness,2,2,sexual:gray,613006,https://opendict.korean.go.kr/dictionary/view?sense_no=613006
웃는 웃음에도 낚시가 있다,‘웃고 사람[뺨] 친다’의 북한 속담.,happiness,2,2,sexual:gray,613643,https://opendict.korean.go.kr/dictionary/view?sense_no=613643
입이 함박만 하다,입이 함지박만큼 커질 정도로 매우 기뻐하고 만족해하는 경우를 비유적으로 이르는 말.,happiness,2,2,violent:gray,613987,https://opendict.korean.go.kr/dictionary/view?sense_no=613987
잔치날 신랑의 길은 임금님 행차도 막지 못한다,혼인날은 누구에게도 방해받아서는 안 될 경사스러운 날임을 이르는 말.,happiness,2,2,sexual:gray,605585,https://opendict.korean.go.kr/dictionary/view?sense_no=605585
비바리는 말똥만 보아도 웃는다,계집애들은 매우 잘 웃는다는 말. &lt;동의 속담&gt; ‘처녀들은 말 방귀만 뀌어도 웃는다’ ‘처녀 한창때는 말똥 굴러가는 것 보고도 웃는다’,happiness,1,4,sexual:gray|violent:gray,611698,https://opendict.korean.go.kr/dictionary/view?sense_no=611698
처녀들은 말 방귀만 뀌어도 웃는다,계집애들은 매우 잘 웃는다는 말. &lt;동의 속담&gt; ‘비바리는 말똥만 보아도 웃는다’ ‘처녀 한창때는 말똥 굴러가는 것 보고도 웃는다’,happiness,1,4,sexual:gray|violent:gray,606343,https://opendict.korean.go.kr/dictionary/view?sense_no=606343
처녀 한창때는 말똥 굴러가는 것 보고도 웃는다,계집애들은 매우 잘 웃는다는 말. &lt;동의 속담&gt; ‘처녀들은 말 방귀만 뀌어도 웃는다’ ‘비바리는 말똥만 보아도 웃는다’,happiness,1,4,sexual:gray|violent:gray,606335,https://opendict.korean.go.kr/dictionary/view?sense_no=606335
산이 울면 들이 웃고 들이 울면 산이 웃는다,"비가 와서 물이 지면 산은 사태가 나 형편없는 모양이 되지만 들은 오히려 농사가 잘되어 웃는 것 같고, 날이 가물어 들이 말라붙으면 오히려 산은 헐리지 아니하여 웃는 듯하다는 뜻으로, 우리나라의 산이 나무가 없이 벌거벗었음을 비유적으로 이르는 말.",happiness,1,3,sexual:gray,603861,https://opendict.korean.go.kr/dictionary/view?sense_no=603861
웃는 낯에 침 못 뱉는다,"웃는 낯으로 대하는 사람에게 침을 뱉을 수 없다는 뜻으로, 좋게 대하는 사람에게 나쁘게 대할 수 없다는 말. &lt;동의 속담&gt; ‘웃는 낯에 침 뱉으랴’",happiness,1,3,,613641,https://opendict.korean.go.kr/dictionary/view?sense_no=613641
웃는 낯에 침 뱉으랴,"웃는 낯으로 대하는 사람에게 침을 뱉을 수 없다는 뜻으로, 좋게 대하는 사람에게 나쁘게 대할 수 없다는 말. &lt;동의 속담&gt; ‘웃는 낯에 침 못 뱉는다’",happiness,1,3,,613642,https://opendict.korean.go.kr/dictionary/view?sense_no=613642
이름난 잔치 배고프다,떠들썩한 소문이나 큰 기대에 비하여 실속이 없거나 소문이 실제와 일치하지 아니하는 경우를 비유적으로 이르는 말. &lt;동의 속담&gt; ‘소문난 잔치에 먹을 것 없다’ ‘소문난 물산(物産)이 더 안되었다’ ‘소문난 잔치 비지떡이 두레 반이라’,happiness,1,3,,605414,https://opendict.korean.go.kr/dictionary/view?sense_no=605414
감사가 행차하면 사또만 죽어난다,"감사가 행차하면 사또가 맞을 준비를 하느라 눈코 뜰 사이 없이 바쁘다는 뜻으로, 윗사람이나 남의 일 때문에 고된 일을 하게 됨을 이르는 말. &lt;동의 속담&gt; ‘사또 행차엔 비장이 죽어난다’",happiness,1,2,violent:gray,600673,https://opendict.korean.go.kr/dictionary/view?sense_no=600673
닭 잡아 겪을 나그네 소 잡아 겪는다,어떤 일을 처음에 소홀히 하다가 나중에 큰 손해를 보게 됨을 비유적으로 이르는 말. &lt;동의 속담&gt; ‘닭 잡아 할 제사 소 잡아 하게 된다’ ‘새 잡아 잔치할 것을 소 잡아 잔치한다’,happiness,1,2,sexual:gray,609178,https://opendict.korean.go.kr/dictionary/view?sense_no=609178
닭 잡아 할 제사 소 잡아 하게 된다,어떤 일을 처음에 소홀히 하다가 나중에 큰 손해를 보게 됨을 비유적으로 이르는 말. &lt;동의 속담&gt; ‘닭 잡아 겪을 나그네 소 잡아 겪는다’ ‘새 잡아 잔치할 것을 소 잡아 잔치한다’,happiness,1,2,sexual:gray,609179,https://opendict.korean.go.kr/dictionary/view?sense_no=609179
밑구멍이 웃는다,"하도 우스꽝스러워 똥구멍이 웃는다는 뜻으로, 매우 우스꽝스러운 경우를 이르는 말.",happiness,1,2,violent:gray,610677,https://opendict.korean.go.kr/dictionary/view?sense_no=610677
복 속에서 복을 모른다,너무 행복에 겨워 그 속에 취하게 되면 불행하던 지난날의 처지를 잊어버리거나 오늘의 행복을 모르는 지경에 이르게 됨을 비유적으로 이르는 말.,happiness,1,2,,611217,https://opendict.korean.go.kr/dictionary/view?sense_no=611217
사돈(의) 잔치에 중이 참여한다,"사돈의 잔치에 중이 나타남은 당치 아니하다는 뜻으로, 연회나 기타의 장소에 전연 관계없는 사람이 끼어드는 경우를 비유적으로 이르는 말. &lt;동의 속담&gt; ‘봉치에 포도군사’",happiness,1,2,,603971,https://opendict.korean.go.kr/dictionary/view?sense_no=603971
삼춘고한 가문 날에 감우(甘雨) 오니 즐거운 일,"봄철 석 달의 지독한 가뭄 가운데 단비가 오니 반갑기 이를 데 없는 일이라는 뜻으로, 몹시 바라고 기다리던 일이 이루어져 매우 반갑고 즐거움을 비유적으로 이르는 말.",happiness,1,2,violent:gray,604071,https://opendict.korean.go.kr/dictionary/view?sense_no=604071
새 잡아 잔치할 것을 소 잡아 잔치한다,어떤 일을 처음에 소홀히 하다가 나중에 큰 손해를 보게 됨을 비유적으로 이르는 말. &lt;동의 속담&gt; ‘닭 잡아 겪을 나그네 소 잡아 겪는다’ ‘닭 잡아 할 제사 소 잡아 하게 된다’,happiness,1,2,sexual:gray,604179,https://opendict.korean.go.kr/dictionary/view?sense_no=604179
울 수 없으니까 웃는다,"울어야 하는 상황에서 너무나 어이가 없어 울 수 없으니까 마지못하여 웃는다는 뜻으로, 너무나 놀랍게 낭패를 보아서 어이없어함을 이르는 말.",happiness,1,2,violent:gray,613662,https://opendict.korean.go.kr/dictionary/view?sense_no=613662
전라도 감사가 홰대 찌를 쌌겠느냐,"전라도 감사가 얼마나 급했으면 닭이 횃대에 물똥 갈기듯 물똥을 다 쌌겠느냐는 뜻으로, 어떤 부정적인 인물이 몹시 급한 지경을 당하여 심히 혼나는 경우를 비유적으로 이르는 말.",happiness,1,2,,605862,https://opendict.korean.go.kr/dictionary/view?sense_no=605862
주린 개가 뒷간을 바라보고 기뻐한다,누구나 배가 고프면 무엇이고 먹을 수 있는 것만 보아도 기뻐한다는 말.,happiness,1,2,,614973,https://opendict.korean.go.kr/dictionary/view?sense_no=614973
처녀 때는 가랑잎 굴러가는 것만 보아도 웃는다,‘처녀들은 말 방귀만 뀌어도 웃는다’의 북한 속담.,happiness,1,2,,606329,https://opendict.korean.go.kr/dictionary/view?sense_no=606329
가는베 낳겠다,"가늘고 고운 베를 잘도 짜겠다는 뜻으로, 솜씨가 없고 무딤을 비웃는 말.",happiness,1,1,,607013,https://opendict.korean.go.kr/dictionary/view?sense_no=607013
가루 가지고 떡 못 만들랴,"가루만 있으면 누구나 떡을 만들 수 있다는 뜻으로, 누구나 다 할 수 있는 일을 자랑하며 뽐내는 것을 비웃는 말.",happiness,1,1,,607032,https://opendict.korean.go.kr/dictionary/view?sense_no=607032
간이 뒤집혔나 허파에 바람이 들었나,마음의 평정을 잃고 까닭 없이 웃음을 핀잔하는 말.,happiness,1,1,sexual:gray,600640,https://opendict.korean.go.kr/dictionary/view?sense_no=600640
개 귀의 비루를 털어 먹어라,하는 짓이 더럽고 치사스러운 사람을 비웃는 말. &lt;동의 속담&gt; ‘거지 턱을 쳐 먹어라’,happiness,1,1,,600767,https://opendict.korean.go.kr/dictionary/view?sense_no=600767
개도 손 들 날이 있다,"개에게도 손님이 올 날이 있다는 뜻으로, 어려운 처지에 있는 사람일지라도 반가운 사람을 만나 기쁨을 나눌 수 있는 기회가 있음을 이르는 말. &lt;동의 속담&gt; ‘거지도 손 볼 날이 있다’",happiness,1,1,sexual:gray,600833,https://opendict.korean.go.kr/dictionary/view?sense_no=600833
개떡 먹기,하기에 쉽고도 즐거운 일임을 비유적으로 이르는 말. &lt;동의 속담&gt; ‘약과(를) 먹기(라)’ ‘기름떡 먹기’ ‘깨떡 먹기’,happiness,1,1,,607109,https://opendict.korean.go.kr/dictionary/view?sense_no=607109
거문고 인 놈이 춤을 추면 칼 쓴 놈도 춤을 춘다,자기는 도저히 할 만한 처지가 아닌데도 남이 하는 짓을 덩달아 흉내 내다가 웃음거리가 됨을 비유적으로 이르는 말. &lt;동의 속담&gt; ‘비단 올이 춤을 추니 베올도 춤을 춘다’,happiness,1,1,sexual:gray|violent:gray,600897,https://opendict.korean.go.kr/dictionary/view?sense_no=600897
거지는 논두렁 밑에 있어도 웃음이 있다,물질적으로는 가난하더라도 마음의 화평은 얼마든지 있을 수 있다는 말.,happiness,1,1,sexual:gray,607272,https://opendict.korean.go.kr/dictionary/view?sense_no=607272
거지도 손 볼 날이 있다,"거지에게도 손님을 볼 날이 있다는 뜻으로, 어려운 처지에 있는 사람일지라도 반가운 사람을 만나 기쁨을 나눌 수 있는 기회가 있음을 이르는 말. &lt;동의 속담&gt; ‘개도 손 들 날이 있다’",happiness,1,1,sexual:gray,607275,https://opendict.korean.go.kr/dictionary/view?sense_no=607275
거지 자루 크면 자루대로 다 줄까,지나치게 큰 그릇을 가지고 옴을 비웃는 말.,happiness,1,1,,607260,https://opendict.korean.go.kr/dictionary/view?sense_no=607260
거지 턱을 쳐 먹어라,하는 짓이 더럽고 치사스러운 사람을 비웃는 말. &lt;동의 속담&gt; ‘개 귀의 비루를 털어 먹어라’,happiness,1,1,,607263,https://opendict.korean.go.kr/dictionary/view?sense_no=607263
경상도 입납,"‘경상도에 들이 넣고’라고만 쓴 편지를 가지고 경상도 땅에서 주인을 찾아 전하는 것은 허황한 일이라는 데서, 주소를 막연하게 써 놓고 찾으려고 하는 경우를 비웃는 말.",happiness,1,1,,600982,https://opendict.korean.go.kr/dictionary/view?sense_no=600982
경자년 가을보리 되듯,"경자년에 가을보리가 제대로 익지 못하여 보리의 모양을 이루지 못하였다는 뜻으로, 사람이나 사물이 잘될 듯이 보이다가 보잘것없이 되어 버림을 비웃는 말.",happiness,1,1,,600951,https://opendict.korean.go.kr/dictionary/view?sense_no=600951
곁집 잔치에 낯을 낸다,제 물건을 쓰지 않고 남의 것을 가지고 생색을 낸다는 말. &lt;동의 속담&gt; ‘곗술에 낯내기’ ‘제삿술 가지고 친구 사귄다’,happiness,1,1,sexual:gray,600975,https://opendict.korean.go.kr/dictionary/view?sense_no=600975
곗술에 낯내기,제 물건을 쓰지 않고 남의 것을 가지고 생색을 낸다는 말. &lt;동의 속담&gt; ‘곁집 잔치에 낯을 낸다’ ‘제삿술 가지고 친구 사귄다’,happiness,1,1,sexual:gray,601000,https://opendict.korean.go.kr/dictionary/view?sense_no=601000
고기를 잡고자 하거든 돌아가 그물을 떠라,목적한 바가 있으면 먼저 그 일을 이룰 준비를 단단히 하라는 말. &lt;동의 속담&gt; ‘고기 보고 기뻐만 말고 가서 그물을 떠라[뜨라]’,happiness,1,1,,607740,https://opendict.korean.go.kr/dictionary/view?sense_no=607740
고기 보고 기뻐만 말고 가서 그물을 떠라[뜨라],목적한 바가 있으면 먼저 그 일을 이룰 준비를 단단히 하라는 말. &lt;동의 속담&gt; ‘고기를 잡고자 하거든 돌아가 그물을 떠라’,happiness,1,1,,607728,https://opendict.korean.go.kr/dictionary/view?sense_no=607728
고목에 꽃이 피랴,별로 기대할 것이 없는 것에 희망을 걸고 있을 필요는 없음을 비유적으로 이르는 말. &lt;동의 속담&gt; ‘마른나무에 꽃이 피랴’,happiness,1,1,sexual:gray|violent:gray,607504,https://opendict.korean.go.kr/dictionary/view?sense_no=607504
고생 끝에 낙이 온다[있다],어려운 일이나 고된 일을 겪은 뒤에는 반드시 즐겁고 좋은 일이 생긴다는 말. &lt;동의 속담&gt; ‘태산을 넘으면 평지를 본다’,happiness,1,1,,607539,https://opendict.korean.go.kr/dictionary/view?sense_no=607539
고슴도치도 제 새끼가 함함하다면 좋아한다,칭찬을 받을 만한 일이 못 되더라도 좋다고 추어주면 누구나 기뻐한다는 말.,happiness,1,1,,607464,https://opendict.korean.go.kr/dictionary/view?sense_no=607464
고양이 수파 쓴 것 같다,"고양이의 못생긴 낯에 수파련을 꽂고서 요란스레 차리고 나선 것 같다는 뜻으로, 본래 못생긴 데다가 제 몸에 어울리지 않는 옷을 입은 모양을 비웃는 말.",happiness,1,1,,601068,https://opendict.korean.go.kr/dictionary/view?sense_no=601068
공을 원수로 갚는다,감사로써 은혜에 보답해야 할 자리에 도리어 해를 끼침을 이르는 말. &lt;동의 속담&gt; ‘은혜를 원수로 갚는다’,happiness,1,1,,601145,https://opendict.korean.go.kr/dictionary/view?sense_no=601145
곶감 죽을 쑤어 먹었나,"곶감으로 죽을 쑤어 먹어 그리 기분이 좋으냐는 뜻으로, 실없이 웃음을 핀잔하는 말.",happiness,1,1,sexual:gray|violent:gray,601166,https://opendict.korean.go.kr/dictionary/view?sense_no=601166
굿 구경 간 어미 기다리듯,"떡을 가지고 올까 하고 굿에 간 어미를 기다리는 아이처럼, 어떤 일에 희망이 있을 때 몹시 초조하게 기다림을 비유적으로 이르는 말. &lt;동의 속담&gt; ‘굿에 간 어미 기다리듯’ ‘어린 아들 굿에 간 어미 기다리듯’",happiness,1,1,,601325,https://opendict.korean.go.kr/dictionary/view?sense_no=601325
굿에 간 어미 기다리듯,"떡을 가지고 올까 하고 굿에 간 어미를 기다리는 아이처럼, 어떤 일에 희망이 있을 때 몹시 초조하게 기다림을 비유적으로 이르는 말. &lt;동의 속담&gt; ‘굿 구경 간 어미 기다리듯’ ‘어린 아들 굿에 간 어미 기다리듯’",happiness,1,1,,601334,https://opendict.korean.go.kr/dictionary/view?sense_no=601334
굿하고 싶어도 맏며느리 춤추는 꼴 보기 싫다,무엇을 하려고 할 때에 미운 사람이 따라나서 기뻐하는 것이 보기가 싫어 하기를 꺼림을 비유적으로 이르는 말.,happiness,1,1,,601336,https://opendict.korean.go.kr/dictionary/view?sense_no=601336
귀신 아홉 죽은 것 보았다는 이와 같다,"세상에 없는 귀신이 죽은 것을 아홉이나 보았다고 하는 사람과 같다는 뜻으로, 도저히 있을 수 없는 허황한 이야기를 장담(壯談)하는 사람을 비웃는 말.",happiness,1,1,violent:gray,607880,https://opendict.korean.go.kr/dictionary/view?sense_no=607880
금천 원이 서울 올라 다니듯,"금천군의 원이 출세하여 보려고 서울의 세도가들에게 뻔질나게 찾아다니듯 한다는 뜻으로, 출세욕에 눈이 어두워 중앙의 권세 있는 자나 상부 기관에 뻔질나게 찾아다니는 모양을 비웃는 말.",happiness,1,1,,601438,https://opendict.korean.go.kr/dictionary/view?sense_no=601438
기름떡 먹기,하기에 쉽고도 즐거운 일임을 비유적으로 이르는 말. &lt;동의 속담&gt; ‘약과(를) 먹기(라)’ ‘개떡 먹기’ ‘깨떡 먹기’,happiness,1,1,,601460,https://opendict.korean.go.kr/dictionary/view?sense_no=601460
길쌈 잘하는 첩,있을 리 없는 희망적인 것을 비유적으로 이르는 말.,happiness,1,1,sexual:gray,601482,https://opendict.korean.go.kr/dictionary/view?sense_no=601482
까마귀가 까치 보고 검다 한다,"제가 더러운 주제에 도리어 남을 더럽다고 흉본다는 뜻으로, 자기 처지는 생각하지 않고 뻔뻔스럽게 남의 흉을 봄을 비웃는 말.",happiness,1,1,,607848,https://opendict.korean.go.kr/dictionary/view?sense_no=607848
까치 배 바닥[배때기] 같다,실속 없이 흰소리를 잘하는 것을 비웃는 말.,happiness,1,1,,608102,https://opendict.korean.go.kr/dictionary/view?sense_no=608102
깨떡 먹기,하기에 쉽고도 즐거운 일임을 비유적으로 이르는 말. &lt;동의 속담&gt; ‘약과(를) 먹기(라)’ ‘개떡 먹기’ ‘기름떡 먹기’,happiness,1,1,,601542,https://opendict.korean.go.kr/dictionary/view?sense_no=601542
꽃 본 나비 (물 본 기러기),남녀 간에 정이 깊어 떨어지지 못하는 즐거움을 비유적으로 이르는 말.,happiness,1,1,sexual:gray,608247,https://opendict.korean.go.kr/dictionary/view?sense_no=608247
내 배가 부르니 종의 배고픔을 모른다,자기만 만족하면 남의 곤란함을 모르고 돌보아 주지 아니함을 비유적으로 이르는 말. &lt;동의 속담&gt; ‘내 배 부르면 종의 밥 짓지 말라 한다’,happiness,1,1,,601794,https://opendict.korean.go.kr/dictionary/view?sense_no=601794
내 배 부르니 평안 감사가 조카 같다,자기 배가 불러 세상에 부러울 것이 없음을 비유적으로 이르는 말.,happiness,1,1,sexual:gray,601792,https://opendict.korean.go.kr/dictionary/view?sense_no=601792
내 배 부르면 종의 밥 짓지 말라 한다,자기만 만족하면 남의 곤란함을 모르고 돌보아 주지 아니함을 비유적으로 이르는 말. &lt;동의 속담&gt; ‘내 배가 부르니 종의 배고픔을 모른다’,happiness,1,1,,601793,https://opendict.korean.go.kr/dictionary/view?sense_no=601793
냉수도 불어 먹겠다,지나치게 조심스럽고 세심한 것을 비웃는 말.,happiness,1,1,,601825,https://opendict.korean.go.kr/dictionary/view?sense_no=601825
노루 꼬리가 길면 얼마나 길까,보잘것없는 재주를 지나치게 믿음을 비웃는 말.,happiness,1,1,sexual:gray,608625,https://opendict.korean.go.kr/dictionary/view?sense_no=608625
뇌성벽력은 귀머거리라도 듣는다,"아무리 청각 장애가 있어 듣지 못한다 할지라도 뇌성벽력은 알 수 있다는 뜻으로, 누구나 분명히 알 수 있는 사실을 비유적으로 이르는 말. &lt;동의 속담&gt; ‘청천백일은 소경이라도 밝게 안다’",happiness,1,1,,608665,https://opendict.korean.go.kr/dictionary/view?sense_no=608665
늦은 밥 먹고 파장(罷場) 간다,때가 이미 늦었음을 비유적으로 이르는 말. &lt;동의 속담&gt; ‘다 밝게 범두와 소리라’,happiness,1,1,sexual:gray,608901,https://opendict.korean.go.kr/dictionary/view?sense_no=608901
단맛 쓴맛 다 보았다,세상의 괴로움과 즐거움을 모두 겪었음을 비유적으로 이르는 말. &lt;동의 속담&gt; ‘쓴맛 단맛 다 보았다’,happiness,1,1,sexual:gray,609105,https://opendict.korean.go.kr/dictionary/view?sense_no=609105
대로 한길을 언제나 웃으며 즐겁게 가리,‘대로 한길 노래로 열라’의 북한 속담.,happiness,1,1,,602133,https://opendict.korean.go.kr/dictionary/view?sense_no=602133
대한 끝에 양춘이 있다,어렵고 괴로운 일을 겪고 나면 즐겁고 좋은 일도 있음을 비유적으로 이르는 말.,happiness,1,1,sexual:gray,609036,https://opendict.korean.go.kr/dictionary/view?sense_no=609036
더도 말고 덜도 말고 늘 가윗날만 같아라,"가윗날은 백곡이 익는 계절인 만큼 모든 것이 풍성하고 즐거운 놀이를 하며 지낸 데서, 잘 먹고 잘 입고 편히 살기를 바라는 말.",happiness,1,1,,602226,https://opendict.korean.go.kr/dictionary/view?sense_no=602226
돈피에 잣죽도 저 싫으면 그만이다,아무리 좋은 일이라도 당사자의 마음이 내키지 않으면 억지로 시킬 수 없음을 비유적으로 이르는 말. &lt;동의 속담&gt;‘평안 감사도 저 싫으면 그만이다’,happiness,1,1,sexual:gray|violent:gray,609116,https://opendict.korean.go.kr/dictionary/view?sense_no=609116
두더지 혼인 같다,"두더지가 하늘, 일월, 구름, 바람, 석불에게 청혼하는 과정에서 천하에 높은 것이 자기보다 나은 것이 없다고 하면서 같은 두더지에게 청혼을 했다는 이야기에서 나온 말로, 분수에 넘치는 엉뚱한 희망을 갖는 것을 비유적으로 이르는 말.",happiness,1,1,,609097,https://opendict.korean.go.kr/dictionary/view?sense_no=609097
뒤에 볼 나무는 그루를 돋우어라,앞으로 희망을 걸 대상에 대해서는 뒷일을 미리부터 깊이 생각하여 보살피라는 말. &lt;동의 속담&gt; ‘뒤에 볼 나무는 뿌리를 높이 잘라라’,happiness,1,1,violent:gray,609283,https://opendict.korean.go.kr/dictionary/view?sense_no=609283
뒤에 볼 나무는 뿌리를 높이 잘라라,앞으로 희망을 걸 대상에 대해서는 뒷일을 미리부터 깊이 생각하여 보살피라는 말. &lt;동의 속담&gt; ‘뒤에 볼 나무는 그루를 돋우어라’,happiness,1,1,violent:gray,609284,https://opendict.korean.go.kr/dictionary/view?sense_no=609284
뒷집 마당 벌어진 데 솔뿌리 걱정한다,"마당이 벌어졌는데 그릇이 터졌을 때 필요한 솔뿌리를 걱정한다는 뜻으로, 당치도 아니한 것으로 사건을 수습하려 하는 어리석음을 비웃는 말. &lt;동의 속담&gt; ‘마당 벌어진 데 웬 솔뿌리 걱정’ ‘마당 터진 데 솔뿌리 걱정한다’",happiness,1,1,sexual:gray,609669,https://opendict.korean.go.kr/dictionary/view?sense_no=609669
들은 풍월 얻은 문자,정식으로 배워서 얻은 지식이 아니라 귓결에 듣고서 문자 쓰는 사람을 비웃는 말.,happiness,1,1,,609572,https://opendict.korean.go.kr/dictionary/view?sense_no=609572
마당 벌어진 데 웬 솔뿌리 걱정,"마당이 벌어졌는데 그릇이 터졌을 때 필요한 솔뿌리를 걱정한다는 뜻으로, 당치도 아니한 것으로 사건을 수습하려 하는 어리석음을 비웃는 말. &lt;동의 속담&gt; ‘뒷집 마당 벌어진 데 솔뿌리 걱정한다’ ‘마당 터진 데 솔뿌리 걱정한다’",happiness,1,1,sexual:gray,609796,https://opendict.korean.go.kr/dictionary/view?sense_no=609796
마당 터진 데 솔뿌리 걱정한다,"마당이 벌어졌는데 그릇이 터졌을 때 필요한 솔뿌리를 걱정한다는 뜻으로, 당치도 아니한 것으로 사건을 수습하려 하는 어리석음을 비웃는 말. &lt;동의 속담&gt; ‘마당 벌어진 데 웬 솔뿌리 걱정’ ‘뒷집 마당 벌어진 데 솔뿌리 걱정한다’",happiness,1,1,sexual:gray,609797,https://opendict.korean.go.kr/dictionary/view?sense_no=609797
마른나무에 꽃이 피랴,별로 기대할 것이 없는 것에 희망을 걸고 있을 필요는 없음을 비유적으로 이르는 말. &lt;동의 속담&gt; ‘고목에 꽃이 피랴’,happiness,1,1,sexual:gray|violent:gray,609804,https://opendict.korean.go.kr/dictionary/view?sense_no=609804
모기 대가리에 골을 내랴,불가능한 일을 하려는 경우를 비웃는 말.,happiness,1,1,,610007,https://opendict.korean.go.kr/dictionary/view?sense_no=610007
못 먹는 잔치에 갓만 부순다,소득 없는 일에 손해만 남을 비유적으로 이르는 말.,happiness,1,1,,603021,https://opendict.korean.go.kr/dictionary/view?sense_no=603021
반 잔 술에 눈물 나고 한 잔 술에 웃음 난다,남에게 이왕 무엇을 주려거든 흡족하게 주어야지 그렇지 못하면 도리어 인심을 잃게 된다는 말.,happiness,1,1,sexual:gray,610793,https://opendict.korean.go.kr/dictionary/view?sense_no=610793
밤도적이 해빛을 무서워한다,밤에 도둑질을 한 도둑놈이 지은 죄가 드러날까 두려워 밝은 데를 피함을 비유적으로 이르는 말.,happiness,1,1,violent:gray,603323,https://opendict.korean.go.kr/dictionary/view?sense_no=603323
밤이 깊어 갈수록 새벽이 가까와 온다,어렵고 고통스러운 환경을 오랫동안 참고 이겨 내면 마침내 새롭고 희망찬 환경이 다가옴을 비유적으로 이르는 말.,happiness,1,1,,610523,https://opendict.korean.go.kr/dictionary/view?sense_no=610523
밥 우에 떡 안 준다고 그러느냐,잘해 주어도 만족할 줄 모르고 불평불만을 늘어놓거나 한없이 욕심을 부림을 비유적으로 이르는 말.,happiness,1,1,,611078,https://opendict.korean.go.kr/dictionary/view?sense_no=611078
벙어리 예장 받은 듯 싱글벙글한다,"말 못 하는 벙어리가 예장을 받고 몹시 기쁘기는 하나 말로 표현할 수 없기 때문에 그저 싱글벙글 웃기만 한다는 뜻으로, 좋은 일이 있어 기쁨을 감추지 못하고 싱글벙글 웃기만 함을 비유적으로 이르는 말.",happiness,1,1,,611027,https://opendict.korean.go.kr/dictionary/view?sense_no=611027
병신도 제 재미에 산다,사람은 잘났건 못났건 누구나 다 자기만의 생활의 즐거움이 있음을 비유적으로 이르는 말.,happiness,1,1,sexual:gray|violent:gray,611165,https://opendict.korean.go.kr/dictionary/view?sense_no=611165
보름달이 밝은 줄 몰랐더냐,누구에게나 이치가 명백한 사실을 왜 모르느냐는 것을 이르는 말.,happiness,1,1,,603466,https://opendict.korean.go.kr/dictionary/view?sense_no=603466
복이야 명이야 (한다),"내게 닥친 복이냐 아니면 내 운명이 그러하냐는 뜻으로, 뜻밖에 좋은 수가 나서 어쩔 줄을 모르고 기뻐하는 모양을 이르는 말.",happiness,1,1,,611224,https://opendict.korean.go.kr/dictionary/view?sense_no=611224
봉사 청맹과니 만났다,"눈먼 봉사가 눈 뜬 맹인인 청맹과니를 만났다는 뜻으로, 같은 처지의 사람이 서로 만나서 매우 기뻐하는 경우를 비유적으로 이르는 말.",happiness,1,1,violent:gray,603574,https://opendict.korean.go.kr/dictionary/view?sense_no=603574
비단 올이 춤을 추니 베올도 춤을 춘다,자기는 도저히 할 만한 처지가 아닌데도 남이 하는 짓을 덩달아 흉내 내다가 웃음거리가 됨을 비유적으로 이르는 말. &lt;동의 속담&gt; ‘거문고 인 놈이 춤을 추면 칼 쓴 놈도 춤을 춘다’,happiness,1,1,sexual:gray|violent:gray,611577,https://opendict.korean.go.kr/dictionary/view?sense_no=611577
비렁뱅이 비단 얻은 것[격],자기 분수에 넘치는 것을 얻어 가지고 자랑함을 비웃는 말. &lt;동의 속담&gt; ‘거지가 말 얻은 것[격]’,happiness,1,1,,611402,https://opendict.korean.go.kr/dictionary/view?sense_no=611402
뺨(을) 맞을 놈이 여기 때려라 저기 때려라 한다,죄를 지어 마땅히 벌을 받아야 할 사람이 처분을 기다리지 아니하고 도리어 제 좋을 대로 요구함을 비웃는 말.,happiness,1,1,,611464,https://opendict.korean.go.kr/dictionary/view?sense_no=611464
뿔 떨어지면 구워 먹지,"든든히 붙어 있는 뿔이 떨어지면 구워 먹겠다고 기다린다는 뜻으로, 도저히 불가능한 일을 바라고 기다림을 비웃는 말.",happiness,1,1,,611891,https://opendict.korean.go.kr/dictionary/view?sense_no=611891
사돈이 물에 빠졌나 웃기는 왜 웃어,별로 우습지도 아니한 일에 실없이 잘 웃는 사람을 핀잔하는 말. &lt;동의 속담&gt; ‘선떡 먹고 체하였나 웃기는 왜 웃나’,happiness,1,1,,603981,https://opendict.korean.go.kr/dictionary/view?sense_no=603981
사또 행차엔 비장이 죽어난다,"사또가 길을 떠나게 되니 비장은 그 준비를 갖추느라 눈코 뜰 사이 없이 바쁘다는 뜻으로, 윗사람이나 남의 일 때문에 고된 일을 하게 됨을 이르는 말. &lt;동의 속담&gt; ‘감사가 행차하면 사또만 죽어난다’",happiness,1,1,violent:gray,611476,https://opendict.korean.go.kr/dictionary/view?sense_no=611476
살갑기는 평양 나막신,안쪽이 넓은 평양 나막신처럼 몸은 작은데 음식은 남보다 더 많이 먹는 사람을 비웃는 말.,happiness,1,1,sexual:gray,603955,https://opendict.korean.go.kr/dictionary/view?sense_no=603955
살찐 놈 따라 붓는다,"살찐 사람처럼 되느라 붓는다는 뜻으로, 남이 하는 짓을 무리하게 흉내 냄을 비웃는 말.",happiness,1,1,,611827,https://opendict.korean.go.kr/dictionary/view?sense_no=611827
삶은 게가 다 웃는다,‘삶은 소가 웃다가 꾸러미 째지겠다[터지겠다]’의 북한 속담.,happiness,1,1,,611772,https://opendict.korean.go.kr/dictionary/view?sense_no=611772
삼 년을 결은 노망태기,오랫동안 가지고 있으면서 돌아가며 주물럭거린 것을 비웃는 말.,happiness,1,1,,604002,https://opendict.korean.go.kr/dictionary/view?sense_no=604002
삼현 육각 잡히고 시집간 사람 잘산 데 없다,알력과 모순으로 가득 차 있는 부자 집안에 시집가서 행복할 것이 없음을 풍자하여 이르는 말.,happiness,1,1,sexual:gray,604033,https://opendict.korean.go.kr/dictionary/view?sense_no=604033
상감님도 제 마음에 들어야 한다,‘평안 감사도 저 싫으면 그만이다’의 북한 속담.,happiness,1,1,sexual:gray,611809,https://opendict.korean.go.kr/dictionary/view?sense_no=611809
상제와 젯날 다툰다,"제삿날을 가장 잘 알고 있을 상제와 제삿날을 가지고 시비한다는 뜻으로, 어떤 방면에 아주 잘 아는 사람을 상대로 어리석게 제 의견을 고집함을 비웃는 말. &lt;동의 속담&gt; ‘상주 보고 제삿날 다툰다’",happiness,1,1,,612004,https://opendict.korean.go.kr/dictionary/view?sense_no=612004
상주 보고 제삿날 다툰다,"제삿날을 가장 잘 알고 있을 상주와 제삿날을 가지고 시비한다는 뜻으로, 어떤 방면에 아주 잘 아는 사람을 상대로 어리석게 제 의견을 고집함을 비웃는 말. &lt;동의 속담&gt; ‘상제와 젯날 다툰다’",happiness,1,1,,604214,https://opendict.korean.go.kr/dictionary/view?sense_no=604214
선떡 먹고 체하였나 웃기는 왜 웃나,별로 우습지도 아니한 일에 실없이 잘 웃는 사람을 핀잔하는 말. &lt;동의 속담&gt; ‘사돈이 물에 빠졌나 웃기는 왜 웃어’,happiness,1,1,,604135,https://opendict.korean.go.kr/dictionary/view?sense_no=604135
세월에 속아 산다,사람이란 현재 살아가는 것이 변변하지 못하여도 앞으로는 나아지겠거니 하는 막연한 희망을 가지고 살아간다는 말.,happiness,1,1,,604163,https://opendict.korean.go.kr/dictionary/view?sense_no=604163
속저고리 벗고 은반지,격에 맞지 아니하게 겉치레만 하여 보기 흉하고 웃음거리가 됨을 비유적으로 이르는 말.,happiness,1,1,sexual:gray,612564,https://opendict.korean.go.kr/dictionary/view?sense_no=612564
손톱은 슬플 때마다 돋고 발톱은 기쁠 때마다 돋는다,손톱이 발톱보다 빨리 자란다는 데서 기쁨보다 슬픔이 더 많음을 비유적으로 이르는 말.,happiness,1,1,sexual:gray,612282,https://opendict.korean.go.kr/dictionary/view?sense_no=612282
쓴맛 단맛 다 보았다,세상의 괴로움과 즐거움을 모두 겪었음을 비유적으로 이르는 말. &lt;동의 속담&gt; ‘단맛 쓴맛 다 보았다’,happiness,1,1,sexual:gray,604768,https://opendict.korean.go.kr/dictionary/view?sense_no=604768
아무리 밝은 달빛도 해빛을 대신 못 한다,달빛이 아무리 밝아도 햇빛보다 밝을 수는 없다는 말.,happiness,1,1,,613085,https://opendict.korean.go.kr/dictionary/view?sense_no=613085
알뜰하고 덕 있는 며느리가 들어와야 집안이 흥한다,"살림살이가 알뜰하고 덕이 있는 며느리가 들어와야 그 집안이 화목하고 흥하게 된다는 뜻으로, 집안이 화목하고 행복하게 되려면 안주인의 성품과 덕행이 중요하다는 말.",happiness,1,1,,604813,https://opendict.korean.go.kr/dictionary/view?sense_no=604813
암탉의 무녀리냐,"맨 처음 낳는 알은 매우 작다는 뜻으로, 몸집이 작은 사람을 비웃는 말.",happiness,1,1,sexual:gray|violent:gray,613135,https://opendict.korean.go.kr/dictionary/view?sense_no=613135
약과(를) 먹기(라),하기에 쉽고도 즐거운 일임을 비유적으로 이르는 말. &lt;동의 속담&gt; ‘개떡 먹기’ ‘기름떡 먹기’ ‘깨떡 먹기’,happiness,1,1,,613080,https://opendict.korean.go.kr/dictionary/view?sense_no=613080
어린 아들 굿에 간 어미 기다리듯,"떡을 가지고 올까 하고 굿에 간 어미를 기다리는 아이처럼, 어떤 일에 희망이 있을 때 몹시 초조하게 기다림을 비유적으로 이르는 말. &lt;동의 속담&gt; ‘굿에 간 어미 기다리듯’ ‘굿 구경 간 어미 기다리듯’",happiness,1,1,,612947,https://opendict.korean.go.kr/dictionary/view?sense_no=612947
어미 본 아기 물 본 기러기,언제 만나도 좋은 사람을 보고 기뻐하는 사람을 이르는 말.,happiness,1,1,,613383,https://opendict.korean.go.kr/dictionary/view?sense_no=613383
얼레빗 참빗 품고 가도 제 복이 있으면 잘산다,"친정이 가난하여 입은 옷과 머리빗밖에는 가지고 간 것이 없지만 잘살려면 얼마든지 행복하게 잘산다는 뜻으로, 예장(禮裝)을 많이 하여야 잘사는 것은 아니라는 말. &lt;동의 속담&gt;‘이고 지고 가도 제 복 없으면 못산다’",happiness,1,1,,612998,https://opendict.korean.go.kr/dictionary/view?sense_no=612998
얽어 매고 찍어 맨 곰보도 저 잘난 맛에 산다,남이야 어떻게 보건 사람은 누구나 자기만의 자존심을 가지고 만족감을 느끼며 살아간다는 말.,happiness,1,1,violent:gray,613465,https://opendict.korean.go.kr/dictionary/view?sense_no=613465
여우가 죽으니까 토끼가 슬퍼한다,도대체 있을 법도 하지 않은 엉뚱한 결과를 기대하는 모양을 비웃는 말.,happiness,1,1,violent:gray,613258,https://opendict.korean.go.kr/dictionary/view?sense_no=613258
오동 씨만 보아도 춤춘다,여러 단계를 거쳐야 비로소 연상할 수 있는 사물의 징조를 보고 마치 그 결과를 본 듯이 기뻐한다는 말.,happiness,1,1,,605216,https://opendict.korean.go.kr/dictionary/view?sense_no=605216
외삼촌 물에 빠졌는가 (웃기는 왜 웃나),남의 작은 실수를 보고도 잘 웃는 사람을 보고 하는 말.,happiness,1,1,,605187,https://opendict.korean.go.kr/dictionary/view?sense_no=605187
웃고 사람[뺨] 친다,겉으로는 좋은 체하면서 실제로는 해롭게 하는 경우를 비유적으로 이르는 말. &lt;동의 속담&gt; ‘웃으며 뺨 치듯’ ‘웃음 속에 칼이 있다’,happiness,1,1,sexual:gray|violent:gray,613638,https://opendict.korean.go.kr/dictionary/view?sense_no=613638
웃으며 뺨 치듯,겉으로는 좋은 체하면서 실제로는 해롭게 하는 경우를 비유적으로 이르는 말. &lt;동의 속담&gt; ‘웃고 사람[뺨] 친다’ ‘웃음 속에 칼이 있다’,happiness,1,1,sexual:gray|violent:gray,613645,https://opendict.korean.go.kr/dictionary/view?sense_no=613645
웃음 끝에 눈물,"처음에는 재미나게 잘 지내다가도 나중에는 슬픈 일, 괴로운 일이 생기는 것이 세상사임을 비유적으로 이르는 말.",happiness,1,1,sexual:gray,613775,https://opendict.korean.go.kr/dictionary/view?sense_no=613775
웃음 속에 칼이 있다,겉으로는 좋은 체하면서 실제로는 해롭게 하는 경우를 비유적으로 이르는 말. &lt;동의 속담&gt; ‘웃고 사람[뺨] 친다’ ‘웃으며 뺨 치듯’,happiness,1,1,sexual:gray|violent:gray,613776,https://opendict.korean.go.kr/dictionary/view?sense_no=613776
은혜를 원수로 갚는다,감사로써 은혜에 보답해야 할 자리에 도리어 해를 끼침을 이르는 말. &lt;동의 속담&gt; ‘공을 원수로 갚는다’,happiness,1,1,,614109,https://opendict.korean.go.kr/dictionary/view?sense_no=614109
의주 륙섬 강냉이 가렴 보고 큰다,"의주 육섬의 옥수수가 저를 사 갈 가렴의 소금 굽는 사람들을 바라면서 자란다는 뜻으로, 무슨 일이든지 희망을 걸고 하게 됨을 비유적으로 이르는 말.",happiness,1,1,,605362,https://opendict.korean.go.kr/dictionary/view?sense_no=605362
이왕지사 온 김에 발치잠이나 자고 가겠다,이왕 한 일이니까 별로 만족스럽지 않아도 상황이나 형편이 허락하는 한에서 일을 해치우는 수밖에 없음을 비유적으로 이르는 말.,happiness,1,1,sexual:gray,613794,https://opendict.korean.go.kr/dictionary/view?sense_no=613794
일에는 베돌이 먹을 땐 감돌이,일을 할 때에는 뺀질뺀질거리며 피하다가 먹을 때에는 더 많이 얻으려고 하는 사람을 비웃는 말.,happiness,1,1,violent:gray,614117,https://opendict.korean.go.kr/dictionary/view?sense_no=614117
자기 늙은 것은 몰라도 남 자라는 것은 안다,자기 결함은 잘 깨닫지 못하면서 남의 흠에는 밝은 경우를 비유적으로 이르는 말.,happiness,1,1,,605501,https://opendict.korean.go.kr/dictionary/view?sense_no=605501
잔나비 잔치다,남을 흉내 내어 한 일이 제 격에 맞지 아니한 경우를 비유적으로 이르는 말.,happiness,1,1,,605627,https://opendict.korean.go.kr/dictionary/view?sense_no=605627
잔치날 다가오듯,어떤 일을 해야 할 시각이 빠르고 급하게 다가옴을 비유적으로 이르는 말.,happiness,1,1,,605582,https://opendict.korean.go.kr/dictionary/view?sense_no=605582
잔치날 맏며느리 앓아눕는다,가장 중요한 때에 일을 주관하여 처리하여야 할 주요한 사람이 탈이 나서 눕게 되는 경우를 비유적으로 이르는 말. &lt;동의 속담&gt; ‘제사날 맏며느리 앓아눕는다’,happiness,1,1,,605583,https://opendict.korean.go.kr/dictionary/view?sense_no=605583
잔치날 신부를 가마에 태워 놓고 버선이 없다 한다,큰일을 치르면서도 그에 걸맞은 준비나 마련이 부족함을 비난조로 이르는 말.,happiness,1,1,sexual:gray,605586,https://opendict.korean.go.kr/dictionary/view?sense_no=605586
잔치날에 큰상 받는 기분,대단히 기쁘고 흡족함을 비유적으로 이르는 말.,happiness,1,1,,605587,https://opendict.korean.go.kr/dictionary/view?sense_no=605587
잔치는 잘 먹은 놈 잘 차렸다 하고 못 먹은 놈 못 차렸다 한다,어떤 일이나 사물에 대한 평가는 자기의 경험을 바탕으로 하게 됨을 이르는 말.,happiness,1,1,,614429,https://opendict.korean.go.kr/dictionary/view?sense_no=614429
잔치 보러 왔다가 초상 본다,기쁜 일 뒤에 뜻밖의 안 좋은 일을 만나게 됨을 이르는 말.,happiness,1,1,,614428,https://opendict.korean.go.kr/dictionary/view?sense_no=614428
잔칫집에는 같이 가지 못하겠다,언제나 경사스러운 자리에서 남의 결점을 들추어내어 남의 좋은 일을 그르치게 하는 사람을 두고 이르는 말.,happiness,1,1,,605593,https://opendict.korean.go.kr/dictionary/view?sense_no=605593
장님이 잔치 구경 간 격,보기는 하였지만 내용은 도무지 알지 못하여 결국 하나 마나 하게 됨을 비유적으로 이르는 말.,happiness,1,1,,614346,https://opendict.korean.go.kr/dictionary/view?sense_no=614346
장마다 꼴뚜기[망둥이] 날까,자주 바뀌는 세상 물정을 모르는 어리석음을 비웃는 말.,happiness,1,1,sexual:gray,614406,https://opendict.korean.go.kr/dictionary/view?sense_no=614406
장맛이 단[있는] 집에 복이 많다,살림이 알뜰하고 음식 솜씨가 있는 집에 행복한 생활이 있다는 말.,happiness,1,1,sexual:gray|violent:gray,605621,https://opendict.korean.go.kr/dictionary/view?sense_no=605621
저 건너 빈터에서 잘살던 자랑 하면 무슨 소용 있나,"지금은 빈터밖에 남지 아니한 데서 과거에 잘살았다고 자랑하여 보아야 현재의 생활에는 아무 도움도 되지 아니한다는 뜻으로, 누구도 알아주지 아니하는 자랑을 하여 보아야 남의 웃음거리밖에 되지 아니한다는 말.",happiness,1,1,sexual:gray|violent:gray,605758,https://opendict.korean.go.kr/dictionary/view?sense_no=605758
저렇게 급하면 할미 속으로 왜 아니 나와,매우 성미가 급한 사람을 비웃는 말.,happiness,1,1,violent:gray,605633,https://opendict.korean.go.kr/dictionary/view?sense_no=605633
제 밥그릇 높은 줄만 안다,"자기 밥그릇에 밥이 많이 담긴 것만 만족해서 우쭐해 있다는 뜻으로, 자기만 제일인 듯이 어리석게 생각함을 비유적으로 이르는 말.",happiness,1,1,,614637,https://opendict.korean.go.kr/dictionary/view?sense_no=614637
제 배 부르니 평양 감사가 녹두알[조카]같이 보인다,먹는 것이 걱정 없게 되니 더 이상 아무것도 부러울 것이 없음을 비유적으로 이르는 말.,happiness,1,1,sexual:gray,614641,https://opendict.korean.go.kr/dictionary/view?sense_no=614641
제사날 맏며느리 앓아눕는다,가장 중요한 때에 일을 주관하여 처리하여야 할 주요한 사람이 탈이 나서 눕게 되는 경우를 비유적으로 이르는 말. &lt;동의 속담&gt; ‘잔치날 맏며느리 앓아눕는다’,happiness,1,1,,605905,https://opendict.korean.go.kr/dictionary/view?sense_no=605905
제삿술 가지고 친구 사귄다,제 물건을 쓰지 않고 남의 것을 가지고 생색을 낸다는 말. &lt;동의 속담&gt; ‘곁집 잔치에 낯을 낸다’ ‘곗술에 낯내기’,happiness,1,1,sexual:gray,605844,https://opendict.korean.go.kr/dictionary/view?sense_no=605844
좋은 날에 랭수를 끼얹다,경사스러운 날을 맞는 사람들의 마음을 잡치게 만드는 경우를 비유적으로 이르는 말.,happiness,1,1,sexual:gray,605995,https://opendict.korean.go.kr/dictionary/view?sense_no=605995
죽사발이 웃음이요 밥사발이 눈물이라,먹을 것이 있어도 근심과 걱정 속에 지내는 것보다 가난하게 살더라도 걱정 없이 사는 편이 낫다는 말.,happiness,1,1,sexual:gray|violent:gray,615022,https://opendict.korean.go.kr/dictionary/view?sense_no=615022
찰떡도 한두 끼,좋은 것도 한두 번이지 여러 번 반복되면 싫어짐을 비유적으로 이르는 말.,happiness,1,1,,606201,https://opendict.korean.go.kr/dictionary/view?sense_no=606201
첫술에 배부르랴,어떤 일이든지 단번에 만족할 수는 없다는 말. &lt;동의 속담&gt; ‘한술 밥에 배부르랴’,happiness,1,1,,615327,https://opendict.korean.go.kr/dictionary/view?sense_no=615327
청천백일은 소경이라도 밝게 안다,"아무리 장님일지라도 맑게 갠 하늘은 알 수 있다는 뜻으로, 누구나 분명히 알 수 있는 사실을 비유적으로 이르는 말. &lt;동의 속담&gt; ‘뇌성벽력은 귀머거리라도 듣는다’",happiness,1,1,,615412,https://opendict.korean.go.kr/dictionary/view?sense_no=615412
촌놈은 똥배 부른 것만 친다,질보다 양만 많으면 만족해함을 비꼬는 말. &lt;동의 속담&gt; ‘촌놈은 밥그릇 높은 것만 친다’,happiness,1,1,,615670,https://opendict.korean.go.kr/dictionary/view?sense_no=615670
촌놈은 밥그릇 높은 것만 친다,질보다 양만 많으면 만족해함을 비꼬는 말. &lt;동의 속담&gt; ‘촌놈은 똥배 부른 것만 친다’,happiness,1,1,,615671,https://opendict.korean.go.kr/dictionary/view?sense_no=615671
콩 본 당나귀같이 흥흥한다,자기가 좋아하는 것을 눈앞에 두고 기뻐함을 비유적으로 이르는 말.,happiness,1,1,,615481,https://opendict.korean.go.kr/dictionary/view?sense_no=615481
큰 산 넘어 평지 본다,고생을 이겨 내면 즐거운 날이 옴을 비유적으로 이르는 말.,happiness,1,1,,615623,https://opendict.korean.go.kr/dictionary/view?sense_no=615623
큰일 치른 집에 저녁거리 있고 큰굿 한 집에 저녁거리 없다,잔치를 하는 집은 여유가 있으나 굿을 하는 집은 살림이 쪼들리는 법임을 이르는 말.,happiness,1,1,,606576,https://opendict.korean.go.kr/dictionary/view?sense_no=606576
큰집 잔치에 작은집 돼지 잡는다,남에게 매여 지내는 탓으로 아무 이해관계도 없는 일에 억울하게 희생당함을 비유적으로 이르는 말.,happiness,1,1,violent:gray,606432,https://opendict.korean.go.kr/dictionary/view?sense_no=606432
태산을 넘으면 평지를 본다,어려운 일이나 고된 일을 겪은 뒤에는 반드시 즐겁고 좋은 일이 생긴다는 말. &lt;동의 속담&gt; ‘고생 끝에 낙이 온다[있다]’,happiness,1,1,,615685,https://opendict.korean.go.kr/dictionary/view?sense_no=615685
평안 감사도 저 싫으면 그만이다,아무리 좋은 일이라도 당사자의 마음이 내키지 않으면 억지로 시킬 수 없음을 비유적으로 이르는 말. &lt;동의 속담&gt; ‘돈피에 잣죽도 저 싫으면 그만이다’,happiness,1,1,sexual:gray|violent:gray,616107,https://opendict.korean.go.kr/dictionary/view?sense_no=616107
한술 밥에 배부르랴,어떤 일이든지 단번에 만족할 수는 없다는 말. &lt;동의 속담&gt; ‘첫술에 배부르랴’,happiness,1,1,,606770,https://opendict.korean.go.kr/dictionary/view?sense_no=606770
혼인치레 말고 팔자치레 하랬다,혼인 잔치는 잘하지 못하더라도 잘살기만 하면 된다고 위로하는 말.,happiness,1,1,,616346,https://opendict.korean.go.kr/dictionary/view?sense_no=616346
홍 감사네 뫼 근방이라,그 근방에는 얼씬대지도 못하게 한다는 말.,happiness,1,1,,606880,https://opendict.korean.go.kr/dictionary/view?sense_no=606880
병 만나기는 쉬워도 병 고치기는 힘들다,"병에 걸리기는 쉬워도 일단 걸린 병을 고쳐서 건강을 회복하기는 힘이 든다는 뜻으로, 일단 잘못된 길에 들어서면 거기에서 헤어나기가 어려움을 비유적으로 이르는 말.",health,4,8,,611169,https://opendict.korean.go.kr/dictionary/view?sense_no=611169
앓는 병에는 죽지 않아도 꾀병에는 죽는다,"병에 걸려 앓게 되면 의사에게 보이고 여러 가지 약을 써 고칠 수 있으나 꾀병을 부리다가는 누구도 모르는 위험에 빠져 목숨을 잃을 수도 있다는 뜻으로, 사람은 언제나 솔직하여야지 쓸데없이 꾀병이나 속임수로 요령을 부리다가는 제 몸을 망칠 수 있다는 말.",health,4,8,violent:gray,604785,https://opendict.korean.go.kr/dictionary/view?sense_no=604785
고기 한 점이 귀신 천 머리를 쫓는다,귀신이 붙은 듯이 몸이 쇠약해졌을 때라도 충분히 먹고 제 몸을 돌보는 것이 건강을 회복하는 가장 빠른 길임을 비유적으로 이르는 말. &lt;동의 속담&gt; ‘밥 한 알이 귀신 열을 쫓는다’,health,3,4,,607730,https://opendict.korean.go.kr/dictionary/view?sense_no=607730
밥 선 것은 사람 살려도 의원 선 것은 사람 죽인다,"밥이 선 것을 먹어도 사람의 목숨에는 관계가 없지만 사람의 병을 고치는 의사가 서투르면 사람의 목숨을 앗아 갈 수 있다는 뜻으로, 의술이 서투른 의원을 경계하는 말.",health,3,4,violent:gray,611076,https://opendict.korean.go.kr/dictionary/view?sense_no=611076
밥 한 알이 귀신 열을 쫓는다,귀신이 붙은 듯이 몸이 쇠약해졌을 때라도 충분히 먹고 제 몸을 돌보는 것이 건강을 회복하는 가장 빠른 길임을 비유적으로 이르는 말. &lt;동의 속담&gt; ‘고기 한 점이 귀신 천 머리를 쫓는다’,health,3,4,,611085,https://opendict.korean.go.kr/dictionary/view?sense_no=611085
병든 솔개같이,잠시도 쉬지 않고 여기저기 살펴보며 빙빙 돌아다님을 비유적으로 이르는 말.,health,3,3,,603448,https://opendict.korean.go.kr/dictionary/view?sense_no=603448
의사가 제 병 못 고친다,자기가 자신에 관한 일을 좋게 해결하기는 어려운 일이어서 남의 손을 빌려야만 이루기 쉬움을 비유적으로 이르는 말. &lt;동의 속담&gt; ‘중이 제 머리를 못 깎는다’,health,3,3,,613873,https://opendict.korean.go.kr/dictionary/view?sense_no=613873
중이 제 머리를 못 깎는다,자기가 자신에 관한 일을 좋게 해결하기는 어려운 일이어서 남의 손을 빌려야만 이루기 쉬움을 비유적으로 이르는 말. &lt;동의 속담&gt; ‘의사가 제 병 못 고친다’,health,3,3,,614747,https://opendict.korean.go.kr/dictionary/view?sense_no=614747
꿩은 머리만 풀에 감춘다,"급하게 된 꿩이 제 몸을 숨긴다는 것이 겨우 머리만 풀 속에 묻는다는 뜻으로, 몸을 완전히 숨기지 못하고 숨었다고 안심하다가 발각됨을 비유적으로 이르는 말.",health,2,5,,608392,https://opendict.korean.go.kr/dictionary/view?sense_no=608392
병들어야 설움을 안다,"제 몸에 병이 나야 병난 사람의 설움을 안다는 뜻으로, 직접 경험하지 않고는 그 설움을 모름을 비유적으로 이르는 말.",health,2,4,,603449,https://opendict.korean.go.kr/dictionary/view?sense_no=603449
병 자랑은 하여라,병이 들었을 때는 자기가 앓고 있는 병을 자꾸 이 사람 저 사람에게 말하여 고칠 길을 물어보아야 좋은 치료 방법을 찾을 수 있다는 말.,health,2,4,,611170,https://opendict.korean.go.kr/dictionary/view?sense_no=611170
삼정승 부러워 말고 내 한 몸 튼튼히 가지라,권세나 권세 있는 사람들의 도움에 헛된 욕심을 두지 말고 제 몸의 건강이나 바른 행실을 위해 힘쓰라는 말. &lt;동의 속담&gt; ‘삼정승을 사귀지 말고 내 한 몸을 조심하라’ ‘정승 판서 사귀지 말고 제 입이나 잘 닦아라’,health,2,4,,604103,https://opendict.korean.go.kr/dictionary/view?sense_no=604103
삼정승을 사귀지 말고 내 한 몸을 조심하라,권세나 권세 있는 사람들의 도움에 헛된 욕심을 두지 말고 제 몸의 건강이나 바른 행실을 위해 힘쓰라는 말. &lt;동의 속담&gt; ‘삼정승 부러워 말고 내 한 몸 튼튼히 가지라’ ‘정승 판서 사귀지 말고 제 입이나 잘 닦아라’,health,2,4,,604104,https://opendict.korean.go.kr/dictionary/view?sense_no=604104
숨을 쉬어도 같은 숨을 쉬고 말을 하여도 같은 말을 한다,여러 사람이 한 사람처럼 같은 생각과 뜻을 가지고 행동함을 비유적으로 이르는 말.,health,2,4,,612184,https://opendict.korean.go.kr/dictionary/view?sense_no=612184
젊은 과부 한숨 쉬듯,시름이 깊어 한숨을 자주 쉬는 모습을 비유적으로 이르는 말.,health,2,4,,614491,https://opendict.korean.go.kr/dictionary/view?sense_no=614491
정승 판서 사귀지 말고 제 입이나 잘 닦아라,권세나 권세 있는 사람들의 도움에 헛된 욕심을 두지 말고 제 몸의 건강이나 바른 행실을 위해 힘쓰라는 말. &lt;동의 속담&gt; ‘삼정승 부러워 말고 내 한 몸 튼튼히 가지라’ ‘삼정승을 사귀지 말고 내 한 몸을 조심하라’,health,2,4,,614508,https://opendict.korean.go.kr/dictionary/view?sense_no=614508
고약으로는 속병을 고치지 못한다,"겉에 바르는 고약으로는 몸 안의 속병을 고칠 수 없다는 뜻으로, 알맞은 대책이 아니고서는 일을 성사시킬 수 없음을 이르는 말.",health,2,3,sexual:gray,601043,https://opendict.korean.go.kr/dictionary/view?sense_no=601043
늙고 병든 몸은 눈먼 새도 안 앉는다,사람이 늙고 병들면 누구 하나 찾아 주지 아니하고 좋아하는 사람도 없음을 비유적으로 이르는 말.,health,2,3,sexual:gray,608932,https://opendict.korean.go.kr/dictionary/view?sense_no=608932
마당이 환하면 비가 오고 계집 뒤가 반지르르하면 애가 든다,아이 어머니의 쇠약하였던 몸이 다시 회복되고 몸매가 반지르르하게 되면 또 아이를 가지게 됨을 이르는 말.,health,2,3,sexual:gray|violent:gray,609798,https://opendict.korean.go.kr/dictionary/view?sense_no=609798
머리를 감추고 꼬리를 숨긴다,"몸을 숨기기 위하여 머리는 구멍에 감추고 꼬리는 사타구니에 감춘다는 뜻으로, 사실을 명백히 드러내어 놓지 않고 감추는 모양을 비유적으로 이르는 말.",health,2,3,,609945,https://opendict.korean.go.kr/dictionary/view?sense_no=609945
별대 마병 편구 치듯,"훈련도감 마병들이 편을 갈라 타구(打毬)하듯 친다는 뜻으로, 날쌘 몸짓으로 내리치는 모양을 비유적으로 이르는 말.",health,2,3,,603490,https://opendict.korean.go.kr/dictionary/view?sense_no=603490
병신 고운 데 없다,몸이 성하지 못한 사람은 마음도 바르지 못하다는 말. &lt;동의 속담&gt; ‘병신 마음 좋은 사람 없다’,health,2,3,sexual:gray,611159,https://opendict.korean.go.kr/dictionary/view?sense_no=611159
병신 마음 좋은 사람 없다,몸이 성하지 못한 사람은 마음도 바르지 못하다는 말. &lt;동의 속담&gt; ‘병신 고운 데 없다’,health,2,3,sexual:gray,611161,https://opendict.korean.go.kr/dictionary/view?sense_no=611161
병은 한 가지 약은 천 가지,한 가지 병에 대하여 그 치료법이 매우 많음을 이르는 말.,health,2,3,sexual:gray|violent:gray,611175,https://opendict.korean.go.kr/dictionary/view?sense_no=611175
솔개가 뜨자 병아리 간 곳 없다,"솔개가 뜨자 병아리가 모두 숨어 버린다는 뜻으로, 무섭고 힘센 존재가 나타나게 되면 약하고 힘없는 것은 기를 못 펴고 움츠러들거나 달아나 버림을 이르는 말.",health,2,3,,612070,https://opendict.korean.go.kr/dictionary/view?sense_no=612070
아쉬운 감 장수 유월부터 한다,돈이 아쉬워서 물건답지 못한 것을 미리 내다 팖을 비유적으로 이르는 말.,health,2,3,,604875,https://opendict.korean.go.kr/dictionary/view?sense_no=604875
어린아이 병엔 에미만 한 의사 없다,앓는 아이에 대한 어머니 정성은 아무리 이름난 의사의 의술도 당할 수 없을 만큼 극진하고 신통함을 이르는 말.,health,2,3,,613497,https://opendict.korean.go.kr/dictionary/view?sense_no=613497
콧구멍 둘 마련하기가 다행이라,"다행히도 콧구멍이 둘이 있어 호흡이 막히지 아니하고 숨을 쉴 수 있다는 뜻으로, 몹시 답답하거나 기가 참을 해학적으로 이르는 말. &lt;동의 속담&gt; ‘콧구멍이 둘이니 숨을 쉬지’",health,2,3,,615581,https://opendict.korean.go.kr/dictionary/view?sense_no=615581
콧구멍이 둘이니 숨을 쉬지,"다행히도 콧구멍이 둘이 있어 호흡이 막히지 아니하고 숨을 쉴 수 있다는 뜻으로, 몹시 답답하거나 기가 참을 해학적으로 이르는 말. &lt;동의 속담&gt; ‘콧구멍 둘 마련하기가 다행이라’",health,2,3,,615583,https://opendict.korean.go.kr/dictionary/view?sense_no=615583
나는 홍범도에 뛰는 차도선,의병 대장이었던 홍범도나 차도선과 같이 몸이 날랜 사람을 비유적으로 이르는 말.,health,2,2,,608123,https://opendict.korean.go.kr/dictionary/view?sense_no=608123
남산골샌님이 망해도 걸음 걷는 보수는 남는다,"남산골 선비가 망하여 아무것도 없어도 그 특이한 걸음걸이만은 남는다는 뜻으로, 몸에 밴 버릇은 없어지지 않음을 비유적으로 이르는 말. &lt;동의 속담&gt; ‘놀던 계집이 결딴나도 엉덩이 짓은 남는다’",health,2,2,sexual:gray,601729,https://opendict.korean.go.kr/dictionary/view?sense_no=601729
노장은 병담(兵談)을 아니 하고 양고(良賈)는 심장(深藏)한다,"노련한 장수는 군사에 관하여 함부로 말을 하지 않으며 훌륭한 상인은 좋은 물건을 깊이 감추어 두고 판다는 뜻으로, 참으로 훌륭한 사람은 그 뛰어난 재주나 덕을 함부로 자랑하지 않는다는 말.",health,2,2,,608651,https://opendict.korean.go.kr/dictionary/view?sense_no=608651
늙은 장수 쓸데없다,한때 훌륭한 능력을 가지고 있던 사람도 나이 들거나 병이 생겨 제 능력을 나타낼 수 없게 되면 보잘것없는 존재가 됨을 비유적으로 이르는 말.,health,2,2,,608961,https://opendict.korean.go.kr/dictionary/view?sense_no=608961
멍석 구멍[]에 생쥐 눈 뜨듯,겁이 나서 몸을 숨기고 바깥을 살피는 모양을 비유적으로 이르는 말.,health,2,2,violent:gray,609972,https://opendict.korean.go.kr/dictionary/view?sense_no=609972
밥이 약보다 낫다,"병에는 약이 좋지만 밥은 그보다 더 좋다는 뜻으로, 아무리 약이 좋다고 하더라도 건강에는 밥을 잘 먹는 것이 우선이자 기본이라 이르는 말.",health,2,2,,611096,https://opendict.korean.go.kr/dictionary/view?sense_no=611096
숨은 내쉬고 말은 내 하지 말라,말은 함부로 입 밖에 내서는 안 되며 신중히 해야 함을 이르는 말.,health,2,2,,612183,https://opendict.korean.go.kr/dictionary/view?sense_no=612183
유리와 처녀는 깨어지기[깨기] 쉽다,"잘못하면 깨지기 쉬운 유리처럼, 처녀는 몸가짐에 조심하여야 한다는 말.",health,2,2,,605357,https://opendict.korean.go.kr/dictionary/view?sense_no=605357
잘 싸우는 장수에게는 내버릴 병사가 없고 글 잘 쓰는 사람에게는 내버릴 글자가 없다,재주가 있고 잘 다룰 줄 아는 사람은 무엇이든지 유용하게 쓴다는 말.,health,2,2,,614244,https://opendict.korean.go.kr/dictionary/view?sense_no=614244
잠결에 남의 다리 긁는다,계획 없이 하는 일은 실수하기 쉬움을 이르는 말.,health,2,2,,605617,https://opendict.korean.go.kr/dictionary/view?sense_no=605617
질기 난 정 거지라,"숨도 제대로 쉬지 못할 정도로 헐벗고 굶주린 진짜 거지라는 뜻으로, 차마 눈 뜨고 볼 수 없을 정도로 기막힌 형편에 놓인 사람을 비유적으로 이르는 말.",health,2,2,,606164,https://opendict.korean.go.kr/dictionary/view?sense_no=606164
코에서 단내가 난다,몹시 고되게 일하여 힘이 들고 몸이 피로하다는 말.,health,2,2,violent:gray,615579,https://opendict.korean.go.kr/dictionary/view?sense_no=615579
황아장수 잠자리 옮기듯,한곳에 오래 머물지 않고 떠돌아다니거나 이사를 자주 하거나 직업을 자주 바꾸는 경우를 비유적으로 이르는 말.,health,2,2,,606898,https://opendict.korean.go.kr/dictionary/view?sense_no=606898
갑술 병정이면 다 흉년인가,"병자호란을 전후하여 갑술년과 병자년, 정축년에 큰 흉년이 들었다고 하여 갑술년이나 병자년, 정축년이면 무조건 흉년이 든다고 생각하는 것은 잘못이라는 뜻으로, 어느 하나가 같다고 전체가 같다고 생각해서는 안 된다는 것을 비유적으로 이르는 말.",health,1,4,,600704,https://opendict.korean.go.kr/dictionary/view?sense_no=600704
네 뱃병 아니면 무슨 병이냐,"너의 배부른 것이나 뱃병이라고 하지 임신부가 배부른 것을 보고 무슨 병이라고 하겠느냐는 뜻으로, 비록 어떤 흠집이 사물의 전체를 다 가린다고 해도 그것이 작은 허물조차 되지 않음을 이르는 말.",health,1,4,sexual:gray,601871,https://opendict.korean.go.kr/dictionary/view?sense_no=601871
어질병이 지랄병 된다,작은 병통을 그냥 두면 점점 커져서 고치기 어려운 큰 병통이 된다는 말.,health,1,4,,604892,https://opendict.korean.go.kr/dictionary/view?sense_no=604892
갑술 병정 흉년인가,"병자호란을 전후하여 갑술년과 병자년, 정축년에 큰 흉년이 들었던 데서 매우 심한 흉년을 비유적으로 이르는 말.",health,1,3,violent:gray,600703,https://opendict.korean.go.kr/dictionary/view?sense_no=600703
급히 더운 방이 쉬 식는다,힘이나 노력을 적게 들이고 빨리 해 버린 일은 그만큼 결과가 오래가지 못함을 비유적으로 이르는 말. &lt;동의 속담&gt; ‘쉬 더운 방[구들]이 쉬 식는다’ ‘쉽게 단 쇠가 쉽게 식는다’,health,1,3,,601456,https://opendict.korean.go.kr/dictionary/view?sense_no=601456
내 노랑 병아리만 내라 한다,"수없이 많은 노랑 병아리 속에서 제 노랑 병아리를 찾아내라고 한다는 뜻으로, 무리하게 억지로 무엇을 해 달라고 청함을 이르는 말.",health,1,3,sexual:gray,601769,https://opendict.korean.go.kr/dictionary/view?sense_no=601769
무른 감도 쉬어 가면서 먹어라,아무리 쉬운 일이라도 한 번 더 확인한 다음에 하는 것이 안전함을 비유적으로 이르는 말. &lt;동의 속담&gt; ‘식은 죽도 불어[쉬어] 가며 먹어라’ ‘식은 국도 맛보고 먹으랬다’,health,1,3,sexual:gray|violent:gray,603047,https://opendict.korean.go.kr/dictionary/view?sense_no=603047
바지가랭이에서 비파 소리가 난다,"어찌나 빠르게 걷는지 무릎을 꺾을 사이도 없이 마치 바짓가랑이에 비파 소리가 나는 것처럼 걷는다는 뜻으로, 매우 빨리 걷는 모양을 이르는 말. &lt;동의 속담&gt; ‘바지가랭이에서 자개바람이 인다’",health,1,3,sexual:gray|violent:gray,603186,https://opendict.korean.go.kr/dictionary/view?sense_no=603186
바지가랭이에서 자개바람이 인다,"어찌나 빠르게 걷는지 무릎을 꺾을 사이도 없이 마치 바짓가랑이에 자개바람이 일어난 것처럼 걷는다는 뜻으로, 매우 빨리 걷는 모양을 이르는 말. &lt;동의 속담&gt; ‘바지가랭이에서 비파 소리가 난다’",health,1,3,sexual:gray|violent:gray,603188,https://opendict.korean.go.kr/dictionary/view?sense_no=603188
밤낮으로 여드레를 자면 참 잠이 온다,"밤낮 여드레를 자면 더더욱 잠이 온다는 뜻으로, 잠은 잘수록 더 자고 싶어진다는 말.",health,1,3,,611104,https://opendict.korean.go.kr/dictionary/view?sense_no=611104
병은 사람을 못 잡아도 약은 사람을 잡는다,"병에 걸린다고 다 죽는 것은 아니나 약은 한번 잘못 쓰면 사람을 죽일 수도 있다는 뜻으로, 약을 병에 맞게 써야지 잘못 쓰면 돌이킬 수 없는 불행을 당할 수 있음을 이르는 말.",health,1,3,sexual:gray|violent:gray,611174,https://opendict.korean.go.kr/dictionary/view?sense_no=611174
병이 생기면 죽겠지,"병이라고 다 죽는 것은 아닌데 덮어놓고 병이 생기면 죽겠거니 하고 생각한다는 뜻으로, 사리에 맞지 아니하는 추측을 비유적으로 이르는 말.",health,1,3,violent:gray,611176,https://opendict.korean.go.kr/dictionary/view?sense_no=611176
병풍에 그려 놓은 닭이 꼬끼요 하고 운다,현실적으로 일어날 가능성이 전혀 없음을 비유적으로 이르는 말. &lt;동의 속담&gt; ‘병풍에 그린 닭이 울가’ ‘병풍에 그린 꽃이 향기 나랴’,health,1,3,sexual:gray,611208,https://opendict.korean.go.kr/dictionary/view?sense_no=611208
병풍에 그린 꽃이 향기 나랴,현실적으로 일어날 가능성이 전혀 없음을 비유적으로 이르는 말. &lt;동의 속담&gt; ‘병풍에 그린 닭이 울가’ ‘병풍에 그려 놓은 닭이 꼬끼요 하고 운다’,health,1,3,sexual:gray,611209,https://opendict.korean.go.kr/dictionary/view?sense_no=611209
병풍에 그린 닭이 울가,현실적으로 일어날 가능성이 전혀 없음을 비유적으로 이르는 말. &lt;동의 속담&gt; ‘병풍에 그려 놓은 닭이 꼬끼요 하고 운다’ ‘병풍에 그린 꽃이 향기 나랴’,health,1,3,sexual:gray,611210,https://opendict.korean.go.kr/dictionary/view?sense_no=611210
봄에 깐 병아리 가을에 와서 세어 본다,"봄에 깬 병아리를 중병아리가 되는 가을에 가서야 그 수를 세어 본다는 뜻으로, 이해타산이 어수룩함을 비유적으로 이르는 말.",health,1,3,,611272,https://opendict.korean.go.kr/dictionary/view?sense_no=611272
사공은 사자밥 지고 칠성판에 오른 목숨이다,배를 타고 파도를 가르며 물 위에서 일하는 사공들의 목숨은 죽은 목숨이나 다를 바 없다는 말.,health,1,3,violent:gray,603868,https://opendict.korean.go.kr/dictionary/view?sense_no=603868
삶은 닭알에서 병아리 나오기를 기다린다,"삶아 놓아 병아리가 나올 수 없는 달걀에서 병아리가 나오기를 기다린다는 뜻으로, 도저히 이루어질 가망이 없는 것을 부질없이 바람을 이르는 말.",health,1,3,,611775,https://opendict.korean.go.kr/dictionary/view?sense_no=611775
쉬 더운 방[구들]이 쉬 식는다,힘이나 노력을 적게 들이고 빨리 해 버린 일은 그만큼 결과가 오래가지 못함을 비유적으로 이르는 말. &lt;동의 속담&gt; ‘급히 더운 방이 쉬 식는다’ ‘쉽게 단 쇠가 쉽게 식는다’,health,1,3,,612653,https://opendict.korean.go.kr/dictionary/view?sense_no=612653
쉽게 단 쇠가 쉽게 식는다,힘이나 노력을 적게 들이고 빨리 해 버린 일은 그만큼 결과가 오래가지 못함을 비유적으로 이르는 말. &lt;동의 속담&gt; ‘쉬 더운 방[구들]이 쉬 식는다’ ‘급히 더운 방이 쉬 식는다’,health,1,3,,612654,https://opendict.korean.go.kr/dictionary/view?sense_no=612654
식은 국도 맛보고 먹으랬다,아무리 쉬운 일이라도 한 번 더 확인한 다음에 하는 것이 안전함을 비유적으로 이르는 말. &lt;동의 속담&gt; ‘식은 죽도 불어[쉬어] 가며 먹어라’ ‘무른 감도 쉬어 가면서 먹어라’,health,1,3,sexual:gray|violent:gray,612710,https://opendict.korean.go.kr/dictionary/view?sense_no=612710
식은 죽도 불어[쉬어] 가며 먹어라,아무리 쉬운 일이라도 한 번 더 확인한 다음에 하는 것이 안전함을 비유적으로 이르는 말. &lt;동의 속담&gt; ‘무른 감도 쉬어 가면서 먹어라’ ‘식은 국도 맛보고 먹으랬다’,health,1,3,sexual:gray|violent:gray,612716,https://opendict.korean.go.kr/dictionary/view?sense_no=612716
여드레 병풍 친다,때를 놓치고 일이 다 끝난 다음에야 하려는 것을 비꼬아 이르는 말. &lt;동의 속담&gt; ‘열흘날 잔치에 열하룻날 병풍 친다’ ‘혼인 뒤에 병풍 친다’,health,1,3,sexual:gray,613270,https://opendict.korean.go.kr/dictionary/view?sense_no=613270
열흘날 잔치에 열하룻날 병풍 친다,때를 놓치고 일이 다 끝난 다음에야 하려는 것을 비꼬아 이르는 말. &lt;동의 속담&gt; ‘여드레 병풍 친다’ ‘혼인 뒤에 병풍 친다’,health,1,3,sexual:gray,605048,https://opendict.korean.go.kr/dictionary/view?sense_no=605048
염병에 보리죽을 먹어야 오히려 낫겠다,"염병은 병 중에서 가장 악질이요 보리죽 또한 가장 좋지 아니한 음식이니, 너무 어처구니없어서 논박할 필요조차 느끼지 아니하는 경우를 비유적으로 이르는 말.",health,1,3,sexual:gray|violent:gray,613608,https://opendict.korean.go.kr/dictionary/view?sense_no=613608
외로운 군사에 약한 병졸,"본부대와 떨어져 외롭게 된 군사에 병사들까지 약하다는 뜻으로, 아주 어려운 상황에 놓임을 비유적으로 이르는 말. &lt;동의 속담&gt; ‘외로운 병아리에 쥐 달리듯’",health,1,3,,613714,https://opendict.korean.go.kr/dictionary/view?sense_no=613714
외로운 병아리에 쥐 달리듯,"가뜩이나 혼자 있어 외로운 병아리에 쥐까지 달려든다는 뜻으로, 아주 어려운 상황에 놓임을 비유적으로 이르는 말. &lt;동의 속담&gt; ‘외로운 군사에 약한 병졸’",health,1,3,,613715,https://opendict.korean.go.kr/dictionary/view?sense_no=613715
이것은 다방골 잠이냐,"옛날 서울의 다동(茶洞)에는 부자가 많이 살고 있었는데 일 없이 잠을 즐기어 아침에 늦도록 일어나지 않았다는 데서, 늦잠 자는 것을 비꼬는 말.",health,1,3,,613736,https://opendict.korean.go.kr/dictionary/view?sense_no=613736
자던 아이 가지 따러 갔다,"아이를 재우려고 아이와 같이 누운 어머니가 잠든 사이에 아이는 잠들지 아니하고 밭에 나가 가지를 땄다는 뜻으로, 아이를 재우려다 어머니가 먼저 잠든 경우를 이르는 말.",health,1,3,,614077,https://opendict.korean.go.kr/dictionary/view?sense_no=614077
총총들이 반병이라,"워낙 병이 작아서 가득 들어도 큰 병의 반밖에 되지 않는다는 뜻으로, 도량이 적은 사람을 이르는 말.",health,1,3,violent:gray,606345,https://opendict.korean.go.kr/dictionary/view?sense_no=606345
혼인 뒤에 병풍 친다,때를 놓치고 일이 다 끝난 다음에야 하려는 것을 비꼬아 이르는 말. &lt;동의 속담&gt; ‘열흘날 잔치에 열하룻날 병풍 친다’ ‘여드레 병풍 친다’,health,1,3,sexual:gray,616341,https://opendict.korean.go.kr/dictionary/view?sense_no=616341
강한 장수 밑에는 약한 군사[군대]가 없다,"유능한 장수는 군사를 잘 쓸 줄 알기 때문에 그 밑에 무능한 군사나 군대가 없다는 뜻으로, 지도력의 중요성과 의의를 강조하여 이르는 말.",health,1,2,,600715,https://opendict.korean.go.kr/dictionary/view?sense_no=600715
걷는 참새를 보면 그해에 대과를 한다,"참새가 걷는 것을 보면 등과(登科)를 한다는 뜻으로, 희귀한 일을 보면 좋은 운수를 만난다는 말.",health,1,2,,607354,https://opendict.korean.go.kr/dictionary/view?sense_no=607354
곱사등이 짐 지나 마나,일을 하나 하지 않으나 별로 차이가 없다는 말. &lt;동의 속담&gt; ‘소경 잠자나 마나’ ‘귀머거리 귀 있으나 마나’ ‘귀머거리 들으나 마나’ ‘봉사 안경 쓰나 마나’ ‘뻗정다리 서나 마나’ ‘앉은뱅이 앉으나 마나’ ‘장님 잠자나 마나’,health,1,2,,607459,https://opendict.korean.go.kr/dictionary/view?sense_no=607459
귀머거리 귀 있으나 마나,일을 하나 하지 않으나 별로 차이가 없다는 말. &lt;동의 속담&gt; ‘소경 잠자나 마나’ ‘곱사등이 짐 지나 마나’ ‘귀머거리 들으나 마나’ ‘봉사 안경 쓰나 마나’ ‘뻗정다리 서나 마나’ ‘앉은뱅이 앉으나 마나’ ‘장님 잠자나 마나’,health,1,2,,608027,https://opendict.korean.go.kr/dictionary/view?sense_no=608027
귀머거리 들으나 마나,일을 하나 하지 않으나 별로 차이가 없다는 말. &lt;동의 속담&gt; ‘소경 잠자나 마나’ ‘곱사등이 짐 지나 마나’ ‘귀머거리 귀 있으나 마나’ ‘봉사 안경 쓰나 마나’ ‘뻗정다리 서나 마나’ ‘앉은뱅이 앉으나 마나’ ‘장님 잠자나 마나’,health,1,2,,608029,https://opendict.korean.go.kr/dictionary/view?sense_no=608029
기운이 세면 장수 노릇 하나,"아무리 기운이 세다 할지라도 장수 노릇은 할 수 없다는 뜻으로, 힘만 가지고는 결코 큰일을 못하며 반드시 훌륭한 품성과 지략을 갖추어야 됨을 비유적으로 이르는 말. &lt;동의 속담&gt; ‘소가 크면[세면] 왕 노릇 하나’ ‘기운이 세면 소가 왕 노릇 할까’ ‘힘 많은 소가 왕 노릇 하나’ ‘힘센 소가 왕 노릇 할까’",health,1,2,,608060,https://opendict.korean.go.kr/dictionary/view?sense_no=608060
긴병에 효자 없다,무슨 일이거나 너무 오래 끌면 그 일에 대한 성의가 없어서 소홀해짐을 비유적으로 이르는 말. &lt;동의 속담&gt; ‘장병에 효자 없다’,health,1,2,,601496,https://opendict.korean.go.kr/dictionary/view?sense_no=601496
까기 전에 병아리 세지 마라,일이 성사되기도 전에 일에서 생길 이익을 따지는 것이 좋지 아니하다는 말. &lt;동의 속담&gt; ‘알 까기 전에 병아리 세지 마라’,health,1,2,,607800,https://opendict.korean.go.kr/dictionary/view?sense_no=607800
꾀병에 말라 죽겠다,"꾀병을 앓자면 환자 시늉을 하여야 하기 때문에 자연히 말라 죽게 된다는 뜻으로, 얕은꾀를 부리다가 도리어 자신이 봉변을 당함을 비유적으로 이르는 말.",health,1,2,violent:gray,601544,https://opendict.korean.go.kr/dictionary/view?sense_no=601544
꾀장수가 힘장수를 이긴다,단순히 힘만 센 사람이 꾀가 많은 사람을 당해 낼 수 없다는 말.,health,1,2,,601552,https://opendict.korean.go.kr/dictionary/view?sense_no=601552
남의 생손은 제 살의 티눈만도 못하다,남의 괴로움이 아무리 크다고 해도 자기의 작은 괴로움보다는 마음이 쓰이지 아니함을 비유적으로 이르는 말. &lt;동의 속담&gt; ‘남의 염병이 내 고뿔만 못하다’ ‘내 고뿔이 남의 염병보다 더하다’,health,1,2,sexual:gray,608493,https://opendict.korean.go.kr/dictionary/view?sense_no=608493
남의 염병이 내 고뿔만 못하다,남의 괴로움이 아무리 크다고 해도 자기의 작은 괴로움보다는 마음이 쓰이지 아니함을 비유적으로 이르는 말. &lt;동의 속담&gt; ‘남의 생손은 제 살의 티눈만도 못하다’ ‘내 고뿔이 남의 염병보다 더하다’,health,1,2,sexual:gray,608510,https://opendict.korean.go.kr/dictionary/view?sense_no=608510
내 고뿔이 남의 염병보다 더하다,남의 괴로움이 아무리 크다고 해도 자기의 작은 괴로움보다는 마음이 쓰이지 아니함을 비유적으로 이르는 말. &lt;동의 속담&gt; ‘남의 염병이 내 고뿔만 못하다’ ‘남의 생손은 제 살의 티눈만도 못하다’,health,1,2,sexual:gray,601768,https://opendict.korean.go.kr/dictionary/view?sense_no=601768
넘어진 김에 쉬어 간다,뜻하지 아니하던 기회를 만나 자기가 하려고 하던 일을 이룬다는 말. &lt;동의 속담&gt; ‘엎어진 김에 쉬어 간다’,health,1,2,,601837,https://opendict.korean.go.kr/dictionary/view?sense_no=601837
"늙은 우세 하고 사람 치고, 병 우세 하고 개 잡아먹는다","늙음을 구실로 하여 사람을 치고 병든 것을 구실로 하여 개를 잡아먹는다는 뜻으로, 무슨 일이나 자기에게 유리한 핑계로 삼음을 비유적으로 이르는 말.",health,1,2,sexual:gray,608959,https://opendict.korean.go.kr/dictionary/view?sense_no=608959
늙은이에게는 밥이 막대라,"늙은이에게는 밥이 몸을 의지해 주는 막대와 같다는 뜻으로, 늙은이는 무엇보다도 잘 먹어야 몸을 지탱하며 살아갈 수 있음을 비유적으로 이르는 말.",health,1,2,sexual:gray,602063,https://opendict.korean.go.kr/dictionary/view?sense_no=602063
다리 부러진 장수 소리치는 격,‘다리 부러진 장수 성안에서 호령한다’의 북한 속담.,health,1,2,,608975,https://opendict.korean.go.kr/dictionary/view?sense_no=608975
다리 부러진 장수 집 안에서 큰소리친다,‘다리 부러진 장수 성안에서 호령한다’의 북한 속담.,health,1,2,,608976,https://opendict.korean.go.kr/dictionary/view?sense_no=608976
대사 뒤에 병풍 지고 나간다,"남의 집 잔치에 왔다가 병풍을 지고 간다는 뜻으로, 너무도 염치없는 짓을 함을 이르는 말.",health,1,2,,609023,https://opendict.korean.go.kr/dictionary/view?sense_no=609023
돌림병에 까마귀 울음,불길하여 귀에 아주 거슬리는 소리를 이르는 말. &lt;동의 속담&gt; ‘염병에 까마귀 소리’,health,1,2,sexual:gray,609021,https://opendict.korean.go.kr/dictionary/view?sense_no=609021
돌부리를 차면 발부리만 아프다,쓸데없이 화를 내면 저만 해롭게 됨을 비유적으로 이르는 말. &lt;동의 속담&gt; ‘돌을 차면 발부리만 아프다’,health,1,2,,609022,https://opendict.korean.go.kr/dictionary/view?sense_no=609022
돌을 차면 발부리만 아프다,쓸데없이 화를 내면 저만 해롭게 됨을 비유적으로 이르는 말. &lt;동의 속담&gt; ‘돌부리를 차면 발부리만 아프다’,health,1,2,,602312,https://opendict.korean.go.kr/dictionary/view?sense_no=602312
말 죽은 데 체 장수 모이듯,"쳇불로 쓸 말총을 구하기 위하여 말이 죽은 집에 체 장수가 모인다는 뜻으로, 남의 불행은 아랑곳없이 제 이익만 채우려고 많은 사람이 모여드는 것을 이르는 말.",health,1,2,violent:gray,602761,https://opendict.korean.go.kr/dictionary/view?sense_no=602761
모자라는 사람에게는 세 가지 체병이 있다,똑똑하지 못한 사람은 흔히 모르면서도 아는 체하고 없으면서도 있는 체하며 못난 주제에 잘난 체하는 면이 있다는 말. &lt;동의 속담&gt; ‘사람에게는 세 가지 체병이 있다’,health,1,2,,610352,https://opendict.korean.go.kr/dictionary/view?sense_no=610352
몸보다 배꼽이 더 크다,"몸보다 거기에 있는 배꼽이 더 크다는 뜻으로, 기본이 되는 것보다 덧붙이는 것이 더 많거나 큰 경우를 비유적으로 이르는 말. &lt;동의 속담&gt; ‘발보다 발가락이 더 크다’ ‘눈보다 동자가 크다’ ‘배보다 배꼽이 더 크다’ ‘아이보다 배꼽이 크다’ ‘얼굴보다 코가 더 크다’",health,1,2,,602987,https://opendict.korean.go.kr/dictionary/view?sense_no=602987
못난 며느리 제사날 병난다,‘못생긴 며느리 제삿날에 병난다’의 북한 속담.,health,1,2,,603029,https://opendict.korean.go.kr/dictionary/view?sense_no=603029
무병이 장자,"병을 앓게 되면 비용이 많이 들게 되므로, 앓지 않고 사는 것이 곧 부자로 사는 것임을 이르는 말.",health,1,2,,603054,https://opendict.korean.go.kr/dictionary/view?sense_no=603054
물건 잃고 병신 발명,"물건을 잃어버리고 나서 제가 병신이라 그렇게 되었다고 발명한다는 뜻으로, 일을 잘못하여 놓고 뻔뻔스럽게도 그럴듯한 변명을 하고 있음을 비꼬아 이르는 말.",health,1,2,sexual:gray,603099,https://opendict.korean.go.kr/dictionary/view?sense_no=603099
물장수 삼 년에 궁둥잇짓만 남았다,오랫동안 애써 수고한 일이 보람이 없음을 비유적으로 이르는 말. &lt;동의 속담&gt; ‘물장수 삼 년에 남은 것은 물고리뿐’,health,1,2,sexual:gray,603167,https://opendict.korean.go.kr/dictionary/view?sense_no=603167
물장수 삼 년에 남은 것은 물고리뿐,오랫동안 애써 수고한 일이 보람이 없음을 비유적으로 이르는 말. &lt;동의 속담&gt; ‘물장수 삼 년에 궁둥잇짓만 남았다’,health,1,2,sexual:gray,603168,https://opendict.korean.go.kr/dictionary/view?sense_no=603168
물장수 상(床)이다,"물장수가 물을 대어 주는 집에서 밥을 얻어먹을 때에 그 밥상을 물로 씻듯이 깨끗이 먹어 치웠다는 데서, 먹고 난 밥상이 아주 깨끗하여 빈 그릇만 남았음을 비유적으로 이르는 말.",health,1,2,sexual:gray,603169,https://opendict.korean.go.kr/dictionary/view?sense_no=603169
미운 놈 보려면 술장수 하라,술장수를 하면 술을 먹고 주정을 하는 미운 사람을 많이 보게 된다는 말.,health,1,2,,610958,https://opendict.korean.go.kr/dictionary/view?sense_no=610958
바위를 차면 제 발부리만 아프다,"자기 발로 바위를 차면 자기 발만 아프다는 뜻으로, 일시적인 흥분으로 일을 저질러 놓으면 자기만 손해 본다는 것을 비유적으로 이르는 말.",health,1,2,,610885,https://opendict.korean.go.kr/dictionary/view?sense_no=610885
밥은 열 곳에 가 먹어도 잠은 한 곳에서 자랬다,"아무리 여러 곳을 다니며 밥을 먹는 한이 있어도 잠자리만은 바로 가져야 한다는 뜻으로, 사람은 거처가 일정해야 함을 비유적으로 이르는 말.",health,1,2,,611088,https://opendict.korean.go.kr/dictionary/view?sense_no=611088
배부른 놈이 잠도 많이 잔다,"배가 고프면 잠도 잘 오지 않는다는 뜻으로, 배가 불러야 모든 게 잘된다는 말.",health,1,2,,610847,https://opendict.korean.go.kr/dictionary/view?sense_no=610847
버선 신고 진창 걷기,"버선발로 진창을 걷는다는 뜻으로, 격에 맞지 않게 하는 행동을 비꼬는 말.",health,1,2,violent:gray,603386,https://opendict.korean.go.kr/dictionary/view?sense_no=603386
범벅 덩이에 쉬파리 달라붙듯,"별치않은 범벅 덩이에 더러운 쉬파리가 새까맣게 달라붙듯 한다는 뜻으로, 크게 잇속도 없는 일에 시끄러운 사람들이 지나치게 많이 모여듦을 비꼬는 말. &lt;동의 속담&gt; ‘범벅 덩이에 파리’",health,1,2,,610946,https://opendict.korean.go.kr/dictionary/view?sense_no=610946
범벅 덩이에 파리,"별치않은 범벅 덩이에 더러운 쉬파리가 새까맣게 달라붙듯 한다는 뜻으로, 크게 잇속도 없는 일에 시끄러운 사람들이 지나치게 많이 모여듦을 비꼬는 말. &lt;동의 속담&gt; ‘범벅 덩이에 쉬파리 달라붙듯’",health,1,2,,610947,https://opendict.korean.go.kr/dictionary/view?sense_no=610947
병 늙으면 산으로 간다,병이 오래되면 결국은 죽게 됨을 비유적으로 이르는 말.,health,1,2,violent:gray,611168,https://opendict.korean.go.kr/dictionary/view?sense_no=611168
병든 까마귀 어물전 돌듯,"병들어 구실을 제대로 못 하는 까마귀가 그래도 무엇인가 얻어먹을 것이 있을까 하여 어물전 위를 빙빙 돌고 있다는 뜻으로, 탐나는 것의 주위에서 미련을 가지고 떠나지 못하고 맴도는 모양을 비유적으로 이르는 말.",health,1,2,,603444,https://opendict.korean.go.kr/dictionary/view?sense_no=603444
병든 날 세지 않고 죽은 날 센다,"병이 들었을 때에는 전혀 안중에도 없다가 죽으니까 못 잊어 안타까워하며 제삿날을 따진다는 뜻으로, 사람이 죽은 다음에야 지성을 다하려 하는 경우를 이르는 말.",health,1,2,sexual:gray|violent:gray,603445,https://opendict.korean.go.kr/dictionary/view?sense_no=603445
병막 구경이 장자(長子),"다 죽어 가는 전염병 환자를 보고 나면, 가난하고 불행한 사람도 자기 신세를 장자보다 낫게 생각하게 마련임을 비유적으로 이르는 말.",health,1,2,violent:gray,603461,https://opendict.korean.go.kr/dictionary/view?sense_no=603461
병신도 병신이라면 좋다는 사람 없다,누구라도 자기의 결점을 맞대어 놓고 지적하면 좋아하지 아니함을 비유적으로 이르는 말.,health,1,2,,611164,https://opendict.korean.go.kr/dictionary/view?sense_no=611164
병신이 호미 훔친다,겉으로는 병신 같으나 속으로는 제 실속을 차림을 비유적으로 이르는 말.,health,1,2,,611167,https://opendict.korean.go.kr/dictionary/view?sense_no=611167
병아리가 첫 울려면 날을 가린다,"병아리가 다 자라서 처음으로 홰를 치며 울려고 할 때도 다 날을 가려 하는 법이라는 뜻으로, 어떤 일을 새로 벌일 때는 날을 잘 잡아야 함을 비유적으로 이르는 말.",health,1,2,sexual:gray,611125,https://opendict.korean.go.kr/dictionary/view?sense_no=611125
병에는 장사 없다,아무리 장사라도 병에 걸리면 맥을 못 춤을 비유적으로 이르는 말.,health,1,2,,611172,https://opendict.korean.go.kr/dictionary/view?sense_no=611172
병에 담은 찰밥도 엎지르겠다,"엎어 놔도 쏟아지지 아니하게 병에다 담은 찰밥조차도 엎지르겠다는 뜻으로, 지지리 못나고 무능함을 비유적으로 이르는 말.",health,1,2,,603495,https://opendict.korean.go.kr/dictionary/view?sense_no=603495
병은 밥상머리에서 떨어진다,앓는 사람은 밥을 잘 먹어야 병이 나음을 이르는 말.,health,1,2,sexual:gray,611173,https://opendict.korean.go.kr/dictionary/view?sense_no=611173
병이 양식이다,병들어 누워 있으면 오래 먹지 않아도 배고픈 줄을 몰라 먹지 않으므로 양식이 그만큼 남음을 비유적으로 이르는 말.,health,1,2,sexual:gray,611177,https://opendict.korean.go.kr/dictionary/view?sense_no=611177
병자년 까마귀 빈 뒷간 들여다보듯,"병자년에 큰 흉년이 든 데서 나온 말로, 어떤 일에 한 가닥 희망을 걸고 구차스럽게 여기저기 기웃거리거나 돌아다니면서 기다리는 모양을 비유적으로 이르는 말.",health,1,2,,603517,https://opendict.korean.go.kr/dictionary/view?sense_no=603517
병조 판서 집 활량 나그네 드나들듯,"병조 판서의 집에 취직 부탁을 하러 오는 활량이 드나들듯 한다는 뜻으로, 매우 자주 출입하는 경우를 비유적으로 이르는 말.",health,1,2,violent:gray,603580,https://opendict.korean.go.kr/dictionary/view?sense_no=603580
병풍도 꼬부려야 한다,"병풍도 장마다 꼬부려야 서지 꼿꼿이 다 펴면 넘어진다는 뜻으로, 무슨 일에서나 그에 맞는 묘술과 방도가 있어야 함을 비유적으로 이르는 말.",health,1,2,,611207,https://opendict.korean.go.kr/dictionary/view?sense_no=611207
병풍에 그린 닭이 홰를 치고 우는 한이 있더라도,비록 병풍에 그려 놓은 닭이 홰를 치며 우는 일과 같이 도저히 상상할 수 없는 일이 생길지라도 기어이 해내겠다는 의지를 비유적으로 이르는 말.,health,1,2,,611212,https://opendict.korean.go.kr/dictionary/view?sense_no=611212
병풍에 모과 구르듯 한다,"병풍에 그려진 모과가 아무렇게나 굴러 있어도 상관없는 것과 마찬가지라는 뜻으로, 이리저리 굴러다녀도 탈이 없는 사람을 비유적으로 이르는 말.",health,1,2,,611213,https://opendict.korean.go.kr/dictionary/view?sense_no=611213
봉사 안경 쓰나 마나,일을 하나 하지 않으나 별로 차이가 없다는 말. &lt;동의 속담&gt; ‘소경 잠자나 마나’ ‘곱사등이 짐 지나 마나’ ‘귀머거리 귀 있으나 마나’ ‘귀머거리 들으나 마나’ ‘뻗정다리 서나 마나’ ‘앉은뱅이 앉으나 마나’ ‘장님 잠자나 마나’,health,1,2,,603571,https://opendict.korean.go.kr/dictionary/view?sense_no=603571
북엇값 받으려고 왔나,"함경도에서 북어를 싣고 와서 상인에게 넘겨준 사람이 그 대금을 다 받을 때까지 남의 집에서 하릴없이 낮잠만 잤다는 데서, 남의 집에서 낮잠이나 자고 있는 행동을 비꼬는 말.",health,1,2,,611528,https://opendict.korean.go.kr/dictionary/view?sense_no=611528
빌려 온 말이 삼경이 되었다,"말을 잠깐 타고 돌려주겠다고 했는데, 시간이 흘러 밤늦은 삼경(三更)이 되었다는 뜻으로, 잠깐 빌려 온 물건이 그럭저럭 오래되었음을 비유적으로 이르는 말.",health,1,2,sexual:gray,611517,https://opendict.korean.go.kr/dictionary/view?sense_no=611517
뻗정다리 서나 마나,일을 하나 하지 않으나 별로 차이가 없다는 말. &lt;동의 속담&gt; ‘소경 잠자나 마나’ ‘곱사등이 짐 지나 마나’ ‘귀머거리 귀 있으나 마나’ ‘귀머거리 들으나 마나’ ‘봉사 안경 쓰나 마나’ ‘앉은뱅이 앉으나 마나’ ‘장님 잠자나 마나’,health,1,2,,603757,https://opendict.korean.go.kr/dictionary/view?sense_no=603757
사람에게는 세 가지 체병이 있다,사람은 흔히 모르면서도 아는 체하고 없으면서도 있는 체하며 못난 주제에 잘난 체하는 면이 있다는 말. &lt;동의 속담&gt; ‘모자라는 사람에게는 세 가지 체병이 있다’,health,1,2,,611625,https://opendict.korean.go.kr/dictionary/view?sense_no=611625
산골 나무장수가 소 다리 꺾고 살랴,"산골의 나무장수는 소가 있어야 나무를 실어 나를 수 있는데 그가 소의 다리를 부러뜨리고는 일을 하지 못한다는 뜻으로, 어떤 일을 할 때 꼭 갖추어져 있어야 하는 것을 강조하여 이르는 말.",health,1,2,,611456,https://opendict.korean.go.kr/dictionary/view?sense_no=611456
산 송장 살아 있어도 죽은 목숨,비록 살아 있기는 하나 사람 구실을 못하는 것은 죽은 목숨이나 마찬가지라는 말.,health,1,2,violent:gray,611804,https://opendict.korean.go.kr/dictionary/view?sense_no=611804
삶은 개 눈 빼기,"삶은 개에게서 눈을 빼기란 매우 쉬운 일이라는 뜻으로, 하는 일이 매우 쉬움을 이르는 말.",health,1,2,violent:gray,611768,https://opendict.korean.go.kr/dictionary/view?sense_no=611768
삼 년 구병에 불효 난다,"병으로 여러 해 누워 앓는 어버이를 보살피고 돌보다 보면 불효하는 경우가 생기게 된다는 뜻으로, 무슨 일이나 오랜 시일이 걸리거나 자꾸 되풀이되면 한결같이 정성을 다할 수는 없게 된다는 말.",health,1,2,violent:gray,603989,https://opendict.korean.go.kr/dictionary/view?sense_no=603989
상감마마 어전 뜰에서 걷듯,"상감마마가 뜰에서 거니는 걸음걸이와 같다는 뜻으로, 팔자걸음으로 흐느적흐느적 걷는 걸음걸이를 비유적으로 이르는 말.",health,1,2,sexual:gray,611810,https://opendict.korean.go.kr/dictionary/view?sense_no=611810
소경 잠자나 마나,일을 하나 하지 않으나 별로 차이가 없다는 말. &lt;동의 속담&gt; ‘곱사등이 짐 지나 마나’ ‘귀머거리 귀 있으나 마나’ ‘귀머거리 들으나 마나’ ‘봉사 안경 쓰나 마나’ ‘뻗정다리 서나 마나’ ‘앉은뱅이 앉으나 마나’ ‘장님 잠자나 마나’,health,1,2,,611954,https://opendict.korean.go.kr/dictionary/view?sense_no=611954
속곳 벗고 함지박에 들었다,"속곳 벗고 알몸이 된 채 몸뚱이 하나 가릴 수 없는 함지박 속에 뛰어들었다는 뜻으로, 옴짝달싹 못 하고 낭패를 보게 됨을 비유적으로 이르는 말.",health,1,2,sexual:gray|violent:gray,604313,https://opendict.korean.go.kr/dictionary/view?sense_no=604313
속곳 열둘 입어도 밑구멍은 밑구멍대로 (다) 나왔다,숨기려고 애를 써 보아도 숨길 수가 없어서 아무 소용이 없음을 비유적으로 이르는 말.,health,1,2,sexual:gray,604315,https://opendict.korean.go.kr/dictionary/view?sense_no=604315
속병에 고약,"속에 병이 들었는데 고약을 바른다는 뜻으로, 마땅하지 아니한 처사를 비유적으로 이르는 말.",health,1,2,,612582,https://opendict.korean.go.kr/dictionary/view?sense_no=612582
손샅으로 밑 가리기,애써 숨기려 하나 제대로 숨기지 못하는 경우를 비유적으로 이르는 말. &lt;동의 속담&gt; ‘손으로 샅 막듯’,health,1,2,,604354,https://opendict.korean.go.kr/dictionary/view?sense_no=604354
손으로 샅 막듯,애써 숨기려 하나 제대로 숨기지 못하는 경우를 비유적으로 이르는 말. &lt;동의 속담&gt; ‘손샅으로 밑 가리기’,health,1,2,,612526,https://opendict.korean.go.kr/dictionary/view?sense_no=612526
송도 오이 장수,"이익을 더 많이 보려다가 그만 기회를 놓쳐 헛수고만 하고 오히려 낭패를 보게 된 사람을 비유적으로 이르는 말. 송도의 오이 장수가 시세에 따라 서울과 의주를 돌았으나, 가는 곳마다 시세가 떨어져 개성에 되돌아왔을 때에는 오이가 곯고 썩어 쓸모가 없어졌다는 이야기에서 유래한다.",health,1,2,violent:gray,604380,https://opendict.korean.go.kr/dictionary/view?sense_no=604380
술 익자 체 장수[장사] 간다,"술이 익어 체로 걸러야 할 때에 마침 체 장수가 지나간다는 뜻으로, 일이 공교롭게 잘 맞아 감을 비유적으로 이르는 말.",health,1,2,,604448,https://opendict.korean.go.kr/dictionary/view?sense_no=604448
숨다 보니 포도청 집이라,"피하여 숨는다는 것이 잡히면 혼나게 되는 포도청으로 들어갔다는 뜻으로, 어떤 일이 뜻밖에 낭패를 보는 경우를 비유적으로 이르는 말.",health,1,2,violent:gray,612776,https://opendict.korean.go.kr/dictionary/view?sense_no=612776
숫눈길을 걷는 사람만이 제 발자국을 남긴다,남들이 하지 않은 일을 처음으로 개척하는 사람만이 자신이 한 일을 후세에 남길 수 있음을 비유적으로 이르는 말. &lt;동의 속담&gt; ‘새벽길을 걷는 사람이 첫 이슬을 턴다’,health,1,2,sexual:gray,604494,https://opendict.korean.go.kr/dictionary/view?sense_no=604494
쉬는 김에 아이 업고 집이나 지키면서 보리방아 두서 말 찧어 놓으라고 한다,쉬운 일을 시키는 체하면서 살살 어르고 추슬러서 힘든 일을 시킴을 비유적으로 이르는 말.,health,1,2,,612656,https://opendict.korean.go.kr/dictionary/view?sense_no=612656
쉬려던 차에 넘어진다,"마침 쉬려고 하던 차에 넘어지게 되었다는 뜻으로, 마음속으로 바라던 일에 대하여 할 수 있는 조건이나 핑곗거리가 생김을 비유적으로 이르는 말.",health,1,2,sexual:gray,612657,https://opendict.korean.go.kr/dictionary/view?sense_no=612657
쉬파리처럼 아는 것도 많다,"먹을 것만 생기면 몰려와서 윙윙거리는 쉬파리처럼, 자기만 잘 아는 듯이 떠들어 대는 사람을 비꼬는 말.",health,1,2,,604425,https://opendict.korean.go.kr/dictionary/view?sense_no=604425
식초병보다 병마개가 더 시다,본래의 것보다 그것에 딸린 것이 오히려 그 속성을 더 잘 드러내는 경우를 비유적으로 이르는 말.,health,1,2,,604539,https://opendict.korean.go.kr/dictionary/view?sense_no=604539
씨는 속일 수 없다,내림으로 이어받는 집안 내력은 숨기려 해도 숨길 수 없음을 이르는 말.,health,1,2,sexual:gray,612886,https://opendict.korean.go.kr/dictionary/view?sense_no=612886
아쉬워 엄나무 방석이라,"아쉬운 대로 엄나무 방석에 앉았다는 뜻으로, 마음에 들지는 않지만 어쩔 수 없어서 하게 됨을 비유적으로 이르는 말.",health,1,2,sexual:gray,604877,https://opendict.korean.go.kr/dictionary/view?sense_no=604877
아욱으로 국을 끓여 삼 년을 먹으면 외짝 문으로는 못 들어간다,"아욱으로 늘 국을 끓여 먹으면 몸이 불어서 외짝 문으로 못 들어간다는 뜻으로, 아욱이 몸에 매우 좋다는 말.",health,1,2,violent:gray,612779,https://opendict.korean.go.kr/dictionary/view?sense_no=612779
아이가 때리는 매도 많이 맞으면 아프다,조그만 손해도 여러 번 당하면 큰 손해가 됨을 비유적으로 이르는 말. &lt;동의 속담&gt; ‘어린애 매도 많이 맞으면 아프다’,health,1,2,violent:gray,613025,https://opendict.korean.go.kr/dictionary/view?sense_no=613025
앉은뱅이 앉으나 마나,일을 하나 하지 않으나 별로 차이가 없다는 말. &lt;동의 속담&gt; ‘소경 잠자나 마나’ ‘곱사등이 짐 지나 마나’ ‘귀머거리 귀 있으나 마나’ ‘귀머거리 들으나 마나’ ‘봉사 안경 쓰나 마나’ ‘뻗정다리 서나 마나’ ‘장님 잠자나 마나’,health,1,2,,613194,https://opendict.korean.go.kr/dictionary/view?sense_no=613194
알 까기 전에 병아리 세지 마라,일이 성사되기도 전에 일에서 생길 이익을 따지는 것이 좋지 아니하다는 말. &lt;동의 속담&gt; ‘까기 전에 병아리 세지 마라’,health,1,2,,612985,https://opendict.korean.go.kr/dictionary/view?sense_no=612985
어린애 매도 많이 맞으면 아프다,조그만 손해도 여러 번 당하면 큰 손해가 됨을 비유적으로 이르는 말. &lt;동의 속담&gt; ‘아이가 때리는 매도 많이 맞으면 아프다’,health,1,2,violent:gray,604999,https://opendict.korean.go.kr/dictionary/view?sense_no=604999
엎어진 김에 쉬어 간다,뜻하지 아니하던 기회를 만나 자기가 하려고 하던 일을 이룬다는 말. &lt;동의 속담&gt; ‘넘어진 김에 쉬어 간다’,health,1,2,,613267,https://opendict.korean.go.kr/dictionary/view?sense_no=613267
여름비는 잠비 가을비는 떡비,"여름에 비가 오면 낮잠을 자게 되고, 가을에 비가 오면 떡을 해 먹게 된다는 말.",health,1,2,,616467,https://opendict.korean.go.kr/dictionary/view?sense_no=616467
염병에 까마귀 소리,불길하여 귀에 아주 거슬리는 소리를 이르는 말. &lt;동의 속담&gt; ‘돌림병에 까마귀 울음’,health,1,2,sexual:gray,613606,https://opendict.korean.go.kr/dictionary/view?sense_no=613606
염병에 땀을 못 낼 놈,"염병을 앓으면서도 땀도 못 내고 죽을 놈이라는 뜻으로, 남을 욕하여 이르는 말.",health,1,2,violent:gray,613607,https://opendict.korean.go.kr/dictionary/view?sense_no=613607
염병 치른 놈의 대가리 같다,염병을 앓고 난 뒤에 머리카락이 없어지는 것처럼 아무것도 없게 되었음을 비유적으로 이르는 말.,health,1,2,sexual:gray,613605,https://opendict.korean.go.kr/dictionary/view?sense_no=613605
온몸의 힘줄이 용대기 뒤 줄이 되었다,"온몸의 힘줄이 임금이 거둥할 때 들고 나가는 용대기의 뒤 벌이줄처럼 팽팽하다는 뜻으로, 사람이 극도로 흥분한 경우를 비유적으로 이르는 말.",health,1,2,,613685,https://opendict.korean.go.kr/dictionary/view?sense_no=613685
왕지네 마당에 씨암탉 걸음,"왕지네가 가득한 마당에 씨암탉이 걷는 걸음걸이라는 뜻으로, 살이 쪄서 어기적어기적 걷는 모양을 비유적으로 이르는 말.",health,1,2,sexual:gray,605248,https://opendict.korean.go.kr/dictionary/view?sense_no=605248
음식은 한데 먹고 잠은 따로 자라,음식은 차별을 하지 말고 잠자리는 구별하라는 말.,health,1,2,sexual:gray,613712,https://opendict.korean.go.kr/dictionary/view?sense_no=613712
의질이 병,‘의심이 병’의 북한 속담.,health,1,2,,605376,https://opendict.korean.go.kr/dictionary/view?sense_no=605376
익은 감도 쉬여 가며 먹으랬다,‘무른 감도 쉬어 가면서 먹어라’의 북한 속담.,health,1,2,,613763,https://opendict.korean.go.kr/dictionary/view?sense_no=613763
입맛 없는 데 병아리 궁둥이만 따라다녀도 낫다,"입맛이 없을 때는 병아리를 따라다니며 달걀 생각만 하여도 좀 낫다는 뜻으로, 별로 도움이 안될 것에까지 헛된 기대를 걸게 되는 매우 어렵고 궁한 처지를 비유적으로 이르는 말.",health,1,2,violent:gray,614024,https://opendict.korean.go.kr/dictionary/view?sense_no=614024
입에 쓴 약이 병에는 좋다,자기에 대한 충고나 비판이 당장은 듣기에 좋지 아니하지만 그것을 달게 받아들이면 자기 수양에 이로움을 이르는 말. &lt;동의 속담&gt; ‘입에 쓴 약이 병을 고친다’,health,1,2,,613955,https://opendict.korean.go.kr/dictionary/view?sense_no=613955
입에 쓴 약이 병을 고친다,자기에 대한 충고나 비판이 당장은 듣기에 좋지 아니하지만 그것을 달게 받아들이면 자기 수양에 이로움을 이르는 말. &lt;동의 속담&gt; ‘입에 쓴 약이 병에는 좋다’,health,1,2,,613956,https://opendict.korean.go.kr/dictionary/view?sense_no=613956
자다가 벼락을 맞는다,급작스럽게 뜻하지 아니한 큰 봉변을 당함을 비유적으로 이르는 말. &lt;동의 속담&gt; ‘자다가 생병 얻는[앓는] 것 같다’ ‘자다가 얻은 병’,health,1,2,,614071,https://opendict.korean.go.kr/dictionary/view?sense_no=614071
자다가 생병 얻는[앓는] 것 같다,급작스럽게 뜻하지 아니한 큰 봉변을 당함을 비유적으로 이르는 말. &lt;동의 속담&gt; ‘자다가 벼락을 맞는다’ ‘자다가 얻은 병’,health,1,2,,614073,https://opendict.korean.go.kr/dictionary/view?sense_no=614073
자다가 얻은 병,급작스럽게 뜻하지 아니한 큰 봉변을 당함을 비유적으로 이르는 말. &lt;동의 속담&gt; ‘자다가 벼락을 맞는다’ ‘자다가 생병 얻는[앓는] 것 같다’,health,1,2,,614074,https://opendict.korean.go.kr/dictionary/view?sense_no=614074
자다가 얻은 병이 이각(離却)을 못 한다,갑자기 얻은 병이나 화가 쉽게 떨어지지 아니함을 이르는 말.,health,1,2,,614075,https://opendict.korean.go.kr/dictionary/view?sense_no=614075
자다가 얻은 병인가 졸다가 얻은 병인가,너무나 갑자기 닥친 일이라 무엇이 무엇인지 갈피를 잡지 못함을 비유적으로 이르는 말.,health,1,2,violent:gray,614076,https://opendict.korean.go.kr/dictionary/view?sense_no=614076
자루 속의 송곳,"송곳은 자루에 있어도 밖으로 삐져나와 송곳의 위치를 알 수 있다는 뜻으로, 아무리 숨기려 하여도 숨길 수 없고 그 정체가 드러나는 경우를 비유적으로 이르는 말.",health,1,2,,605554,https://opendict.korean.go.kr/dictionary/view?sense_no=605554
자빠진 김에 쉬여 간다,‘엎어진 김에 쉬어 간다’의 북한 속담.,health,1,2,,614033,https://opendict.korean.go.kr/dictionary/view?sense_no=614033
잠꾸러기 집은 잠꾸러기만 모인다,어떤 집단이든 비슷한 유형의 사람이 모이게 마련임을 이르는 말.,health,1,2,,605631,https://opendict.korean.go.kr/dictionary/view?sense_no=605631
잠자리는 칠성판(이다),"잠자리에 드는 것이 칠성판을 지고 관 속에 드는 것과 같다는 뜻으로, 늘 죽음의 위협을 받아 언제 죽을지 모르는 상황 속에서 사는 비참한 신세를 비유적으로 이르는 말.",health,1,2,sexual:gray|violent:gray,614361,https://opendict.korean.go.kr/dictionary/view?sense_no=614361
장님 잠자나 마나,일을 하나 하지 않으나 별로 차이가 없다는 말. &lt;동의 속담&gt; ‘소경 잠자나 마나’ ‘곱사등이 짐 지나 마나’ ‘귀머거리 귀 있으나 마나’ ‘귀머거리 들으나 마나’ ‘봉사 안경 쓰나 마나’ ‘뻗정다리 서나 마나’ ‘앉은뱅이 앉으나 마나’,health,1,2,,614323,https://opendict.korean.go.kr/dictionary/view?sense_no=614323
조는 집에 자는 며느리 온다,잠꾸러기 집은 잠꾸러기만 모이게 됨을 비유적으로 이르는 말.,health,1,2,,615081,https://opendict.korean.go.kr/dictionary/view?sense_no=615081
조 심은 데 조 나고 콩 심은 데 콩 난다,사람의 씨종자란 아무리 숨길래야 숨길 수 없음을 비유적으로 이르는 말.,health,1,2,sexual:gray,615038,https://opendict.korean.go.kr/dictionary/view?sense_no=615038
죽과 병은 되어야 한다,"죽을 쑬 때 되게 만들어야 좋듯이, 병도 시름시름 오래 앓는 것보다 되게 한 번 앓는 것이 낫다는 말.",health,1,2,violent:gray,605966,https://opendict.korean.go.kr/dictionary/view?sense_no=605966
줄 맞은 병정이라,"대오에 들어서서 줄을 맞추어 구령에 따라 하라는 대로 하는 병정이라는 뜻으로, 조금도 어긋남이 없이 하라는 대로 고분고분 움직이는 대상을 비유적으로 이르는 말.",health,1,2,,614547,https://opendict.korean.go.kr/dictionary/view?sense_no=614547
진상 가는 꿀병[봉물짐] 얽듯,무엇을 소중하게 동여매는 경우를 비유적으로 이르는 말. &lt;동의 속담&gt; ‘진상 가는 꿀병 동이듯’,health,1,2,violent:gray,606169,https://opendict.korean.go.kr/dictionary/view?sense_no=606169
진상 가는 꿀병 동이듯,무엇을 소중하게 동여매는 경우를 비유적으로 이르는 말. &lt;동의 속담&gt; ‘진상 가는 꿀병[봉물짐] 얽듯’,health,1,2,violent:gray,606168,https://opendict.korean.go.kr/dictionary/view?sense_no=606168
질병에도 감홍로,"오지로 된 병에도 감홍로와 같이 좋은 것이 담겼다는 뜻으로, 겉모양은 보잘것없으나 속은 좋고 아름다운 경우를 비유적으로 이르는 말.",health,1,2,,606117,https://opendict.korean.go.kr/dictionary/view?sense_no=606117
찢어진 잠뱅이,살을 가리지 못하고 그대로 드러내 놓은 찢어진 잠방이처럼 제구실을 하지 못하는 존재를 비유적으로 이르는 말.,health,1,2,,606138,https://opendict.korean.go.kr/dictionary/view?sense_no=606138
처남의 댁네 병 보듯,"처남의 아내가 앓는 병에 대하여 가슴 아파하지 않고 대수롭지 않게 여긴다는 뜻으로, 일을 진심으로 하지 않고 건성건성으로 함을 비유적으로 이르는 말.",health,1,2,sexual:gray,606313,https://opendict.korean.go.kr/dictionary/view?sense_no=606313
천리마 꼬리에 쉬파리 따라가듯,"쉬파리가 천리마 꼬리에 붙어서 먼 곳까지 간다는 뜻으로, 자기는 하는 일 없이 남의 덕이나 세력 밑에 붙어 다니며 사는 모양을 비유적으로 이르는 말. &lt;동의 속담&gt;‘말 꼬리에 파리가 천 리 간다’",health,1,2,,615331,https://opendict.korean.go.kr/dictionary/view?sense_no=615331
초병을 흔들어 뺐나,"초병을 흔들어 빼다 보니 온통 식초 냄새가 풍긴다는 뜻으로, 하는 짓이 몹시 덜렁댐을 비유적으로 이르는 말.",health,1,2,,615497,https://opendict.korean.go.kr/dictionary/view?sense_no=615497
칠 년 간병에 삼 년 묵은 쑥을 찾는다,오랫동안 앓고 있는 이를 간병하다 보면 별 어려운 일도 다 겪게 됨을 비유적으로 이르는 말.,health,1,2,,606499,https://opendict.korean.go.kr/dictionary/view?sense_no=606499
칼날 우에 선 목숨,목숨이 언제 끊어질지 모를 매우 위태로운 처지에 놓여 있음을 비유적으로 이르는 말.,health,1,2,sexual:gray|violent:gray,606526,https://opendict.korean.go.kr/dictionary/view?sense_no=606526
콧병 든 병아리 같다,꾸벅꾸벅 조는 모양을 비유적으로 이르는 말.,health,1,2,,606429,https://opendict.korean.go.kr/dictionary/view?sense_no=606429
큰 바람 뒤는 고요하다,큰일을 치르느라고 들끓던 분위기가 일이 끝나고 잠잠하여짐을 비유적으로 이르는 말.,health,1,2,,615621,https://opendict.korean.go.kr/dictionary/view?sense_no=615621
파방에 수수엿 장수,기회를 놓쳐서 이제는 별 볼 일 없게 된 사람이나 그런 경우를 비유적으로 이르는 말. &lt;동의 속담&gt; ‘파장에 수수엿 장수’,health,1,2,,615883,https://opendict.korean.go.kr/dictionary/view?sense_no=615883
파장에 수수엿 장수,기회를 놓쳐서 이제는 별 볼 일 없게 된 사람이나 그런 경우를 비유적으로 이르는 말. &lt;동의 속담&gt; ‘파방에 수수엿 장수’,health,1,2,,606622,https://opendict.korean.go.kr/dictionary/view?sense_no=606622
팔자가 좋으면 동이 장수 맏며느리가 됐으랴,"팔자가 사나워 동이 장수의 맏며느리가 되어 줄곧 머리에 동이를 이고 다니게 되었다는 뜻으로, 팔자가 좋다는 말을 들었을 때에 무엇이 좋으냐고 반문하는 말.",health,1,2,,615893,https://opendict.korean.go.kr/dictionary/view?sense_no=615893
하늬바람에 엿장수 골내듯,"하늬바람이 부는 겨울은 엿이 녹지 아니하므로 값이 더 나가는데도 엿장수가 공연히 성을 낸다는 뜻으로, 자기에게 유리한 조건이 이루어지는데도 도리어 못마땅하게 여기고 성을 내는 경우를 비유적으로 이르는 말.",health,1,2,,606728,https://opendict.korean.go.kr/dictionary/view?sense_no=606728
한숨이 구만 구천 두,"한숨이 구만 구천 말이나 된다는 뜻으로, 설움이 겹겹이 쌓임을 이르는 말.",health,1,2,,606772,https://opendict.korean.go.kr/dictionary/view?sense_no=606772
황소 얼음판 걷듯,넘어질까 봐 매우 조심스럽게 걷는 모양을 비유적으로 이르는 말.,health,1,2,sexual:gray|violent:gray,606952,https://opendict.korean.go.kr/dictionary/view?sense_no=606952
힘장수가 꾀장수를 못 당한다,덮어놓고 미욱하게 뚝심을 쓰는 것보다 실정에 맞추어서 요령 있게 꾀를 쓰는 것이 더 위력적이라는 말.,health,1,2,,607063,https://opendict.korean.go.kr/dictionary/view?sense_no=607063
가늘게 먹고 가는 똥 싸라,너무 욕심을 부리다가는 봉변을 당하기 쉬우니 제힘에 맞게 적당히 취하라는 것을 비유적으로 이르는 말.,health,1,1,,607044,https://opendict.korean.go.kr/dictionary/view?sense_no=607044
가랑잎에 불붙듯[달리듯],"바싹 마른 가랑잎에 불을 지르면 걷잡을 수 없이 잘 탄다는 뜻으로, 성미가 조급하고 도량이 좁아 걸핏하면 발끈하고 화를 잘 내는 것을 비유적으로 이르는 말.",health,1,1,,606991,https://opendict.korean.go.kr/dictionary/view?sense_no=606991
가랑잎으로 눈 가리기,자기의 존재나 허물을 숨기려고 미련하게 애쓰는 경우를 비유적으로 이르는 말.,health,1,1,,606993,https://opendict.korean.go.kr/dictionary/view?sense_no=606993
가랑잎으로 눈(을) 가리고 아웅 한다,얕은수로 남을 속이려 한다는 말. &lt;동의 속담&gt; ‘눈 가리고 아웅’ ‘눈 벌리고 어비야 한다’ ‘머리카락 뒤에서 숨바꼭질한다’,health,1,1,,606995,https://opendict.korean.go.kr/dictionary/view?sense_no=606995
가마 속의 콩도 삶아야 먹는다,"가마 안에 들어간 콩도 끓여서 삶아야 먹을 수 있다는 뜻으로, 다 된 듯하고 쉬운 일이라도 손을 대어 힘을 들이지 않으면 이익이 되지 않음을 비유적으로 이르는 말.",health,1,1,sexual:gray,600509,https://opendict.korean.go.kr/dictionary/view?sense_no=600509
간장국에 절다[마르다],"짠 간장국을 먹고 몸이 마른다는 뜻으로, 오래 찌들어서 바짝 마르고 단단함을 이르는 말.",health,1,1,,600594,https://opendict.korean.go.kr/dictionary/view?sense_no=600594
감기는 밥상머리에 내려앉는다,"밥만 잘 먹으면 감기 정도는 절로 물러간다는 뜻으로, 밥만 잘 먹으면 병은 물러감을 이르는 말. &lt;동의 속담&gt; ‘감기는 밥상머리에서 물러간다[물러앉는다]’",health,1,1,,607281,https://opendict.korean.go.kr/dictionary/view?sense_no=607281
감기는 밥상머리에서 물러간다[물러앉는다],"밥만 잘 먹으면 감기 정도는 절로 물러간다는 뜻으로, 밥만 잘 먹으면 병은 물러감을 이르는 말. &lt;동의 속담&gt; ‘감기는 밥상머리에 내려앉는다’",health,1,1,,607282,https://opendict.korean.go.kr/dictionary/view?sense_no=607282
갖은 황아다[황아라],"황아장수가 여러 가지를 다 갖추어 가지고 다닌다는 뜻으로, 여러 가지 것이 골고루 많이 있는 것을 이르는 말.",health,1,1,,600720,https://opendict.korean.go.kr/dictionary/view?sense_no=600720
같은 병신끼리 불쌍해한다,"불행한 처지에 있는 사람끼리 서로 이해하고 동정하면서 불쌍해 한다는 뜻으로, 어려운 처지에 있는 사람끼리 동정함을 이르는 말.",health,1,1,,607299,https://opendict.korean.go.kr/dictionary/view?sense_no=607299
거지가 말 얻은 것[격],"자기 몸 하나도 돌보기 어려운 거지가 건사하기 힘든 말까지 가지게 되었다는 뜻으로, 괴로운 중에 더욱 괴로운 일이 생겼음을 이르는 말.",health,1,1,sexual:gray,607266,https://opendict.korean.go.kr/dictionary/view?sense_no=607266
거지는 모닥불에 살찐다,"거지가 모닥불을 피워 놓고 언 몸을 녹이는 맛에 살이 찐다는 뜻으로, 아무리 어려운 사람이라도 무언가 한 가지는 사는 재미가 있다는 말.",health,1,1,violent:gray,607273,https://opendict.korean.go.kr/dictionary/view?sense_no=607273
걷기도 전에 뛰려고 한다,쉽고 작은 일도 해낼 수 없으면서 어렵고 큰 일을 하려고 나섬을 이르는 말. &lt;동의 속담&gt; ‘기기도 전에 날기부터 하려 한다’ ‘기도[기지도] 못하면서 뛰려 한다’ ‘기도 못하는 게 날려 한다’ ‘털도 아니 난 것이 날기부터 하려 한다’ ‘푸둥지도 안 난 것이 날려고 한다’,health,1,1,,607353,https://opendict.korean.go.kr/dictionary/view?sense_no=607353
검둥개는 돼지 편,"모양이나 형편이 서로 비슷하고 인연이 있는 것끼리 서로 잘 어울리고, 사정을 보아주며 감싸 주기 쉬움을 비유적으로 이르는 말. &lt;동의 속담&gt; ‘가재는 게 편’ ‘가재는 게 편이요 초록은 한 빛이라’ ‘검정개는 돼지 편’ ‘검정개 한패[한편]’ ‘솔개는 매 편(이라고)’ ‘이리가 짖으니 개가 꼬리(를) 흔든다’",health,1,1,violent:gray,607484,https://opendict.korean.go.kr/dictionary/view?sense_no=607484
검정개는 돼지 편,"모양이나 형편이 서로 비슷하고 인연이 있는 것끼리 서로 잘 어울리고, 사정을 보아주며 감싸 주기 쉬움을 비유적으로 이르는 말. &lt;동의 속담&gt; ‘가재는 게 편’ ‘가재는 게 편이요 초록은 한 빛이라’ ‘검둥개는 돼지 편’ ‘검정개 한패[한편]’ ‘솔개는 매 편(이라고)’ ‘이리가 짖으니 개가 꼬리(를) 흔든다’",health,1,1,violent:gray,607316,https://opendict.korean.go.kr/dictionary/view?sense_no=607316
검정개 한패[한편],"모양이나 형편이 서로 비슷하고 인연이 있는 것끼리 서로 잘 어울리고, 사정을 보아주며 감싸 주기 쉬움을 비유적으로 이르는 말. &lt;동의 속담&gt; ‘가재는 게 편’ ‘가재는 게 편이요 초록은 한 빛이라’ ‘검둥개는 돼지 편’ ‘검정개는 돼지 편’ ‘솔개는 매 편(이라고)’ ‘이리가 짖으니 개가 꼬리(를) 흔든다’",health,1,1,violent:gray,607315,https://opendict.korean.go.kr/dictionary/view?sense_no=607315
겉은 늙어도 속은 새파랗다,비록 몸은 늙었어도 마음속에 생각하는 것은 한창 젊었을 때와 같다는 말.,health,1,1,sexual:gray|violent:gray,607092,https://opendict.korean.go.kr/dictionary/view?sense_no=607092
계집의 매도 너무 (많이) 맞으면 아프다,"친한 사이라도 함부로 하면 좋지 않은 일이 생긴다는 뜻으로, 비록 가깝고 친한 사이라도 예의를 잃지 말라는 말.",health,1,1,sexual:gray|violent:gray,600968,https://opendict.korean.go.kr/dictionary/view?sense_no=600968
고려 적 잠꼬대 (같은 소리),"현실과 전혀 동떨어진, 말 같지 아니한 소리를 비유적으로 이르는 말.",health,1,1,,601001,https://opendict.korean.go.kr/dictionary/view?sense_no=601001
고양이 간 골에 쥐 죽은 듯,"고양이 소리만 나도 쥐가 옴짝달싹 못하고 죽은 듯이 조용하다는 데서, 겁이 나거나 놀라서 숨을 죽이고 꼼짝 못 하는 모양을 비유적으로 이르는 말.",health,1,1,violent:gray,601047,https://opendict.korean.go.kr/dictionary/view?sense_no=601047
곡식 이삭은 익을수록[잘될수록] 고개를 숙인다,교양이 있고 수양을 쌓은 사람일수록 겸손하고 남 앞에서 자기를 내세우려 하지 않는다는 것을 비유적으로 이르는 말. &lt;동의 속담&gt; ‘벼 이삭은 익을수록 고개를 숙인다’ ‘낟알은 익을수록 고개를 숙인다’ ‘병에 찬 물은 저어도 소리가 나지 않는다’,health,1,1,,601116,https://opendict.korean.go.kr/dictionary/view?sense_no=601116
곤달걀 꼬끼오 울거든,도저히 불가능한 일이어서 기약할 수 없음을 비유적으로 이르는 말. &lt;동의 속담&gt; ‘병풍에 그린 닭이 홰를 치거든’,health,1,1,sexual:gray,601107,https://opendict.korean.go.kr/dictionary/view?sense_no=601107
곧은 나무 쉬[먼저] 꺾인다[찍힌다],능력 있는 사람이 일찍 죽음을 비유적으로 이르는 말. &lt;동의 속담&gt; ‘나무도 쓸 만한 것이 먼저 베인다’,health,1,1,sexual:gray|violent:gray,601098,https://opendict.korean.go.kr/dictionary/view?sense_no=601098
공복에 인경을 침도 아니 바르고 그냥 삼키려 한다,"굶은 빈속에 엄청나게 큰 종인 인경을 단숨에 삼키려 한다는 뜻으로, 욕심이 많아서 경위(經緯)를 가리지 않고 한없이 탐내기만 함을 비유적으로 이르는 말.",health,1,1,,601154,https://opendict.korean.go.kr/dictionary/view?sense_no=601154
과부가 일생을 혼자 살고 나면 한숨이 구만 구천 두라,과부의 생활에 남모르는 설움이 많고 고생이 막심함을 비유적으로 이르는 말.,health,1,1,violent:gray,601182,https://opendict.korean.go.kr/dictionary/view?sense_no=601182
과부가 찬밥에 곯는다,홀몸이라고 먹는 것을 부실하게 하여 허약해진 과부가 많다는 말.,health,1,1,,601183,https://opendict.korean.go.kr/dictionary/view?sense_no=601183
구더기 무서워 장 못 담글까,다소 방해되는 것이 있다 하더라도 마땅히 할 일은 하여야 함을 비유적으로 이르는 말. &lt;동의 속담&gt; ‘가시 무서워 장 못 담그랴’ ‘쉬파리 무서워 장 못 만들까[담글까]’ ‘장마가 무서워 호박을 못 심겠다’,health,1,1,,607999,https://opendict.korean.go.kr/dictionary/view?sense_no=607999
구렁이 제 몸 추듯,자기 자랑만 함을 비유적으로 이르는 말.,health,1,1,,607625,https://opendict.korean.go.kr/dictionary/view?sense_no=607625
구렝이 숲속으로 사라지듯,"구렁이가 흔적도 없이 몸을 감추듯 한다는 뜻으로, 종적을 알 수 없게 감쪽같이 사라짐을 비유적으로 이르는 말.",health,1,1,,601248,https://opendict.korean.go.kr/dictionary/view?sense_no=601248
국수집 식초병 같다,한자리에 오랫동안 붙어 있지 못하고 자주 왔다 갔다 함을 비유적으로 이르는 말.,health,1,1,,601268,https://opendict.korean.go.kr/dictionary/view?sense_no=601268
굴에 든 뱀 길이를 알 수 없다,남의 숨은 재주나 가지고 있는 보물은 얼마나 되는지 알 수가 없음을 비유적으로 이르는 말.,health,1,1,sexual:gray,607989,https://opendict.korean.go.kr/dictionary/view?sense_no=607989
굽은 지팡이는 그림자도 굽어 비친다,제 본디의 모습이 좋지 아니한 것은 아무리 하여도 숨기지 못함을 비유적으로 이르는 말.,health,1,1,,601362,https://opendict.korean.go.kr/dictionary/view?sense_no=601362
귀신같이 먹고 장승같이 간다,걸음을 잘 걷는 사람을 두고 이르는 말.,health,1,1,sexual:gray,607883,https://opendict.korean.go.kr/dictionary/view?sense_no=607883
귀신 같지 않은 게 사람 잡는다,"축에도 들지 못하는 같잖은 사람을 믿고 앓는 사람의 병을 고치려다가 그만 죽이고 만다는 뜻으로, 똑똑하지 못한 미물이 애를 먹이거나 큰 피해를 입히는 경우를 비유적으로 이르는 말.",health,1,1,violent:gray,607873,https://opendict.korean.go.kr/dictionary/view?sense_no=607873
근심에 마르고[여위고] 설음에는 살찐다,드러내 놓고 슬퍼하는 것보다 속으로 은근히 근심하는 것이 더 애타고 몸도 축난다는 말. &lt;동의 속담&gt; ‘설음에는 살찌고 근심에는 여윈다’,health,1,1,sexual:gray,601410,https://opendict.korean.go.kr/dictionary/view?sense_no=601410
기기도 전에 날기부터 하려 한다,쉽고 작은 일도 해낼 수 없으면서 어렵고 큰일을 하려고 나섬을 이르는 말. &lt;동의 속담&gt; ‘걷기도 전에 뛰려고 한다’ ‘기도[기지도] 못하면서 뛰려 한다’ ‘기도 못하는 게 날려 한다’ ‘털도 아니 난 것이 날기부터 하려 한다’ ‘푸둥지도 안 난 것이 날려고 한다’,health,1,1,,608196,https://opendict.korean.go.kr/dictionary/view?sense_no=608196
기도[기지도] 못하면서 뛰려 한다,쉽고 작은 일도 해낼 수 없으면서 어렵고 큰일을 하려고 나섬을 이르는 말. &lt;동의 속담&gt; ‘걷기도 전에 뛰려고 한다’ ‘기기도 전에 날기부터 하려 한다’ ‘기도 못하는 게 날려 한다’ ‘털도 아니 난 것이 날기부터 하려 한다’ ‘푸둥지도 안 난 것이 날려고 한다’,health,1,1,,608199,https://opendict.korean.go.kr/dictionary/view?sense_no=608199
기도 못하는 게 날려 한다,쉽고 작은 일도 해낼 수 없으면서 어렵고 큰일을 하려고 나섬을 이르는 말. &lt;동의 속담&gt; ‘걷기도 전에 뛰려고 한다’ ‘기기도 전에 날기부터 하려 한다’ ‘기도[기지도] 못하면서 뛰려 한다’ ‘털도 아니 난 것이 날기부터 하려 한다’ ‘푸둥지도 안 난 것이 날려고 한다’,health,1,1,,608198,https://opendict.korean.go.kr/dictionary/view?sense_no=608198
기린은 잠자고 스라소니가 춤춘다,성인은 깊숙이 들어앉아 활동을 하지 아니하고 간악하고 무능한 소인들이 날뜀을 비유적으로 이르는 말.,health,1,1,violent:gray,601461,https://opendict.korean.go.kr/dictionary/view?sense_no=601461
기생 환갑은 서른,서른 살이면 기생으로서의 생명이 다한 것이나 다름없음을 비유적으로 이르는 말.,health,1,1,sexual:gray,607985,https://opendict.korean.go.kr/dictionary/view?sense_no=607985
기운이 세면 소가 왕 노릇 할까,"소가 아무리 크고 힘이 세다 할지라도 왕 노릇은 할 수 없다는 뜻으로, 힘만 가지고는 결코 큰일을 못하며 반드시 훌륭한 품성과 지략을 갖추어야 됨을 비유적으로 이르는 말. &lt;동의 속담&gt; ‘소가 크면[세면] 왕 노릇 하나’ ‘기운이 세면 장수 노릇 하나’ ‘힘 많은 소가 왕 노릇 하나’ ‘힘센 소가 왕 노릇 할까’",health,1,1,,608059,https://opendict.korean.go.kr/dictionary/view?sense_no=608059
길이 없으니 한길을 걷고 물이 없으니 한물을 먹는다,달리 도리가 없어 본의는 아니지만 할 수 없이 일을 같이 한다는 말.,health,1,1,,608097,https://opendict.korean.go.kr/dictionary/view?sense_no=608097
깃 없는 어린 새 그 몸을 보전치 못한다,나이 어린 아이는 부모의 보호를 받지 않으면 자라나기 어려움을 비유적으로 이르는 말.,health,1,1,,601532,https://opendict.korean.go.kr/dictionary/view?sense_no=601532
까마귀가 아저씨 하겠다,손발이나 몸에 때가 너무 많이 끼어서 시꺼멓고 더러운 것을 놀림조로 이르는 말. &lt;동의 속담&gt; ‘까마귀와 사촌’,health,1,1,,607851,https://opendict.korean.go.kr/dictionary/view?sense_no=607851
까마귀와 사촌,손발이나 몸에 때가 너무 많이 끼어서 시꺼멓고 더러운 것을 놀림조로 이르는 말. &lt;동의 속담&gt; ‘까마귀가 아저씨 하겠다’,health,1,1,,607858,https://opendict.korean.go.kr/dictionary/view?sense_no=607858
꼬기는 칠팔월 수숫잎 꼬이듯,의사 표시를 솔직하게 하지 않고 우물쭈물하는 모습을 비유적으로 이르는 말.,health,1,1,,608113,https://opendict.korean.go.kr/dictionary/view?sense_no=608113
꾀 당나귀 같다,잔꾀를 부려 도리어 피해를 본 당나귀같이 몸을 사리다가 혼쭐이 나는 사람을 놀림조로 이르는 말.,health,1,1,violent:gray,608310,https://opendict.korean.go.kr/dictionary/view?sense_no=608310
꿩 장수 후리듯,남을 잘 이용하여 자기의 이익을 취하는 것을 비유적으로 이르는 말.,health,1,1,,608391,https://opendict.korean.go.kr/dictionary/view?sense_no=608391
나막신 신고 얼음 지치기,"걷는 것도 불편한 나막신을 신고 미끄러운 얼음판을 지친다는 뜻으로, 매우 불편하고 위태로운 모습으로 일에 달라붙는 어리석음을 비유적으로 이르는 말.",health,1,1,sexual:gray|violent:gray,601572,https://opendict.korean.go.kr/dictionary/view?sense_no=601572
낟알은 익을수록 고개를 숙인다,교양이 있고 수양을 쌓은 사람일수록 겸손하고 남 앞에서 자기를 내세우려 하지 않는다는 것을 비유적으로 이르는 말. &lt;동의 속담&gt; ‘벼 이삭은 익을수록 고개를 숙인다’ ‘곡식 이삭은 익을수록[잘될수록] 고개를 숙인다’ ‘병에 찬 물은 저어도 소리가 나지 않는다’,health,1,1,,601688,https://opendict.korean.go.kr/dictionary/view?sense_no=601688
날개 부러진 매[독수리],위세를 부리다가 타격을 받고 힘없게 된 사람을 비유적으로 이르는 말. &lt;동의 속담&gt; ‘허리 부러진 장수[호랑이]’,health,1,1,violent:gray,608345,https://opendict.korean.go.kr/dictionary/view?sense_no=608345
날 샌 은혜 없다,"날이 새면 은혜에 대한 고마운 감정이 식는다는 뜻으로, 은혜는 시일이 지나면 쉬이 잊게 됨을 비유적으로 이르는 말. &lt;동의 속담&gt; ‘밤 잔 원수 없고 날 샌 은혜 없다’",health,1,1,,608410,https://opendict.korean.go.kr/dictionary/view?sense_no=608410
날 잡아 잡수 한다,하고 싶은 대로 하라고 상대편에게 자기 몸을 내맡기는 경우를 비유적으로 이르는 말.,health,1,1,,601606,https://opendict.korean.go.kr/dictionary/view?sense_no=601606
남양 원님 굴회 마시듯,단숨에 일을 처리하여 마치는 모양을 비유적으로 이르는 말.,health,1,1,,601726,https://opendict.korean.go.kr/dictionary/view?sense_no=601726
남의 다리 긁는다,기껏 한 일이 결국 남 좋은 일이 됨을 비유적으로 이르는 말. &lt;동의 속담&gt; ‘남의 다리에 행전 친다’ ‘남의 말에 안장 지운다’ ‘남의 발에 감발한다’ ‘남의 발에 버선 신긴다’ ‘잠결에 남의 다리 긁는다’,health,1,1,,608447,https://opendict.korean.go.kr/dictionary/view?sense_no=608447
남의 다리에 행전 친다,기껏 한 일이 결국 남 좋은 일이 됨을 비유적으로 이르는 말. &lt;동의 속담&gt; ‘남의 다리 긁는다’ ‘남의 말에 안장 지운다’ ‘남의 발에 감발한다’ ‘남의 발에 버선 신긴다’ ‘잠결에 남의 다리 긁는다’,health,1,1,,608449,https://opendict.korean.go.kr/dictionary/view?sense_no=608449
남의 등창은 제 여드름만 못하다,‘남의 염병이 내 고뿔만 못하다’의 북한 속담.,health,1,1,violent:gray,608454,https://opendict.korean.go.kr/dictionary/view?sense_no=608454
남의 말에 안장 지운다,기껏 한 일이 결국 남 좋은 일이 됨을 비유적으로 이르는 말. &lt;동의 속담&gt; ‘남의 다리 긁는다’ ‘남의 다리에 행전 친다’ ‘남의 발에 감발한다’ ‘남의 발에 버선 신긴다’ ‘잠결에 남의 다리 긁는다’,health,1,1,,608465,https://opendict.korean.go.kr/dictionary/view?sense_no=608465
남의 말 하기는 식은 죽 먹기,남의 잘못을 드러내어 말하는 것은 아주 쉬운 일임을 비유적으로 이르는 말.,health,1,1,violent:gray,608463,https://opendict.korean.go.kr/dictionary/view?sense_no=608463
남의 발에 감발한다,기껏 한 일이 결국 남 좋은 일이 됨을 비유적으로 이르는 말. &lt;동의 속담&gt; ‘남의 다리 긁는다’ ‘남의 다리에 행전 친다’ ‘남의 말에 안장 지운다’ ‘남의 발에 버선 신긴다’ ‘잠결에 남의 다리 긁는다’,health,1,1,,608471,https://opendict.korean.go.kr/dictionary/view?sense_no=608471
남의 발에 버선 신긴다,기껏 한 일이 결국 남 좋은 일이 됨을 비유적으로 이르는 말. &lt;동의 속담&gt; ‘남의 다리 긁는다’ ‘남의 다리에 행전 친다’ ‘남의 말에 안장 지운다’ ‘남의 발에 버선 신긴다’ ‘잠결에 남의 다리 긁는다’,health,1,1,,608473,https://opendict.korean.go.kr/dictionary/view?sense_no=608473
남의 손의 떡이 더 커 보이고 남이 잡은 일감이 더 헐어 보인다,물건은 남의 것이 제 것보다 더 좋아 보이고 일은 남의 일이 제 일보다 더 쉬워 보임을 비유적으로 이르는 말. &lt;동의 속담&gt; ‘남의 밥에 든 콩이 굵어 보인다’ ‘남의 손의 떡은 커 보인다’,health,1,1,,608501,https://opendict.korean.go.kr/dictionary/view?sense_no=608501
남의 일은 오뉴월에도 손이 시리다,"남의 일은 쉬운 일이라도 괴롭게 느껴진다는 뜻으로, 남을 위하여 진심으로 성의껏 일하는 것이 쉽지 아니함을 비유적으로 이르는 말.",health,1,1,,608513,https://opendict.korean.go.kr/dictionary/view?sense_no=608513
내 것 없어 남의 것 먹자니 말도 많다,"제가 가진 것이 없어서 남에게 얻어먹자니 자연 구구한 변명이나 아쉬운 소리를 하게 된다는 뜻으로, 무엇을 남에게 부탁하느라고 궁한 소리를 구구하게 함을 비유적으로 이르는 말.",health,1,1,,601762,https://opendict.korean.go.kr/dictionary/view?sense_no=601762
내 몸이 높아지면 아래를 살펴야 한다,윗자리에 있는 사람은 아랫사람을 조심해야 한다는 말.,health,1,1,,601782,https://opendict.korean.go.kr/dictionary/view?sense_no=601782
내 몸이 중이면 중의 행세를 하라,제 신분이나 분수를 지켜야 함을 비유적으로 이르는 말.,health,1,1,,601784,https://opendict.korean.go.kr/dictionary/view?sense_no=601784
네 병이야 낫든 안 낫든 내 약값이나 내라,남을 위하여 한 일의 결과는 덮어놓고 그 대가만을 요구하는 것을 비유적으로 이르는 말.,health,1,1,,601872,https://opendict.korean.go.kr/dictionary/view?sense_no=601872
녀자가 약해도 어머니 되는 데는 강하다,여자가 몸은 연약하여도 자식을 낳아 기르는 데는 매우 강한 힘을 가지고 있다는 말.,health,1,1,violent:gray,601910,https://opendict.korean.go.kr/dictionary/view?sense_no=601910
녀자하고 도리깨는 자꾸 내돌리면 못쓰게 된다,젊은 여자가 자꾸 밖으로 나다니게 되면 행실이 나빠지고 몸을 버리기 쉽다는 말.,health,1,1,,601913,https://opendict.korean.go.kr/dictionary/view?sense_no=601913
노장이 무용이라,"늙은 장수가 소용이 없다는 뜻으로, 늙은이가 자기를 스스로 겸손하게 이르는 말.",health,1,1,,608652,https://opendict.korean.go.kr/dictionary/view?sense_no=608652
논에는 물이 장수,논농사에서 물이 가장 중요함을 비유적으로 이르는 말.,health,1,1,,601944,https://opendict.korean.go.kr/dictionary/view?sense_no=601944
누운 소 타기,하기가 매우 쉬운 것을 비유적으로 이르는 말. &lt;동의 속담&gt; ‘누워서 떡 먹기’,health,1,1,violent:gray,608883,https://opendict.korean.go.kr/dictionary/view?sense_no=608883
누워서 떡 먹기,하기가 매우 쉬운 것을 비유적으로 이르는 말. &lt;동의 속담&gt; ‘누운 소 타기’,health,1,1,violent:gray,608888,https://opendict.korean.go.kr/dictionary/view?sense_no=608888
누워서 떡을 먹으면 팥고물이 눈에 들어간다,자기 몸 편할 도리만 차려서 일을 하면 도리어 제게 해로움이 생김을 비유적으로 이르는 말.,health,1,1,,608889,https://opendict.korean.go.kr/dictionary/view?sense_no=608889
눈 가리고 아웅,얕은수로 남을 속이려 한다는 말. &lt;동의 속담&gt; ‘가랑잎으로 눈(을) 가리고 아웅 한다’ ‘눈 벌리고 어비야 한다’ ‘머리카락 뒤에서 숨바꼭질한다’,health,1,1,,608823,https://opendict.korean.go.kr/dictionary/view?sense_no=608823
눈 벌리고 어비야 한다,얕은수로 남을 속이려 한다는 말. &lt;동의 속담&gt; ‘눈 가리고 아웅’ ‘가랑잎으로 눈(을) 가리고 아웅 한다’ ‘머리카락 뒤에서 숨바꼭질한다’,health,1,1,,608833,https://opendict.korean.go.kr/dictionary/view?sense_no=608833
눈보다 동자가 크다,"눈보다 그 안에 있는 눈동자가 더 크다는 뜻으로, 기본이 되는 것보다 덧붙이는 것이 더 많거나 큰 경우를 비유적으로 이르는 말. &lt;동의 속담&gt; ‘발보다 발가락이 더 크다’ ‘몸보다 배꼽이 더 크다’ ‘배보다 배꼽이 더 크다’ ‘아이보다 배꼽이 크다’ ‘얼굴보다 코가 더 크다’",health,1,1,,608843,https://opendict.korean.go.kr/dictionary/view?sense_no=608843
눈섭에 떨어진 병,‘눈썹에 떨어진 액’의 북한 속담.,health,1,1,,601988,https://opendict.korean.go.kr/dictionary/view?sense_no=601988
눈 익고 손 설다,무슨 일이나 눈으로 보기에는 쉬운 것 같으나 실제로 하기는 힘듦을 비유적으로 이르는 말.,health,1,1,,608838,https://opendict.korean.go.kr/dictionary/view?sense_no=608838
늙은 개가 문 지키기 괴롭다,나이 많고 늙은 사람이 쉬지 않고 꼬박 일하는 것이 쉽지 않음을 비유적으로 이르는 말.,health,1,1,sexual:gray,608942,https://opendict.korean.go.kr/dictionary/view?sense_no=608942
늦바람이 용마름을 벗긴다,"늦게 불기 시작한 바람이 초가집 지붕마루에 얹은 용마름을 벗겨 갈 만큼 세다는 뜻으로, 사람도 늙은 후에 한번 바람이 나기 시작하면 걷잡을 수 없음을 비유적으로 이르는 말. &lt;동의 속담&gt; ‘사람도 늦바람이 무섭다’",health,1,1,sexual:gray,608917,https://opendict.korean.go.kr/dictionary/view?sense_no=608917
다리 부러진 장수 성안에서 호령한다,남 앞에서는 제대로 기도 못 펴면서 남이 없는 곳에서만 잘난 체하고 호기를 부리는 경우를 비유적으로 이르는 말. &lt;동의 속담&gt; ‘이불 속[안]에서 활개 친다’,health,1,1,violent:gray,608974,https://opendict.korean.go.kr/dictionary/view?sense_no=608974
다섯 손가락 깨물어서 아프지 않은 손가락이 없다,혈육은 다 귀하고 소중함을 비유적으로 이르는 말. &lt;동의 속담&gt; ‘열 손가락 깨물어 안 아픈 손가락이 없다’,health,1,1,,602077,https://opendict.korean.go.kr/dictionary/view?sense_no=602077
달밤에 삿갓 쓰고 나온다,가뜩이나 미운 사람이 더 미운 짓만 함을 비유적으로 이르는 말. &lt;동의 속담&gt; ‘못난 색시 달밤에 삿갓 쓰고 나선다[다닌다]’ ‘못생긴 며느리 제삿날에 병난다’ ‘예쁘지 않은 며느리가 삿갓 쓰고 으스름 달밤에 나선다’,health,1,1,sexual:gray,602118,https://opendict.korean.go.kr/dictionary/view?sense_no=602118
닭의 새끼 봉 되랴,"병아리 같은 흔한 동물이 귀하고 상서로운 봉이 될 리가 없다는 뜻으로, 본시 제가 타고난 대로밖에는 아무리 하여도 안 됨을 비유적으로 이르는 말. &lt;동의 속담&gt; ‘우마가 기린 되랴’ ‘까마귀 학이 되랴’ ‘나무 뚝배기 쇠 양푼 될까’ ‘나무 접시 놋접시 될까’",health,1,1,,609194,https://opendict.korean.go.kr/dictionary/view?sense_no=609194
닷새를 굶어도 풍잠 멋으로 굶는다,체면 때문에 곤란을 무릅씀을 비유적으로 이르는 말.,health,1,1,,609299,https://opendict.korean.go.kr/dictionary/view?sense_no=609299
당장 먹기엔 곶감이 달다,당장 먹기 좋고 편한 것은 그때 잠시뿐이지 정작 좋고 이로운 것은 못 된다는 말.,health,1,1,,609334,https://opendict.korean.go.kr/dictionary/view?sense_no=609334
대가리에 쉬슨 놈,어리석고 둔한 사람을 비유적으로 이르는 말.,health,1,1,,609318,https://opendict.korean.go.kr/dictionary/view?sense_no=609318
대내 한 놈의 적은 대외 백 놈의 적보다 더 무섭다,숨어든 적이나 배신자 한 명이 밖에 있는 많은 적보다 오히려 큰 해를 끼친다는 말. &lt;동의 속담&gt; ‘백 명의 외적보다 한 명의 내적이 더 위험하다’,health,1,1,,602158,https://opendict.korean.go.kr/dictionary/view?sense_no=602158
대명전 대들보의 명매기 걸음,맵시를 내고 아양을 부리며 아장아장 걷는 여자의 걸음을 비유적으로 이르는 말. &lt;동의 속담&gt; ‘백모래밭에 금 자라 걸음’ ‘양지 마당에 씨암탉 걸음’,health,1,1,sexual:gray|violent:gray,602152,https://opendict.korean.go.kr/dictionary/view?sense_no=602152
대문 밖이 저승이라,"사람은 언제 죽을지 모른다는 뜻으로, 사람의 목숨이 덧없음을 비유적으로 이르는 말. &lt;동의 속담&gt; ‘문턱 밑이 저승이라’ ‘저승길이 대문 밖이다’",health,1,1,sexual:gray|violent:gray,609043,https://opendict.korean.go.kr/dictionary/view?sense_no=609043
대천가의 논은 살 것이 아니다,큰 강가의 논은 수해를 입기가 쉬움을 비유적으로 이르는 말.,health,1,1,,602167,https://opendict.korean.go.kr/dictionary/view?sense_no=602167
대통 맞은 병아리 같다,남에게 얻어맞거나 의외의 일을 당하여 정신이 멍한 것을 비유적으로 이르는 말.,health,1,1,,609047,https://opendict.korean.go.kr/dictionary/view?sense_no=609047
도끼를 베고 잤나,밤잠을 편히 못 자고 너무 이른 아침에 일어난 경우를 비유적으로 이르는 말.,health,1,1,,602200,https://opendict.korean.go.kr/dictionary/view?sense_no=602200
도둑놈이 제 말에 잡힌다,나쁜 짓을 하고 그것을 숨기려고 하나 저도 모르는 사이에 죄를 드러내고 맒을 비유적으로 이르는 말. &lt;동의 속담&gt; ‘도둑놈이 제 발자국에 놀란다’,health,1,1,,602242,https://opendict.korean.go.kr/dictionary/view?sense_no=602242
도둑놈이 제 발자국에 놀란다,나쁜 짓을 하고 그것을 숨기려고 하나 저도 모르는 사이에 죄를 드러내고 맒을 비유적으로 이르는 말. &lt;동의 속담&gt; ‘도둑놈이 제 말에 잡힌다’,health,1,1,,602243,https://opendict.korean.go.kr/dictionary/view?sense_no=602243
도둑이 도둑이야 한다,지은 죄를 숨기려고 한 짓이 도리어 죄를 드러내고 맒을 비유적으로 이르는 말. &lt;동의 관용구&gt; ‘도둑이 포도청 간다’ ‘불낸 놈이 불이야 한다’,health,1,1,,609446,https://opendict.korean.go.kr/dictionary/view?sense_no=609446
도둑이 포도청 간다,지은 죄를 숨기려고 한 짓이 도리어 죄를 드러내고 맒을 비유적으로 이르는 말. &lt;동의 관용구&gt; ‘도둑이 도둑이야 한다’ ‘불낸 놈이 불이야 한다’,health,1,1,,609451,https://opendict.korean.go.kr/dictionary/view?sense_no=609451
도둑질도 혼자 해 먹어라,"무슨 일이나 여럿이 하면 말이 많아지고 손이 맞지 않아 실수하기 쉬우니, 혼자 하는 것이 가장 좋음을 비유적으로 이르는 말.",health,1,1,sexual:gray,602279,https://opendict.korean.go.kr/dictionary/view?sense_no=602279
독수리가 병아리 채 가듯,갑자기 덮쳐서 감쪽같이 채 가는 모양을 비유적으로 이르는 말.,health,1,1,,602333,https://opendict.korean.go.kr/dictionary/view?sense_no=602333
독장수구구는 독만 깨뜨린다,실현성이 없는 허황된 계산은 도리어 손해만 가져온다는 말.,health,1,1,,602317,https://opendict.korean.go.kr/dictionary/view?sense_no=602317
독 틈에서 쥐 잡기,"독과 독 사이에 숨어 있는 쥐를 잡으려다가 독을 깨뜨릴 수 있다는 뜻으로, 어떤 작은 성과를 내려다가 큰 손실을 볼 수 있는 위태로운 일을 함을 비유적으로 이르는 말.",health,1,1,,609473,https://opendict.korean.go.kr/dictionary/view?sense_no=609473
동네 쉬파리 모여들듯,음식을 하였을 때 사람들이 떼거리로 모여드는 모양을 비유적으로 이르는 말.,health,1,1,sexual:gray,609488,https://opendict.korean.go.kr/dictionary/view?sense_no=609488
동에 번쩍 서에 번쩍,정처가 없고 종적을 걷잡을 수 없을 만큼 왔다 갔다 함을 이르는 말.,health,1,1,,602357,https://opendict.korean.go.kr/dictionary/view?sense_no=602357
동지섣달에 베잠방이를 입을망정 다듬이 소리는 듣기 싫다,다듬이질 소리는 매우 듣기 싫은 소리임을 이르는 말.,health,1,1,violent:gray,609373,https://opendict.korean.go.kr/dictionary/view?sense_no=609373
동풍에 곡식이 병난다,한참 낟알이 익어 갈 무렵에 때아닌 동풍이 불면 못쓰게 된다는 말.,health,1,1,,609419,https://opendict.korean.go.kr/dictionary/view?sense_no=609419
돼지 밥을 잇는 것이 네 옷을 대기보다 낫다,한참 장난이 심한 사내아이 옷이 쉬 못 입게 됨을 이르는 말.,health,1,1,sexual:gray,602470,https://opendict.korean.go.kr/dictionary/view?sense_no=602470
되지 못한 풍잠이 갓 밖에 어른거린다,좋지 못한 물건이 흔히 잘 나타나 눈에 띄어 번쩍인다는 말.,health,1,1,,602398,https://opendict.korean.go.kr/dictionary/view?sense_no=602398
두부살에 바늘뼈,"두부같이 힘없는 살에 바늘처럼 가는 뼈란 뜻으로, 몸이 아주 연약한 사람을 비유적으로 이르는 말. &lt;동의 속담&gt; ‘바늘뼈에 두부살’",health,1,1,,602489,https://opendict.korean.go.kr/dictionary/view?sense_no=602489
두 소경 한 막대 짚고 걷는다,어리석은 두 사람이 같은 잘못을 저지르는 경우를 비유적으로 이르는 말.,health,1,1,,602434,https://opendict.korean.go.kr/dictionary/view?sense_no=602434
들으면 병이요 안 들으면 약이다,들어서 걱정될 일은 듣지 않는 것이 차라리 낫다는 말.,health,1,1,,609569,https://opendict.korean.go.kr/dictionary/view?sense_no=609569
들 적 며느리 날 적 송아지,"며느리는 시집올 적에만 대접을 받고 송아지는 태어날 때만 잠시 귀염을 받는다는 뜻으로, 며느리는 출가해 온 후 일만 하고 산다는 말.",health,1,1,,602509,https://opendict.korean.go.kr/dictionary/view?sense_no=602509
등에 풀 바른 것 같다,"등이 빳빳하다는 뜻으로, 몸의 움직임이 자유롭지 못함을 이르는 말.",health,1,1,,609844,https://opendict.korean.go.kr/dictionary/view?sense_no=609844
똥 벌레가 제 몸 더러운 줄 모른다,사람은 제 자신의 잘못이나 결점은 모른다는 말.,health,1,1,,609522,https://opendict.korean.go.kr/dictionary/view?sense_no=609522
뚝비 맞은 강아지[개 새끼] 같다,비를 흠뻑 맞았거나 물에 빠져 옷이 푹 젖어 몸에 달라붙어 있는 모양을 비유적으로 이르는 말.,health,1,1,sexual:gray,609340,https://opendict.korean.go.kr/dictionary/view?sense_no=609340
마디에 공이 닿아,아끼는 곳에 더욱 상하기 쉬운 흠이 있음을 이르는 말.,health,1,1,sexual:gray,609633,https://opendict.korean.go.kr/dictionary/view?sense_no=609633
마루 넘은 수레 내려가기,사물의 진행 속도나 형세가 걷잡을 수 없이 매우 빠름을 이르는 말.,health,1,1,violent:gray,609591,https://opendict.korean.go.kr/dictionary/view?sense_no=609591
만진중의 외 장사,"먼지만 가득한 땅에서의 참외 장수라는 뜻으로, 어지러운 환경 속에서의 귀중한 존재를 이르는 말.",health,1,1,,602791,https://opendict.korean.go.kr/dictionary/view?sense_no=602791
말 속에 뜻이 있고 뼈가 있다,말 뒤에 겉에 드러나지 아니한 숨은 뜻이 있다는 말.,health,1,1,,609733,https://opendict.korean.go.kr/dictionary/view?sense_no=609733
매 꿩 찬 듯,암상이 나서 몸을 떠는 모양을 비유적으로 이르는 말.,health,1,1,violent:gray,610134,https://opendict.korean.go.kr/dictionary/view?sense_no=610134
맹꽁이 결박한 것 같다,키가 작고 몸이 뚱뚱한 사람이 옷을 잔뜩 입은 모양을 비유적으로 이르는 말.,health,1,1,,609615,https://opendict.korean.go.kr/dictionary/view?sense_no=609615
머리카락 뒤에서 숨바꼭질한다,얕은수로 남을 속이려 한다는 말. &lt;동의 속담&gt; ‘눈 가리고 아웅’ ‘가랑잎으로 눈(을) 가리고 아웅 한다’ ‘눈 벌리고 어비야 한다’,health,1,1,,610170,https://opendict.korean.go.kr/dictionary/view?sense_no=610170
먹은 소 기운을 쓴다,힘이나 밑천을 들이지 않고는 좋은 결과를 바랄 수 없음을 비유적으로 이르는 말. &lt;동의 속담&gt; ‘먹지 않고 잘 걷는 말이 없다’,health,1,1,sexual:gray,610238,https://opendict.korean.go.kr/dictionary/view?sense_no=610238
먹지 않고 잘 걷는 말이 없다,힘이나 밑천을 들이지 않고는 좋은 결과를 바랄 수 없음을 비유적으로 이르는 말. &lt;동의 속담&gt; ‘먹은 소 기운을 쓴다’,health,1,1,sexual:gray,610253,https://opendict.korean.go.kr/dictionary/view?sense_no=610253
먹지 않는 종 투기 없는 아내,너무나 비현실적인 것을 비유적으로 이르는 말. &lt;동의 속담&gt; ‘여물 안 먹고 잘 걷는 말’,health,1,1,sexual:gray,610256,https://opendict.korean.go.kr/dictionary/view?sense_no=610256
메고 나면 상두꾼 들고 나면 초롱꾼,이미 영락한 몸이 무슨 일인들 못하겠느냐는 말.,health,1,1,,609858,https://opendict.korean.go.kr/dictionary/view?sense_no=609858
모양내다 얼어 죽겠다,실속은 없이 겉보기나 형식만 신경 쓰다가는 낭패할 수 있음을 핀잔하는 말. &lt;동의 속담&gt; ‘몸꼴 내다 얼어 죽는다’,health,1,1,sexual:gray|violent:gray,602916,https://opendict.korean.go.kr/dictionary/view?sense_no=602916
목석도 땀 날 때 있다,건강한 사람이라도 아플 때가 있다는 말.,health,1,1,,602933,https://opendict.korean.go.kr/dictionary/view?sense_no=602933
몸꼴 내다 얼어 죽는다,실속은 없이 겉보기나 형식만 신경 쓰다가는 낭패할 수 있음을 핀잔하는 말. &lt;동의 속담&gt; ‘모양내다 얼어 죽겠다’,health,1,1,sexual:gray|violent:gray,610668,https://opendict.korean.go.kr/dictionary/view?sense_no=610668
몸이 되면 입도 되다,애써 벌면 먹는 것도 잘 먹게 된다는 말.,health,1,1,,602989,https://opendict.korean.go.kr/dictionary/view?sense_no=602989
못난 색시 달밤에 삿갓 쓰고 나선다[다닌다],가뜩이나 미운 사람이 더 미운 짓만 함을 비유적으로 이르는 말. &lt;동의 속담&gt; ‘달밤에 삿갓 쓰고 나온다’ ‘못생긴 며느리 제삿날에 병난다’ ‘예쁘지 않은 며느리가 삿갓 쓰고 으스름 달밤에 나선다’,health,1,1,sexual:gray,603030,https://opendict.korean.go.kr/dictionary/view?sense_no=603030
못생긴 며느리 제삿날에 병난다,가뜩이나 미운 사람이 더 미운 짓만 함을 비유적으로 이르는 말. &lt;동의 속담&gt; ‘달밤에 삿갓 쓰고 나온다’ ‘못난 색시 달밤에 삿갓 쓰고 나선다[다닌다]’ ‘예쁘지 않은 며느리가 삿갓 쓰고 으스름 달밤에 나선다’,health,1,1,sexual:gray,602991,https://opendict.korean.go.kr/dictionary/view?sense_no=602991
몽둥이 들고 포도청 담에 오른다,제가 지은 죄를 숨기려고 남보다 먼저 나서서 떠드는 경우를 비유적으로 이르는 말.,health,1,1,,603001,https://opendict.korean.go.kr/dictionary/view?sense_no=603001
묵은 낙지 꿰듯,일이 아주 쉬움을 이르는 말.,health,1,1,,610149,https://opendict.korean.go.kr/dictionary/view?sense_no=610149
문턱 밑이 저승이라,"사람은 언제 죽을지 모른다는 뜻으로, 사람의 목숨이 덧없음을 비유적으로 이르는 말. &lt;동의 속담&gt; ‘대문 밖이 저승이라’ ‘저승길이 대문 밖이다’",health,1,1,sexual:gray|violent:gray,610207,https://opendict.korean.go.kr/dictionary/view?sense_no=610207
물거미 뒷다리 같다,"물거미의 뒷다리가 길고 가늘다는 뜻으로, 몸이 가늘고 다리는 길어 멋없이 키만 큰 사람을 비유적으로 이르는 말.",health,1,1,,610179,https://opendict.korean.go.kr/dictionary/view?sense_no=610179
물 건너가는 호랑이,"호랑이가 물을 건널 때 몹시 살을 아끼며 조심한다는 뜻으로, 자기 몸을 지나치게 아끼는 사람을 비유적으로 이르는 말.",health,1,1,,610580,https://opendict.korean.go.kr/dictionary/view?sense_no=610580
물에 빠질 신수면 접시 물에도 빠져 죽는다,사람이 죽으려면 대수롭지 않은 일로도 죽게 됨을 이르는 말.,health,1,1,violent:gray,610617,https://opendict.korean.go.kr/dictionary/view?sense_no=610617
미꾸라지 모래 쑤신다,"미꾸라지가 모래를 쑤시고 들어가 감쪽같이 숨었다는 뜻으로, 아무리 하여도 아무런 흔적이 나지 아니함을 비유적으로 이르는 말.",health,1,1,,603126,https://opendict.korean.go.kr/dictionary/view?sense_no=603126
미랭시 김칫국 흘리듯 한다,"목숨만 붙어 있을 뿐 사람 구실을 하지 못하는 이가 김칫국을 질질 흘리며 마시듯 한다는 뜻으로, 지저분하게 질질 흘리는 모양을 비유적으로 이르는 말.",health,1,1,,603144,https://opendict.korean.go.kr/dictionary/view?sense_no=603144
미친년의 치맛자락 같다,"제대로 건사하지 못하고 벌리고 다니는 미친 여자의 치맛자락과 같다는 뜻으로, 자기의 몸을 깨끗이 거두지 못하고 늘 지저분하게 하고 있는 사람의 옷차림을 비유적으로 이르는 말.",health,1,1,,610534,https://opendict.korean.go.kr/dictionary/view?sense_no=610534
밑구멍에 불이 나다,몹시 조급해서 잠시도 앉아 있지 못하고 왔다 갔다 하는 상태를 비유적으로 이르는 말.,health,1,1,,610671,https://opendict.korean.go.kr/dictionary/view?sense_no=610671
밑구멍은 들출수록 구린내만 난다,드러내면 드러낼수록 숨기고 있는 부정적인 것들이 더욱더 드러나는 경우를 비유적으로 이르는 말.,health,1,1,,610675,https://opendict.korean.go.kr/dictionary/view?sense_no=610675
바늘 끝에 알을 올려놓지 못한다,쉬울 듯하나 되지 않을 일을 비유적으로 이르는 말.,health,1,1,,603213,https://opendict.korean.go.kr/dictionary/view?sense_no=603213
바늘 들고[쥐고] 바늘 찾는다[찾기],무엇을 자기 몸에 지니고 있거나 가까이 두고 있으면서도 그런 줄 모르고 찾아 헤매는 경우를 비유적으로 이르는 말.,health,1,1,violent:gray,603216,https://opendict.korean.go.kr/dictionary/view?sense_no=603216
바늘뼈에 두부살,"바늘처럼 가는 뼈에 두부같이 힘없는 살이란 뜻으로, 몸이 아주 연약한 사람을 비유적으로 이르는 말. &lt;동의 속담&gt; ‘두부살에 바늘뼈’",health,1,1,,603164,https://opendict.korean.go.kr/dictionary/view?sense_no=603164
바다로 나가야 할 배가 산으로 올라간다,"물길을 따라 바다로 나가야 할 배가 엉뚱하게 산으로 올라가고 있다는 뜻으로, 방향을 바로잡지 못하고 전혀 딴 방향으로 잘못된 길을 걷고 있는 경우를 비유적으로 이르는 말.",health,1,1,,610862,https://opendict.korean.go.kr/dictionary/view?sense_no=610862
박달나무도 좀이 슨다,"나무의 질이 매우 단단하여 건축 및 가구재에 쓰는 박달나무에도 좀이 슬 때가 있다는 뜻으로, 아주 건강한 사람도 허약해지거나 앓을 때가 있음을 이르는 말.",health,1,1,sexual:gray|violent:gray,603288,https://opendict.korean.go.kr/dictionary/view?sense_no=603288
박우물에 헤염칠 사람,"몸을 돌려 세울 자리조차 없는 박우물에 들어가서 헤엄을 칠 만한 인물이란 뜻으로, 궁리가 좁고 옹졸한 사람을 비유적으로 이르는 말.",health,1,1,,603291,https://opendict.korean.go.kr/dictionary/view?sense_no=603291
발등에 떨어진 불만 보고 염통 곪는 것은 못 본다,‘손톱 밑에 가시 드는 줄은 알아도 염통 밑에 쉬스는 줄은 모른다’의 북한 속담.,health,1,1,,603381,https://opendict.korean.go.kr/dictionary/view?sense_no=603381
발바닥에 털 나겠다,가만히 앉아 호사스럽게 지내거나 몸을 놀리기 싫어함을 비난조로 이르는 말.,health,1,1,,603302,https://opendict.korean.go.kr/dictionary/view?sense_no=603302
발보다 발가락이 더 크다,"발보다 거기에 붙은 발가락이 더 크다는 뜻으로, 기본이 되는 것보다 덧붙이는 것이 더 많거나 큰 경우를 비유적으로 이르는 말. &lt;동의 속담&gt; ‘눈보다 동자가 크다’ ‘몸보다 배꼽이 더 크다’ ‘배보다 배꼽이 더 크다’ ‘아이보다 배꼽이 크다’ ‘얼굴보다 코가 더 크다’",health,1,1,,603279,https://opendict.korean.go.kr/dictionary/view?sense_no=603279
밤송이 우엉 송이 다 끼어 보았다,"가시가 난 밤송이나 갈퀴 모양으로 굽은 우엉의 꽃송이에도 끼어 보았다는 뜻으로, 별의별 뼈아프고 고생스러운 일은 다 겪어 보았음을 비유적으로 이르는 말.",health,1,1,sexual:gray,610937,https://opendict.korean.go.kr/dictionary/view?sense_no=610937
밤 잔 원수 없고 날 샌 은혜 없다,"밤을 자고 나면 원수같이 여기던 감정은 풀리고 날을 새우고 나면 은혜에 대한 고마운 감정이 식어진다는 뜻으로, 은혜나 원한은 시일이 지나면 쉬이 잊게 됨을 비유적으로 이르는 말. &lt;동의 속담&gt; ‘날 샌 은혜 없다’",health,1,1,,610517,https://opendict.korean.go.kr/dictionary/view?sense_no=610517
방귀가 잦으면 똥 싸기 쉽다,"어떤 현상과 연관이 있는 징조가 자주 나타나게 되면 필경 그 현상이 생기기 마련이라는 뜻으로, 무슨 일이나 소문이 잦으면 실현되기 쉬움을 비유적으로 이르는 말.",health,1,1,,611107,https://opendict.korean.go.kr/dictionary/view?sense_no=611107
배보다 배꼽이 더 크다,"배보다 거기에 있는 배꼽이 더 크다는 뜻으로, 기본이 되는 것보다 덧붙이는 것이 더 많거나 큰 경우를 비유적으로 이르는 말. &lt;동의 속담&gt; ‘발보다 발가락이 더 크다’ ‘눈보다 동자가 크다’ ‘몸보다 배꼽이 더 크다’ ‘아이보다 배꼽이 크다’ ‘얼굴보다 코가 더 크다’",health,1,1,,610766,https://opendict.korean.go.kr/dictionary/view?sense_no=610766
백 리만 걸으면 눈섭조차 무겁다,먼길을 오래 걸으면 몹시 지쳐서 몸에 지닌 하찮은 것조차 무겁고 귀찮아짐을 비유적으로 이르는 말.,health,1,1,,610903,https://opendict.korean.go.kr/dictionary/view?sense_no=610903
백 명의 외적보다 한 명의 내적이 더 위험하다,숨어든 적이나 배신자 한 명이 밖에 있는 많은 적보다 오히려 큰 해를 끼친다는 말. &lt;동의 속담&gt; ‘대내 한 놈의 적은 대외 백 놈의 적보다 더 무섭다’,health,1,1,,610905,https://opendict.korean.go.kr/dictionary/view?sense_no=610905
백모래밭에 금 자라 걸음,맵시를 내고 아양을 부리며 아장아장 걷는 여자의 걸음을 비유적으로 이르는 말. &lt;동의 속담&gt; ‘대명전 대들보의 명매기 걸음’ ‘양지 마당에 씨암탉 걸음’,health,1,1,sexual:gray|violent:gray,603390,https://opendict.korean.go.kr/dictionary/view?sense_no=603390
백발도 내일모레,인생의 성쇠가 잠시임을 비유적으로 이르는 말.,health,1,1,,611185,https://opendict.korean.go.kr/dictionary/view?sense_no=611185
백지장도 맞들면 낫다,쉬운 일이라도 협력하여 하면 훨씬 쉽다는 말. &lt;동의 속담&gt; ‘백지 한 장도 맞들면 낫다’ ‘종잇장도 맞들면 낫다’ ‘초지장도 맞들면 낫다’,health,1,1,,610869,https://opendict.korean.go.kr/dictionary/view?sense_no=610869
백지 한 장도 맞들면 낫다,쉬운 일이라도 협력하여 하면 훨씬 쉽다는 말. &lt;동의 속담&gt; ‘백지장도 맞들면 낫다’ ‘종잇장도 맞들면 낫다’ ‘초지장도 맞들면 낫다’,health,1,1,,610826,https://opendict.korean.go.kr/dictionary/view?sense_no=610826
뱀장어 눈은 작아도 저 먹을 것은 다 본다,비록 몸집이나 크기는 작아도 똑똑하게 제구실을 다함을 비유적으로 이르는 말.,health,1,1,,611052,https://opendict.korean.go.kr/dictionary/view?sense_no=611052
뱁새는 작아도 알만 잘 낳는다,몸은 비록 작아도 능히 큰일을 감당함을 비유적으로 이르는 말. &lt;동의 속담&gt; ‘참새가 작아도 알만 잘 깐다[낳는다]’,health,1,1,,603476,https://opendict.korean.go.kr/dictionary/view?sense_no=603476
버릇 굳히기는 쉬워도 버릇 떼기는 힘들다,나쁜 버릇이 들면 고치기 힘들다는 말.,health,1,1,,611228,https://opendict.korean.go.kr/dictionary/view?sense_no=611228
버린 댁이 효자 노릇 한다,‘병신 자식이 효도한다’의 북한 속담.,health,1,1,,610923,https://opendict.korean.go.kr/dictionary/view?sense_no=610923
벌거벗고 전동 찰까,"군사가 복장을 다 갖추어 입은 다음에 겉에 전동을 차게 되어 있는데 벌거벗은 알몸에 전동을 차는 것과 같다는 뜻으로, 격에 전혀 어울리지 않아 매우 어색하게 보임을 이르는 말. &lt;동의 속담&gt; ‘벌거벗고 환도 차기’ ‘중의 벗고 환도 차는 격’",health,1,1,sexual:gray|violent:gray,603484,https://opendict.korean.go.kr/dictionary/view?sense_no=603484
벌거벗고 환도 차기,"군사가 복장을 다 갖추어 입은 다음에 겉에 환도를 차게 되어 있는데 벌거벗은 알몸에 환도를 차는 것과 같다는 뜻으로, 격에 전혀 어울리지 않아 매우 어색하게 보임을 이르는 말. &lt;동의 속담&gt; ‘벌거벗고 전동 찰까’ ‘중의 벗고 환도 차는 격’",health,1,1,sexual:gray|violent:gray,603485,https://opendict.korean.go.kr/dictionary/view?sense_no=603485
벌은 쏘아도 꿀은 달다,"벌에 쏘이면 아프지만 벌이 만들어 놓은 꿀은 달다는 뜻으로, 성가신 장애물이 있기는 하지만 자기에게 이로운 것이 있음을 비유적으로 이르는 말.",health,1,1,sexual:gray,603417,https://opendict.korean.go.kr/dictionary/view?sense_no=603417
범 대가리에 개고기,"대가리는 범의 대가리같이 요란한데 몸뚱이는 시시하게 개고기에 불과하다는 뜻으로, 시작은 크고 굉장하게 벌여 놓고 끝은 볼꼴 없이 흐지부지해 버리는 모양을 비꼬는 말.",health,1,1,,610437,https://opendict.korean.go.kr/dictionary/view?sense_no=610437
범 탄 장수 같다,위세가 대단한데 거기다 또 위력이 가해진 사람을 비유적으로 이르는 말.,health,1,1,,610455,https://opendict.korean.go.kr/dictionary/view?sense_no=610455
벙어리 소를 몰고 가듯,"말 못 하는 벙어리가 아무 말도 없이 소를 몰면서 간다는 뜻으로, 아무 말 없이 앞서거니 뒤서거니 걷기만 하는 모양을 비유적으로 이르는 말.",health,1,1,,611022,https://opendict.korean.go.kr/dictionary/view?sense_no=611022
베개밑송사가 옥합을 뚫는다,"잠자리에서 아내가 남편에게 소곤소곤하는 말이 야무진 옥돌로 만든 합조차도 뚫는다는 뜻으로, 남편이 아내의 말에 귀가 솔깃해서 정신없이 돌아가다가는 상상하기 어려운 큰일을 저지를 수 있다는 말.",health,1,1,sexual:gray,603436,https://opendict.korean.go.kr/dictionary/view?sense_no=603436
벼룩의 뜸자리만도 못하다,"작은 벼룩의 몸에 난 뜸자리보다도 작다는 뜻으로, 몹시 작음을 비유적으로 이르는 말.",health,1,1,sexual:gray,611049,https://opendict.korean.go.kr/dictionary/view?sense_no=611049
벼르던 아기 눈이 먼다,기다리고 잘하려고 벼르던 일이 도리어 실수하기 쉽고 낭패되기 쉬움을 비유적으로 이르는 말.,health,1,1,violent:gray,611245,https://opendict.korean.go.kr/dictionary/view?sense_no=611245
벼 이삭은 익을수록 고개를 숙인다,교양이 있고 수양을 쌓은 사람일수록 겸손하고 남 앞에서 자기를 내세우려 하지 않는다는 것을 비유적으로 이르는 말. &lt;동의 속담&gt; ‘곡식 이삭은 익을수록[잘될수록] 고개를 숙인다’ ‘낟알은 익을수록 고개를 숙인다’ ‘병에 찬 물은 저어도 소리가 나지 않는다’,health,1,1,,611127,https://opendict.korean.go.kr/dictionary/view?sense_no=611127
벽을 치면 대들보가 울린다,암시만 주어도 곧 눈치를 채고 의사소통이 이루어짐을 비유적으로 이르는 말. &lt;동의 속담&gt; ‘변죽을 치면 복판이 운다’,health,1,1,violent:gray,610722,https://opendict.korean.go.kr/dictionary/view?sense_no=610722
변죽을 치면 복판이 운다,암시만 주어도 곧 눈치를 채고 의사소통이 이루어짐을 비유적으로 이르는 말. &lt;동의 속담&gt; ‘벽을 치면 대들보가 울린다’,health,1,1,violent:gray,610694,https://opendict.korean.go.kr/dictionary/view?sense_no=610694
병신 달밤에 체조한다,못난 자가 더욱더 미운 짓만 하는 경우를 비유적으로 이르는 말.,health,1,1,,611160,https://opendict.korean.go.kr/dictionary/view?sense_no=611160
병신이 한 고집이 있다,못난 인간이 고집을 부림을 비유적으로 이르는 말.,health,1,1,,611166,https://opendict.korean.go.kr/dictionary/view?sense_no=611166
병아리 똥은 똥이 아닌가,사물 현상의 성격은 양적 측면에 있는 것이 아니라 질적 측면에 있음을 비유적으로 이르는 말.,health,1,1,sexual:gray,611122,https://opendict.korean.go.kr/dictionary/view?sense_no=611122
병아리 우장 쓰다,격에 맞지 아니한 경우를 비유적으로 이르는 말.,health,1,1,,611123,https://opendict.korean.go.kr/dictionary/view?sense_no=611123
병아리 터세하듯,‘닭쌈에도 텃세한다’의 북한 속담.,health,1,1,,611124,https://opendict.korean.go.kr/dictionary/view?sense_no=611124
병에 찬 물은 저어도 소리가 나지 않는다,교양이 있고 수양을 쌓은 사람일수록 겸손하고 남 앞에서 자기를 내세우려 하지 않는다는 것을 비유적으로 이르는 말. &lt;동의 속담&gt; ‘벼 이삭은 익을수록 고개를 숙인다’ ‘곡식 이삭은 익을수록[잘될수록] 고개를 숙인다’ ‘낟알은 익을수록 고개를 숙인다’,health,1,1,,603496,https://opendict.korean.go.kr/dictionary/view?sense_no=603496
병풍에 그린 닭이 홰를 치거든,도저히 불가능한 일이어서 기약할 수 없음을 비유적으로 이르는 말. &lt;동의 속담&gt; ‘곤달걀 꼬끼오 울거든’,health,1,1,sexual:gray,611211,https://opendict.korean.go.kr/dictionary/view?sense_no=611211
병환에 까마귀,가뜩이나 걱정스러운 일에 더한 흉조가 생겼음을 비유적으로 이르는 말.,health,1,1,sexual:gray,610992,https://opendict.korean.go.kr/dictionary/view?sense_no=610992
보리를 베면서 가라면 하루에 갈 길을 평지에서 걸어가라면 닷새도 더 걸린다,긴장해서 하는 일은 힘들어도 빠르고 많이 하지만 건들거리며 하는 일은 쉬워도 얼마 하지 못함을 비유적으로 이르는 말.,health,1,1,,611382,https://opendict.korean.go.kr/dictionary/view?sense_no=611382
봄추위와 늙은이 건강,당장은 대단한 것 같아도 이미 기울어진 기세라 오래가지 못함을 비유적으로 이르는 말.,health,1,1,,603575,https://opendict.korean.go.kr/dictionary/view?sense_no=603575
봉충다리의 울력걸음,"한 다리가 짧은 사람도 여럿이 함께 기세 좋게 걷는 데 끼면 절뚝거리면서라도 따라갈 수 있다는 뜻으로, 조금 모자라는 사람도 여럿이 어울려서 하는 일에는 한몫 낄 수 있음을 비유적으로 이르는 말.",health,1,1,sexual:gray,603608,https://opendict.korean.go.kr/dictionary/view?sense_no=603608
부뚜막의 소금도 집어넣어야 짜다,"가까운 부뚜막에 있는 소금도 넣지 아니하면 음식이 짠맛이 날 수 없다는 뜻으로, 아무리 좋은 조건이 마련되었거나 손쉬운 일이라도 힘을 들이어 이용하거나 하지 아니하면 안 됨을 비유적으로 이르는 말.",health,1,1,sexual:gray,603666,https://opendict.korean.go.kr/dictionary/view?sense_no=603666
부처를 위해 불공하나 제 몸을 위해 불공하지,"남을 위하여 하는 것 같지만, 결국은 자기를 위하여 하는 것임을 비유적으로 이르는 말.",health,1,1,,611041,https://opendict.korean.go.kr/dictionary/view?sense_no=611041
불로초를 먹었나,보통 이상으로 장수하는 사람에게 하는 말.,health,1,1,,603742,https://opendict.korean.go.kr/dictionary/view?sense_no=603742
불면 날아갈 듯 쥐면 꺼질 듯,몸이 마르고 매우 허약한 사람을 비유적으로 이르는 말.,health,1,1,violent:gray,611293,https://opendict.korean.go.kr/dictionary/view?sense_no=611293
비는 장수 목 벨 수 없다,잘못을 뉘우치고 사과하면 용서하게 됨을 비유적으로 이르는 말.,health,1,1,,611520,https://opendict.korean.go.kr/dictionary/view?sense_no=611520
비단이 한 끼라,한번 몰락하기 시작하면 걷잡을 수 없음을 비유적으로 이르는 말.,health,1,1,sexual:gray,611582,https://opendict.korean.go.kr/dictionary/view?sense_no=611582
비 오는 날 나막신 찾듯,몹시 아쉬워서 찾는 모양을 비유적으로 이르는 말.,health,1,1,,603710,https://opendict.korean.go.kr/dictionary/view?sense_no=603710
비위살 좋기가 오뉴월 쉬파리를 찜 쪄 먹겠다,‘비위가 노래기 회 쳐 먹겠다’의 북한 속담.,health,1,1,,603775,https://opendict.korean.go.kr/dictionary/view?sense_no=603775
사기전에 종짓굽 맞추듯,틀림없고 영락없는 모양을 비유적으로 이르는 말. &lt;동의 속담&gt; ‘흰떡 집에 산병(散餠) 맞추듯’,health,1,1,,604016,https://opendict.korean.go.kr/dictionary/view?sense_no=604016
사등이뼈 없는 사람,"척추뼈가 없어 몸을 똑바로 가눌 수 없는 사람이라는 뜻으로, 자기의 꿋꿋한 주관 없이 남이 하는 대로만 좇아 하는 사람을 이르는 말.",health,1,1,,604026,https://opendict.korean.go.kr/dictionary/view?sense_no=604026
사람도 늦바람이 무섭다,사람이 늙은 후에 한번 바람이 나기 시작하면 걷잡을 수 없음을 비유적으로 이르는 말. &lt;동의 속담&gt; ‘늦바람이 용마름을 벗긴다’,health,1,1,sexual:gray,611621,https://opendict.korean.go.kr/dictionary/view?sense_no=611621
산모 입에는 석 자 가시도 걸리지 않는다,몸을 푼 산모는 뱃속이 비고 입맛이 당기어서 음식을 많이 먹게 된다는 말.,health,1,1,sexual:gray,611688,https://opendict.korean.go.kr/dictionary/view?sense_no=611688
산 범의 눈썹을 뽑는다,"살아 있는 범의 눈썹을 뽑는다는 뜻으로, 감히 손댈 수 없는 위험한 짓을 목숨 걸고 함을 비유적으로 이르는 말.",health,1,1,,611799,https://opendict.korean.go.kr/dictionary/view?sense_no=611799
산 사람 눈 빼 먹겠다,남을 감쪽같이 속여 넘겼거나 잠깐 사이에 무엇이 없어졌음을 비유적으로 이르는 말.,health,1,1,sexual:gray,611802,https://opendict.korean.go.kr/dictionary/view?sense_no=611802
산 호랑이 눈썹도 그리울 게 없다,"매우 귀한 산 호랑이의 눈썹까지도 그리울 게 없을 정도라는 뜻으로, 모든 것이 다 갖추어져 있어 무엇 하나 아쉬운 것이 없음을 비유적으로 이르는 말.",health,1,1,sexual:gray|violent:gray,611806,https://opendict.korean.go.kr/dictionary/view?sense_no=611806
살 맞은 뱀 같다,갑자기 몸을 빼고 달아나는 모양을 비유적으로 이르는 말.,health,1,1,,603930,https://opendict.korean.go.kr/dictionary/view?sense_no=603930
삶은 호박에 침 박기,"삶아서 물렁물렁해진 호박에 침을 박는다는 뜻으로, 일이 아주 쉬움을 이르는 말.",health,1,1,,611780,https://opendict.korean.go.kr/dictionary/view?sense_no=611780
새우 간을 빼 먹겠다,"몸집이 아주 작은 새우의 간까지도 빼 먹겠다는 뜻으로, 자신의 이익을 위해서는 아주 작은 것에 대해서도 탐욕을 부림을 비유적으로 이르는 말.",health,1,1,,611898,https://opendict.korean.go.kr/dictionary/view?sense_no=611898
서리를 기다리는 마가을 초목,"서리를 맞으면 시들고 잎 지게 될 늦가을 초목의 신세라는 뜻으로, 운명의 마지막 시기를 걷는 존재를 비유적으로 이르는 말.",health,1,1,,611874,https://opendict.korean.go.kr/dictionary/view?sense_no=611874
서울 길도 물어서 가라,쉬운 일일지라도 신중을 기하여 실수가 없게 하여야 함을 비유적으로 이르는 말.,health,1,1,,612106,https://opendict.korean.go.kr/dictionary/view?sense_no=612106
선의원 사람 죽이고 선무당 사람 살린다,서투른 의사를 두고 미덥지 못하다는 뜻으로 이르는 말.,health,1,1,violent:gray,612422,https://opendict.korean.go.kr/dictionary/view?sense_no=612422
설음에는 살찌고 근심에는 여윈다,드러내 놓고 슬퍼하는 것보다 속으로 은근히 근심하는 것이 더 애타고 몸도 축난다는 말. &lt;동의 속담&gt; ‘근심에 마르고[여위고] 설음에는 살찐다’,health,1,1,sexual:gray,604200,https://opendict.korean.go.kr/dictionary/view?sense_no=604200
성나서 바위 차면 제 발등만 아프다,‘성나 바위 차기’의 북한 속담.,health,1,1,,612399,https://opendict.korean.go.kr/dictionary/view?sense_no=612399
성인 벼락 맞는다,세상인심이 사나워서 착하고 어진 사람이 도리어 큰 환난을 입기 쉬움을 비유적으로 이르는 말.,health,1,1,,612261,https://opendict.korean.go.kr/dictionary/view?sense_no=612261
세 살 난 아이 물가에 놓은 것 같다,"철없는 아이가 언제 물로 기어 들어갈지 잠시도 마음을 놓을 수 없다는 뜻으로, 당장 무슨 일이 날 것 같이 위태로워서 마음을 놓지 못함을 비유적으로 이르는 말.",health,1,1,sexual:gray,604329,https://opendict.korean.go.kr/dictionary/view?sense_no=604329
세 살 버릇 여든까지 간다,"어릴 때 몸에 밴 버릇은 늙어 죽을 때까지 고치기 힘들다는 뜻으로, 어릴 때부터 나쁜 버릇이 들지 않도록 잘 가르쳐야 함을 비유적으로 이르는 말. &lt;동의 속담&gt; ‘세 살 적 버릇[마음]이 여든까지 간다’ ‘어릴 적 버릇은 늙어서까지 간다’",health,1,1,sexual:gray|violent:gray,1540488,https://opendict.korean.go.kr/dictionary/view?sense_no=1540488
세 살 적 버릇[마음]이 여든까지 간다,"어릴 때 몸에 밴 버릇은 늙어 죽을 때까지 고치기 힘들다는 뜻으로, 어릴 때부터 나쁜 버릇이 들지 않도록 잘 가르쳐야 함을 비유적으로 이르는 말. &lt;동의 속담&gt; ‘어릴 적 버릇은 늙어서까지 간다’ ‘세 살 버릇 여든까지 간다’",health,1,1,sexual:gray|violent:gray,604333,https://opendict.korean.go.kr/dictionary/view?sense_no=604333
소가 크면[세면] 왕 노릇 하나,"소가 아무리 크고 힘이 세다 할지라도 왕 노릇은 할 수 없다는 뜻으로, 힘만 가지고는 결코 큰일을 못하며 반드시 훌륭한 품성과 지략을 갖추어야 됨을 비유적으로 이르는 말. &lt;동의 속담&gt; ‘기운이 세면 소가 왕 노릇 할까’ ‘기운이 세면 장수 노릇 하나’ ‘힘 많은 소가 왕 노릇 하나’ ‘힘센 소가 왕 노릇 할까’",health,1,1,,612626,https://opendict.korean.go.kr/dictionary/view?sense_no=612626
속통이 곪아 나는데 겉 살에다 고약 바르기,"속에 병이 들었는데 고약을 바른다는 뜻으로, 마땅하지 아니한 처사를 비유적으로 이르는 말.",health,1,1,,604472,https://opendict.korean.go.kr/dictionary/view?sense_no=604472
손 큰 며느리가 시집살이했을까,물건을 파는 장수가 더 많이 주지 못하겠다는 뜻으로 하는 말.,health,1,1,,612522,https://opendict.korean.go.kr/dictionary/view?sense_no=612522
손톱 곪는 줄은 알아도 염통 곪는 줄은 모른다,"눈앞에 보이는 사소한 이해관계에는 밝아도, 잘 드러나지 아니하는 큰 문제는 잘 깨닫지 못함을 비유적으로 이르는 말. &lt;동의 속담&gt; ‘손톱 밑에 가시 드는 줄은 알아도 염통 밑에 쉬스는 줄은 모른다’",health,1,1,,612272,https://opendict.korean.go.kr/dictionary/view?sense_no=612272
손톱 밑에 가시 드는 줄은 알아도 염통 밑에 쉬스는 줄은 모른다,"눈앞에 보이는 사소한 이해관계에는 밝아도, 잘 드러나지 아니하는 큰 문제는 잘 깨닫지 못함을 비유적으로 이르는 말. &lt;동의 속담&gt; ‘손톱 곪는 줄은 알아도 염통 곪는 줄은 모른다’",health,1,1,,612273,https://opendict.korean.go.kr/dictionary/view?sense_no=612273
솔개는 매 편(이라고),"모양이나 형편이 서로 비슷하고 인연이 있는 것끼리 서로 잘 어울리고, 사정을 보아주며 감싸 주기 쉬움을 비유적으로 이르는 말. &lt;동의 속담&gt; ‘가재는 게 편’ ‘가재는 게 편이요 초록은 한 빛이라’ ‘검둥개는 돼지 편’ ‘검정개는 돼지 편’ ‘검정개 한패[한편]’ ‘이리가 짖으니 개가 꼬리(를) 흔든다’",health,1,1,violent:gray,612071,https://opendict.korean.go.kr/dictionary/view?sense_no=612071
솔개를 매로 보았다,"기껏해야 남의 집 병아리나 채 가는 새를 꿩 사냥에 쓰는 매로 보았다는 뜻으로, 쓸모가 없는 것을 쓸 만한 것으로 잘못 보았을 경우를 이르는 말.",health,1,1,violent:gray,612074,https://opendict.korean.go.kr/dictionary/view?sense_no=612074
수양딸로 며느리 삼는다,일을 처리하기가 아주 쉬움을 비유적으로 이르는 말.,health,1,1,,604536,https://opendict.korean.go.kr/dictionary/view?sense_no=604536
수풀엣 꿩은 개가 내몰고 오장엣 말은 술이 내몬다,"수풀에 숨은 꿩은 개가 찾아내서 내몰지만 사람이 마음속에 품은 생각은 술에 취하면 나온다는 뜻으로, 술이 들어가면 마음속에 있는 것을 모두 말해 버리게 된다는 말.",health,1,1,sexual:gray,612658,https://opendict.korean.go.kr/dictionary/view?sense_no=612658
술은 백약의 장(長),술은 알맞게 마시면 어떤 약보다도 몸에 가장 좋은 것임을 비유적으로 이르는 말.,health,1,1,,604460,https://opendict.korean.go.kr/dictionary/view?sense_no=604460
숲이 짙으면 범이 든다,깊고 으슥한 곳에는 위험이 숨어 있기 마련임을 비유적으로 이르는 말.,health,1,1,,612227,https://opendict.korean.go.kr/dictionary/view?sense_no=612227
쉬파리 무서워 장 못 만들까[담글까],다소 방해되는 것이 있다 하더라도 마땅히 할 일은 하여야 함을 비유적으로 이르는 말. &lt;동의 속담&gt; ‘구더기 무서워 장 못 담글까’ ‘가시 무서워 장 못 담그랴’ ‘장마가 무서워 호박을 못 심겠다’,health,1,1,,604424,https://opendict.korean.go.kr/dictionary/view?sense_no=604424
시조하라 하면 발뒤축이 아프다 한다,무엇을 하라고 하였을 때에 엉뚱한 핑계를 대고 하지 아니하려 함을 비유적으로 이르는 말.,health,1,1,,612324,https://opendict.korean.go.kr/dictionary/view?sense_no=612324
썩은 새끼 잡아당기다간 끊어진다,몸이 극도로 쇠약한 사람에게 고된 일을 시키다가는 죽음을 부를 수 있다는 말.,health,1,1,sexual:gray|violent:gray,612910,https://opendict.korean.go.kr/dictionary/view?sense_no=612910
썩은 생선에 쉬파리 끓듯,먹을 것이나 이익이 생기는 곳에 어중이떠중이가 자꾸 모여드는 모양을 비유적으로 이르는 말.,health,1,1,,612918,https://opendict.korean.go.kr/dictionary/view?sense_no=612918
쓰다 달다 말이 없다,어떤 문제에 대하여 아무런 반응이나 의사 표시가 없음을 비유적으로 이르는 말.,health,1,1,sexual:gray,604677,https://opendict.korean.go.kr/dictionary/view?sense_no=604677
씨도적은 못 한다,농민에게 종자는 목숨처럼 귀한 것이므로 훔쳐서는 안 된다는 말.,health,1,1,,604702,https://opendict.korean.go.kr/dictionary/view?sense_no=604702
안 본 용은 그려도 본 뱀은 못 그린다,어떤 일에 대하여 추상적으로 말하기는 쉬우나 실제로 하기는 어려움을 비유적으로 이르는 말.,health,1,1,,613185,https://opendict.korean.go.kr/dictionary/view?sense_no=613185
안질에 노랑 수건,"눈병이 나면 노란 눈곱이 끼어서 눈곱 닦는 수건이 노랗게 된다는 뜻으로, 가까이 두고 매우 요긴하게 쓰는 물건을 이르는 말.",health,1,1,violent:gray,604777,https://opendict.korean.go.kr/dictionary/view?sense_no=604777
앉아 똥 누기는 발허리나 시지,"앉아서 똥 눌 때는 하다못해 발허리라도 시지만 그런 어려움조차 없다는 뜻으로, 앉아 똥 누기보다 일이 쉬울 때 비유적으로 이르는 말.",health,1,1,,612723,https://opendict.korean.go.kr/dictionary/view?sense_no=612723
알고도 죽는 해수병이라,결과가 안 좋다는 것을 뻔히 알면서도 어쩔 수 없이 그 일을 겪어야 함을 비유적으로 이르는 말.,health,1,1,violent:gray,604747,https://opendict.korean.go.kr/dictionary/view?sense_no=604747
알을 두고 온 새의 마음,잠시도 마음을 놓지 못하고 불안해하는 경우를 비유적으로 이르는 말.,health,1,1,sexual:gray,612991,https://opendict.korean.go.kr/dictionary/view?sense_no=612991
앓는 데는 장사 없다,"아무리 힘이 센 장사라도 병에 걸려 앓게 되면 거꾸러진다는 뜻으로, 앓지 아니하도록 조심하여야 함을 비유적으로 이르는 말.",health,1,1,,604784,https://opendict.korean.go.kr/dictionary/view?sense_no=604784
약쑥에 봉퉁이,자기가 자기 병을 못 고친다는 말.,health,1,1,,612982,https://opendict.korean.go.kr/dictionary/view?sense_no=612982
약은 사람을 죽여도 병은 사람을 죽이지 않는다,약을 잘못 써서 때로 사람을 죽게 하는 경우가 있음을 이르는 말.,health,1,1,sexual:gray|violent:gray,613152,https://opendict.korean.go.kr/dictionary/view?sense_no=613152
약질 목통에 장골 셋 떨어진다,"몸이 약한 사람의 목구멍에 덩치 큰 사람 셋이 들어가 빠진다는 뜻으로, 빼빼 마르고 여윈 사람이 놀랍게도 음식을 엄청나게 많이 먹음을 이르는 말.",health,1,1,sexual:gray,604866,https://opendict.korean.go.kr/dictionary/view?sense_no=604866
양지 마당에 씨암탉 걸음,맵시를 내고 아양을 부리며 아장아장 걷는 여자의 걸음을 비유적으로 이르는 말. &lt;동의 속담&gt; ‘백모래밭에 금 자라 걸음’ ‘대명전 대들보의 명매기 걸음’,health,1,1,sexual:gray|violent:gray,613254,https://opendict.korean.go.kr/dictionary/view?sense_no=613254
어둑서니 커 가듯,어떤 것이 잠깐 사이에 눈을 의심하리만큼 커 보이는 경우를 비유적으로 이르는 말.,health,1,1,,613393,https://opendict.korean.go.kr/dictionary/view?sense_no=613393
어릴 적 버릇은 늙어서까지 간다,"어릴 때 몸에 밴 버릇은 늙어 죽을 때까지 고치기 힘들다는 뜻으로, 어릴 때부터 나쁜 버릇이 들지 않도록 잘 가르쳐야 함을 비유적으로 이르는 말. &lt;동의 속담&gt; ‘세 살 적 버릇[마음]이 여든까지 간다’ ‘세 살 버릇 여든까지 간다’",health,1,1,sexual:gray|violent:gray,612950,https://opendict.korean.go.kr/dictionary/view?sense_no=612950
언 볼기에 곤장 맞기,"언 볼기에 곤장을 맞으니 아픈 것을 느끼지 못한다는 뜻으로, 일을 감당하기 쉬움을 비유적으로 이르는 말.",health,1,1,,613311,https://opendict.korean.go.kr/dictionary/view?sense_no=613311
언청이 굴회 마시듯,빠져 떨어질까 하여 단숨에 후루룩 마시는 모양을 비유적으로 이르는 말.,health,1,1,,604927,https://opendict.korean.go.kr/dictionary/view?sense_no=604927
언청이 콩가루 쥐어 먹기,아주 쉬운 일을 비유적으로 이르는 말.,health,1,1,,604932,https://opendict.korean.go.kr/dictionary/view?sense_no=604932
얻기 쉬운 계집 버리기 쉽다,쉽게 얻은 것은 또한 버리기도 쉽다는 말.,health,1,1,sexual:gray,613161,https://opendict.korean.go.kr/dictionary/view?sense_no=613161
얻은 가래로 식전 보 막기,숨 가쁘게 급히 하여야 하는 일임을 비유적으로 이르는 말.,health,1,1,,613164,https://opendict.korean.go.kr/dictionary/view?sense_no=613164
얻은 것이 잠방이라,남에게 얻은 것이 그리 신통할 것이 없다는 말.,health,1,1,,613165,https://opendict.korean.go.kr/dictionary/view?sense_no=613165
얻은 죽에 머리가 아프다,변변치 못한 것이나마 남의 것을 얻어 가지게 되면 마음에 짐이 됨을 비유적으로 이르는 말.,health,1,1,sexual:gray|violent:gray,613170,https://opendict.korean.go.kr/dictionary/view?sense_no=613170
얼굴보다 코가 더 크다,"얼굴보다 거기에 붙은 코가 더 크다는 뜻으로, 기본이 되는 것보다 덧붙이는 것이 더 많거나 큰 경우를 비유적으로 이르는 말. &lt;동의 속담&gt; ‘발보다 발가락이 더 크다’ ‘눈보다 동자가 크다’ ‘몸보다 배꼽이 더 크다’ ‘배보다 배꼽이 더 크다’ ‘아이보다 배꼽이 크다’",health,1,1,,613070,https://opendict.korean.go.kr/dictionary/view?sense_no=613070
얼굴이 요패(腰牌)라,널리 알려진 얼굴이라 숨길 수 없다는 말.,health,1,1,violent:gray,613072,https://opendict.korean.go.kr/dictionary/view?sense_no=613072
얼음에 소 탄 것 같다,"얼음판 위에서 소를 탔기 때문에 언제 자빠질지 몰라 걱정스러워서 잠시도 마음을 놓지 못한다는 뜻으로, 어쩔 줄 모르고 쩔쩔매는 모양을 이르는 말.",health,1,1,sexual:gray|violent:gray,604901,https://opendict.korean.go.kr/dictionary/view?sense_no=604901
업은 아이 삼 년 찾는다,무엇을 몸에 지니거나 가까이 두고도 까맣게 잊어버리고 엉뚱한 데에 가서 오래도록 찾아 헤매는 경우를 비유적으로 이르는 말. &lt;동의 속담&gt; ‘업은 아이 삼이웃 찾는다’,health,1,1,violent:gray,613546,https://opendict.korean.go.kr/dictionary/view?sense_no=613546
업은 아이 삼이웃 찾는다,무엇을 몸에 지니거나 가까이 두고도 까맣게 잊어버리고 엉뚱한 데에 가서 오래도록 찾아 헤매는 경우를 비유적으로 이르는 말. &lt;동의 속담&gt; ‘업은 아이 삼 년 찾는다’,health,1,1,violent:gray,613547,https://opendict.korean.go.kr/dictionary/view?sense_no=613547
업혀 가는 돼지 눈,잠이 오거나 술에 취하여 거슴츠레한 눈을 비꼬는 말.,health,1,1,,604978,https://opendict.korean.go.kr/dictionary/view?sense_no=604978
없는 놈이 비단이 한 때라,당장 먹을 것이 없어 굶주리는 사람에게는 호화롭게 온몸을 감쌀 수 있는 비단조차도 그것을 팔아 한 때 끼니를 잇는 데에 불과하다는 말.,health,1,1,,612858,https://opendict.korean.go.kr/dictionary/view?sense_no=612858
여든 살이라도 마음은 어린애라,사람은 아무리 나이를 먹어도 마음 한구석에는 언제나 어린애와 같은 심정이 숨어 있음을 비유적으로 이르는 말.,health,1,1,sexual:gray,613239,https://opendict.korean.go.kr/dictionary/view?sense_no=613239
여럿이 가는 데 섞이면 병든 다리도 끌려 간다,여러 사람이 권하면 어쩔 수 없이 따라 행하게 됨을 비유적으로 이르는 말.,health,1,1,,604973,https://opendict.korean.go.kr/dictionary/view?sense_no=604973
여름 난 잠뱅이,제철이 지나서 쓸모없이 된 물건을 비유적으로 이르는 말.,health,1,1,,613318,https://opendict.korean.go.kr/dictionary/view?sense_no=613318
여물 안 먹고 잘 걷는 말,너무나 비현실적인 것을 비유적으로 이르는 말. &lt;동의 속담&gt; ‘먹지 않는 종 투기 없는 아내’,health,1,1,sexual:gray,613111,https://opendict.korean.go.kr/dictionary/view?sense_no=613111
열 사람 형리(刑吏) 사귀지 말고 한 가지 죄를 범하지 마라,남의 힘을 믿고 함부로 처신하지 말고 제 몸을 바로 처신하라는 말.,health,1,1,,613421,https://opendict.korean.go.kr/dictionary/view?sense_no=613421
열 서방 친할라 말고 한 몸을 삼가라,어렴풋하게 여러 사람을 사귀는 것보다 단 한 사람이라도 속내를 잘 알고 정이 두텁게 깊이 사귀는 것이 중요하다는 말. &lt;동의 속담&gt; ‘열 서방 사귀지 말고 한 서방을 사귀라’,health,1,1,,613431,https://opendict.korean.go.kr/dictionary/view?sense_no=613431
열 손가락 깨물어 안 아픈 손가락이 없다,혈육은 다 귀하고 소중함을 비유적으로 이르는 말. &lt;동의 속담&gt; ‘다섯 손가락 깨물어서 아프지 않은 손가락이 없다’,health,1,1,,613439,https://opendict.korean.go.kr/dictionary/view?sense_no=613439
염라대왕이 제 할아버지라도,"비록 염라대왕이 제 할아버지라 해도 저승으로 가게 된 처지에서 벗어날 수 없다는 뜻으로, 어떤 큰 죄를 짓거나 중병에 걸려 온전할 도리가 없는 경우를 비유적으로 이르는 말.",health,1,1,,605053,https://opendict.korean.go.kr/dictionary/view?sense_no=605053
염불 빠진 년 같다,어기적거리며 걸음을 잘 걷지 못하는 경우를 비유적으로 이르는 말.,health,1,1,sexual:gray,605183,https://opendict.korean.go.kr/dictionary/view?sense_no=605183
예쁘지 않은 며느리가 삿갓 쓰고 으스름 달밤에 나선다,가뜩이나 미운 사람이 더 미운 짓만 함을 비유적으로 이르는 말. &lt;동의 속담&gt; ‘달밤에 삿갓 쓰고 나온다’ ‘못난 색시 달밤에 삿갓 쓰고 나선다[다닌다]’ ‘못생긴 며느리 제삿날에 병난다’,health,1,1,sexual:gray,613631,https://opendict.korean.go.kr/dictionary/view?sense_no=613631
오뉴월 닭이 여북해서 지붕을 허비랴,"낟알이 귀한 여름에 배곯은 닭이 모이를 찾으러 지붕을 허비러 올라간다는 뜻으로, 아쉬운 때에 행여나 하고 무엇을 구함을 비유적으로 이르는 말. &lt;동의 속담&gt; ‘오뉴월 닭이 오죽하여 지붕에 올라갈까’",health,1,1,violent:gray,613335,https://opendict.korean.go.kr/dictionary/view?sense_no=613335
오뉴월 닭이 오죽하여 지붕에 올라갈까,"낟알이 귀한 여름에 배곯은 닭이 모이를 찾으러 지붕을 허비러 올라간다는 뜻으로, 아쉬운 때에 행여나 하고 무엇을 구함을 비유적으로 이르는 말. &lt;동의 속담&gt; ‘오뉴월 닭이 여북해서 지붕을 허비랴’",health,1,1,violent:gray,613336,https://opendict.korean.go.kr/dictionary/view?sense_no=613336
오뉴월 병아리 하룻볕 쬐기가 무섭다,"음력 오뉴월에는 하룻볕이라도 쬐면 동식물이 부쩍부쩍 자라게 된다는 뜻으로, 짧은 동안에 자라는 정도가 아주 뚜렷함을 비유적으로 이르는 말. &lt;동의 속담&gt; ‘오뉴월 볕 하루만 더 쬐도 낫다’ ‘오뉴월 하룻볕도 무섭다’",health,1,1,sexual:gray,613348,https://opendict.korean.go.kr/dictionary/view?sense_no=613348
오뉴월 볕이 하루가 무섭다,‘오뉴월 병아리 하룻볕 쬐기가 무섭다’의 북한 속담.,health,1,1,,613351,https://opendict.korean.go.kr/dictionary/view?sense_no=613351
오뉴월 볕 하루만 더 쬐도 낫다,"음력 오뉴월에는 하룻볕이라도 쬐면 동식물이 부쩍부쩍 자라게 된다는 뜻으로, 짧은 동안에 자라는 정도가 아주 뚜렷함을 비유적으로 이르는 말. &lt;동의 속담&gt; ‘오뉴월 병아리 하룻볕 쬐기가 무섭다’ ‘오뉴월 하룻볕도 무섭다’",health,1,1,sexual:gray,613349,https://opendict.korean.go.kr/dictionary/view?sense_no=613349
오뉴월 하룻볕도 무섭다,"음력 오뉴월에는 하룻볕이라도 쬐면 동식물이 부쩍부쩍 자라게 된다는 뜻으로, 짧은 동안에 자라는 정도가 아주 뚜렷함을 비유적으로 이르는 말. &lt;동의 속담&gt; ‘오뉴월 병아리 하룻볕 쬐기가 무섭다’ ‘오뉴월 볕 하루만 더 쬐도 낫다’",health,1,1,sexual:gray,613368,https://opendict.korean.go.kr/dictionary/view?sense_no=613368
온몸에 입이 돌라붙었더라도 할 말이 없겠다,‘입이 광주리만 해도 말 못 한다’의 북한 속담.,health,1,1,,613684,https://opendict.korean.go.kr/dictionary/view?sense_no=613684
온몸이 입이라도 말 못 하겠다,잘못이 명백히 드러나 변명의 여지가 없음을 비유적으로 이르는 말. &lt;동의 속담&gt; ‘입이 광주리만 해도 말 못 한다’ ‘입이 열 개라도 할 말이 없다’ ‘입이 열둘이라도 말 못 한다’,health,1,1,sexual:gray,613686,https://opendict.korean.go.kr/dictionary/view?sense_no=613686
온양 온천에 헌[전] 다리 모이듯,"온양이 유명한 온천지라 다리가 헌 병자들이 많이 모인다는 뜻으로, 많은 사람이 어지러이 모이는 모양을 이르는 말.",health,1,1,,613599,https://opendict.korean.go.kr/dictionary/view?sense_no=613599
옷은 나이로 입는다,몸집은 좀 작더라도 나이 든 사람은 옷을 더 크게 입는다는 말.,health,1,1,,613799,https://opendict.korean.go.kr/dictionary/view?sense_no=613799
외나무다리에서 발 맞추라고 한다,"몸을 가누기도 힘든 외나무다리에서 발을 맞추며 걸으라고 한다는 뜻으로, 가능성이 없는 일을 무리하게 강요함을 비유적으로 이르는 말.",health,1,1,,605263,https://opendict.korean.go.kr/dictionary/view?sense_no=605263
외로운 뿌리 잘 살지 못한다,"식물도 곁에서 함께 자라는 것이 있으면 잘 자라지만 따로 기를 때에는 잘 자라지 못한다는 뜻으로, 외아들은 잘못되기 쉬움을 비유적으로 이르는 말.",health,1,1,,613716,https://opendict.korean.go.kr/dictionary/view?sense_no=613716
외바늘 귀 터지기 쉽다,"하나밖에 없는 외바늘의 바늘귀가 터져서 못 쓰게 되기 쉽다는 뜻으로, 소중히 여기는 것이 도리어 상하기 쉬움을 비유적으로 이르는 말.",health,1,1,,605244,https://opendict.korean.go.kr/dictionary/view?sense_no=605244
우장을 입고 제사를 지내도 제 정성,"몸에 걸칠 것이 없어서 볏짚으로 엮은 우장을 입고 제사를 지내도 정성만 지극하면 된다는 뜻으로, 중요한 것은 형식이 아니라 정성스러운 마음임을 이르는 말.",health,1,1,sexual:gray,613770,https://opendict.korean.go.kr/dictionary/view?sense_no=613770
월천꾼처럼 다리부터 걷는다,어떤 일을 하려 함에 있어 너무 미리부터 서둘러 대는 모양을 조롱하여 이르는 말.,health,1,1,,605351,https://opendict.korean.go.kr/dictionary/view?sense_no=605351
의심이 병,쓸데없이 지나친 의심을 하면서 속을 태움을 이르는 말.,health,1,1,,605420,https://opendict.korean.go.kr/dictionary/view?sense_no=605420
의주 파발도 똥 눌 때[새]가 있다,아무리 급한 일이 있어도 잠시 틈을 낼 수 있음을 비유적으로 이르는 말. &lt;동의 속담&gt; ‘의주 파천(播遷)에도 곱똥은 누고 간다’,health,1,1,sexual:gray,605363,https://opendict.korean.go.kr/dictionary/view?sense_no=605363
의주 파천(播遷)에도 곱똥은 누고 간다,아무리 급한 일이 있어도 잠시 틈을 낼 수 있음을 비유적으로 이르는 말. &lt;동의 속담&gt; ‘의주 파발도 똥 눌 때[새]가 있다’,health,1,1,sexual:gray,605365,https://opendict.korean.go.kr/dictionary/view?sense_no=605365
이레 안에 경풍(驚風)에 죽으나 여든에 상한병(傷寒病)에 죽으나 죽기는 일반이라,어떻게 죽든지 죽는다는 사실과 죽은 결과는 같다는 말.,health,1,1,violent:gray,605543,https://opendict.korean.go.kr/dictionary/view?sense_no=605543
이리가 짖으니 개가 꼬리(를) 흔든다,"모양이나 형편이 서로 비슷하고 인연이 있는 것끼리 서로 잘 어울리고, 사정을 보아주며 감싸 주기 쉬움을 비유적으로 이르는 말. &lt;동의 속담&gt; ‘가재는 게 편’ ‘가재는 게 편이요 초록은 한 빛이라’ ‘검둥개는 돼지 편’ ‘검정개는 돼지 편’ ‘검정개 한패[한편]’ ‘솔개는 매 편(이라고)’",health,1,1,violent:gray,613816,https://opendict.korean.go.kr/dictionary/view?sense_no=613816
이불 속[안]에서 활개 친다,남 앞에서는 제대로 기도 못 펴면서 남이 없는 곳에서만 잘난 체하고 호기를 부리는 경우를 비유적으로 이르는 말. &lt;동의 속담&gt; ‘다리 부러진 장수 성안에서 호령한다’,health,1,1,violent:gray,613860,https://opendict.korean.go.kr/dictionary/view?sense_no=613860
이 없으면 잇몸으로 살지[산다],요긴한 것이 없으면 안 될 것 같지만 없으면 없는 대로 그럭저럭 살아 나갈 수 있음을 이르는 말.,health,1,1,sexual:gray,605480,https://opendict.korean.go.kr/dictionary/view?sense_no=605480
잃은 도끼는 쇠가 좋거니,지금의 새로운 물건이나 사람이 먼저의 물건이나 사람보다 못하여 아쉬움을 비유적으로 이르는 말.,health,1,1,,614104,https://opendict.korean.go.kr/dictionary/view?sense_no=614104
입이 광주리만 해도 말 못 한다,잘못이 명백히 드러나 변명의 여지가 없음을 비유적으로 이르는 말. &lt;동의 속담&gt; ‘온몸이 입이라도 말 못 하겠다’ ‘입이 열 개라도 할 말이 없다’ ‘입이 열둘이라도 말 못 한다’,health,1,1,sexual:gray,613971,https://opendict.korean.go.kr/dictionary/view?sense_no=613971
입이 열 개라도 할 말이 없다,잘못이 명백히 드러나 변명의 여지가 없음을 비유적으로 이르는 말. &lt;동의 속담&gt; ‘입이 광주리만 해도 말 못 한다’ ‘온몸이 입이라도 말 못 하겠다’ ‘입이 열둘이라도 말 못 한다’,health,1,1,sexual:gray,613978,https://opendict.korean.go.kr/dictionary/view?sense_no=613978
입이 열둘이라도 말 못 한다,잘못이 명백히 드러나 변명의 여지가 없음을 비유적으로 이르는 말. &lt;동의 속담&gt; ‘입이 광주리만 해도 말 못 한다’ ‘온몸이 입이라도 말 못 하겠다’ ‘입이 열 개라도 할 말이 없다’,health,1,1,sexual:gray,613979,https://opendict.korean.go.kr/dictionary/view?sense_no=613979
자는 애 몫은 있어도 나간 사람 몫은 없다,나간 어른에 대해서는 잊기 쉬워도 제 품에서 키우는 아이에 대한 사랑은 지극하여 언제나 마음을 쓰기 마련임을 비유적으로 이르는 말.,health,1,1,sexual:gray,614064,https://opendict.korean.go.kr/dictionary/view?sense_no=614064
자랑 끝에 쉬슨다[불붙는다],너무 잘난 체하며 거들먹거리면 일을 그르치게 됨을 이르는 말.,health,1,1,,614187,https://opendict.korean.go.kr/dictionary/view?sense_no=614187
작아도 큰아주머니,몸집은 작으나 항렬이 위인 아주머니를 이르는 말.,health,1,1,,614277,https://opendict.korean.go.kr/dictionary/view?sense_no=614277
잔고기 가시 세다,"고기는 작은데 가시는 세서 먹기가 여간 성가시지 아니하다는 뜻으로, 몸집은 작으나 속은 야무지고 단단함을 이르는 말.",health,1,1,,614510,https://opendict.korean.go.kr/dictionary/view?sense_no=614510
잠방이에 대님 치듯,거북한 일을 당하여 켕김을 비유적으로 이르는 말.,health,1,1,,614380,https://opendict.korean.go.kr/dictionary/view?sense_no=614380
잠자고 나서 문안하기,"남의 집에 들면 마땅히 인사를 먼저 해야 도리인데 하룻밤 자고 나서야 문안을 드린다는 뜻으로, 순서에 맞지 않은 일 처리를 이르는 말.",health,1,1,,605775,https://opendict.korean.go.kr/dictionary/view?sense_no=605775
잠자고 난 누에 같다,먹성이 좋아 잘 먹는 것을 비유적으로 이르는 말.,health,1,1,,605777,https://opendict.korean.go.kr/dictionary/view?sense_no=605777
잠자는 범에게 코침 주기,‘자는 벌집 건드린다’의 북한 속담.,health,1,1,,605778,https://opendict.korean.go.kr/dictionary/view?sense_no=605778
잠자는 범의 수염을 다친다,‘자는 벌집 건드린다’의 북한 속담.,health,1,1,,605779,https://opendict.korean.go.kr/dictionary/view?sense_no=605779
잠자리 부접대듯 한다,일을 할 때 오래 지속하지 못함을 비유적으로 이르는 말.,health,1,1,,605771,https://opendict.korean.go.kr/dictionary/view?sense_no=605771
잠자리(의) 눈꼽,극히 적은 분량을 비유적으로 이르는 말.,health,1,1,,605773,https://opendict.korean.go.kr/dictionary/view?sense_no=605773
잠자코 있는 것이 무식을 면한다,잘 알지도 못하면서 괜히 섣불리 나서지 말라는 말.,health,1,1,,605774,https://opendict.korean.go.kr/dictionary/view?sense_no=605774
장 가운데 중 찾기,아주 찾기 쉬운 경우를 이르는 말.,health,1,1,,614403,https://opendict.korean.go.kr/dictionary/view?sense_no=614403
장돌뱅이 사촌,입을 잠시도 다물지 못하고 줄곧 지껄이는 사람을 이르는 말.,health,1,1,,605619,https://opendict.korean.go.kr/dictionary/view?sense_no=605619
장마가 무서워 호박을 못 심겠다,다소 방해되는 것이 있다 하더라도 마땅히 할 일은 하여야 함을 비유적으로 이르는 말. &lt;동의 속담&gt; ‘구더기 무서워 장 못 담글까’ ‘가시 무서워 장 못 담그랴’ ‘쉬파리 무서워 장 못 만들까[담글까]’,health,1,1,,605608,https://opendict.korean.go.kr/dictionary/view?sense_no=605608
장마철에 해빛 보기,잠깐 모습을 보였다가 이내 없어지는 경우를 비유적으로 이르는 말.,health,1,1,,605739,https://opendict.korean.go.kr/dictionary/view?sense_no=605739
장마철의 여우볕,모습을 나타내었다가 곧 숨어 버리는 것을 이르는 말.,health,1,1,,605740,https://opendict.korean.go.kr/dictionary/view?sense_no=605740
재미 끝에 쉬쓴다,일이 잘되어 간다고 너무 좋아하며 자만하다가는 낭패를 봄을 이르는 말.,health,1,1,violent:gray,614169,https://opendict.korean.go.kr/dictionary/view?sense_no=614169
잿골에 말뚝 박기,힘 안 들이고 할 수 있는 쉬운 일을 이르는 말. &lt;동의 속담&gt; ‘잿독에 말뚝 박기’,health,1,1,,605854,https://opendict.korean.go.kr/dictionary/view?sense_no=605854
잿독에 말뚝 박기,힘 안 들이고 할 수 있는 쉬운 일을 이르는 말. &lt;동의 속담&gt; ‘잿골에 말뚝 박기’,health,1,1,,605782,https://opendict.korean.go.kr/dictionary/view?sense_no=605782
저승길이 대문 밖이다,"사람은 언제 죽을지 모른다는 뜻으로, 사람의 목숨이 덧없음을 비유적으로 이르는 말. &lt;동의 속담&gt; ‘대문 밖이 저승이라’ ‘문턱 밑이 저승이라’",health,1,1,sexual:gray|violent:gray,605691,https://opendict.korean.go.kr/dictionary/view?sense_no=605691
적은 밥이 쉰다,"밥이 적다 보니 별로 관심을 두지 아니하고 잘 간수하지도 아니하여 결국 쉬게 만든다는 뜻으로, 대단한 것이 아니라고 하여 아무렇게나 다루다가 탈이 나는 경우를 비유적으로 이르는 말.",health,1,1,,605734,https://opendict.korean.go.kr/dictionary/view?sense_no=605734
절간이 망하려면 백하젓 장사가 성한다,‘절이 망하려니까 새우젓 장수가 들어온다’의 북한 속담.,health,1,1,,605870,https://opendict.korean.go.kr/dictionary/view?sense_no=605870
절구 천중만 하다,"돌절구와 같이 무게가 아주 많이 나간다는 뜻으로, 몸집이 뚱뚱하고 커서 무거워 보임을 비유적으로 이르는 말.",health,1,1,,605852,https://opendict.korean.go.kr/dictionary/view?sense_no=605852
절름발이 원행,"잘 걷지도 못하는 자가 멀리 가려고 한다는 뜻으로, 무능한 자가 분수에 넘치는 짓을 하려는 경우를 비난하는 말.",health,1,1,,614402,https://opendict.korean.go.kr/dictionary/view?sense_no=614402
절에 쇠 건 것 같다,"사방이 다 트여 있는 절간에 쇠를 잠가야 아무 소용이 없다는 데서, 든든히 하느라고 하였지만 그것이 별 소용이 없음을 비유적으로 이르는 말.",health,1,1,sexual:gray,605812,https://opendict.korean.go.kr/dictionary/view?sense_no=605812
절이 망하려니까 새우젓 장수가 들어온다,일이 안되려니까 뜻밖의 괴상한 일이 생긴다는 말.,health,1,1,,605815,https://opendict.korean.go.kr/dictionary/view?sense_no=605815
정이월에 대독 터진다,음력 정월과 이월쯤이 되면 으레 날씨가 풀린 것으로 생각하기 쉬우나 이따금씩 더 심한 추위가 닥치는 날이 있음을 이르는 말.,health,1,1,sexual:gray,605908,https://opendict.korean.go.kr/dictionary/view?sense_no=605908
제 딸이 고와야 사위를 고른다,자기의 처지나 조건이 유리해야 높은 수준의 요구를 내세우고 자기 의사대로 그 요구를 관철해 나갈 수 있음을 비유적으로 이르는 말.,health,1,1,sexual:gray,614615,https://opendict.korean.go.kr/dictionary/view?sense_no=614615
제물에 녹장이 난다,자기 스스로 맥을 잃거나 지쳐서 다시는 회복할 수 없게 됨을 이르는 말. &lt;동의 속담&gt; ‘제물에 물러 떨어진다’,health,1,1,,614529,https://opendict.korean.go.kr/dictionary/view?sense_no=614529
제물에 물러 떨어진다,자기 스스로 맥을 잃거나 지쳐서 다시는 회복할 수 없게 됨을 이르는 말. &lt;동의 속담&gt; ‘제물에 녹장이 난다’,health,1,1,,614530,https://opendict.korean.go.kr/dictionary/view?sense_no=614530
제 뼈가 공신,"사지가 든든해서 어렵고 힘든 일을 마다하지 아니하고 해 주니 그것이야말로 공신과 같다는 뜻으로, 몸이 든든한 것이 곧 자랑임을 비유적으로 이르는 말.",health,1,1,,614648,https://opendict.korean.go.kr/dictionary/view?sense_no=614648
제 살이 아프면 남의 살도 아픈 줄 알아라,제 경우에 견주어서 남의 사정도 참작할 줄 알아야 한다는 말.,health,1,1,,614654,https://opendict.korean.go.kr/dictionary/view?sense_no=614654
조롱 속[안]의 새,자유를 속박당한 몸을 비유적으로 이르는 말. &lt;동의 속담&gt; ‘조롱에 갇힌 새’,health,1,1,,605943,https://opendict.korean.go.kr/dictionary/view?sense_no=605943
조롱에 갇힌 새,자유를 속박당한 몸을 비유적으로 이르는 말. &lt;동의 속담&gt; ‘조롱 속[안]의 새’,health,1,1,,605944,https://opendict.korean.go.kr/dictionary/view?sense_no=605944
족제비도 낯짝이 있어 숨을 구멍을 가린다,‘족제비도 낯짝이 있다’의 북한 속담.,health,1,1,,614922,https://opendict.korean.go.kr/dictionary/view?sense_no=614922
종잇장도 맞들면 낫다,쉬운 일이라도 협력하여 하면 훨씬 쉽다는 말. &lt;동의 속담&gt; ‘백지장도 맞들면 낫다’ ‘백지 한 장도 맞들면 낫다’ ‘초지장도 맞들면 낫다’,health,1,1,,605988,https://opendict.korean.go.kr/dictionary/view?sense_no=605988
종자는 못 속인다,유전적인 특징은 잘 숨길 수 없다는 말.,health,1,1,,614907,https://opendict.korean.go.kr/dictionary/view?sense_no=614907
주린 자 달게 먹고 목마른 자 쉬이 마신다,어떤 물건이 절실하게 요구되는 사람에게는 아주 요긴하게 쓰임을 비유적으로 이르는 말.,health,1,1,,614977,https://opendict.korean.go.kr/dictionary/view?sense_no=614977
주머니를 둘씩 차다,숨은 잇속을 따로 챙김을 비유적으로 이르는 말.,health,1,1,,606102,https://opendict.korean.go.kr/dictionary/view?sense_no=606102
주머니에 들어간 송곳이라,선하거나 악한 일은 숨겨지지 아니하고 자연히 드러남을 이르는 말.,health,1,1,,606103,https://opendict.korean.go.kr/dictionary/view?sense_no=606103
주머니 털어 먼지 안 나오는 사람 없다,아무리 깨끗하고 선한 사람이라 하더라도 숨겨진 허점은 있다는 말.,health,1,1,,606100,https://opendict.korean.go.kr/dictionary/view?sense_no=606100
죽기는 섧지 않으나 늙기가 섧다,죽는 것보다 늙는 것이 더 가슴 아프고 안타깝다는 말.,health,1,1,sexual:gray|violent:gray,614775,https://opendict.korean.go.kr/dictionary/view?sense_no=614775
죽은 시어미도 (보리)방아 찧을 때는 생각난다,미운 사람도 제게 아쉬운 일이 생겼을 때는 생각난다는 말.,health,1,1,violent:gray,614832,https://opendict.korean.go.kr/dictionary/view?sense_no=614832
죽을병에도 살[쓸] 약이 있다,앓는 사람에게 낙심하지 말라고 하는 말.,health,1,1,violent:gray,606110,https://opendict.korean.go.kr/dictionary/view?sense_no=606110
줄(이) 끊어진 연 쳐다보는 격,줄이 끊어진 연을 멍청히 바라보듯 돌이킬 수 없는 일을 저질러 놓고 아쉬워하면서 속수무책으로 있는 경우를 비유적으로 이르는 말.,health,1,1,,614549,https://opendict.korean.go.kr/dictionary/view?sense_no=614549
쥐도 도망갈 구멍을 보고 쫓는다,"도망갈 곳이 없으면 쥐가 거세게 반항하여 피해를 입기 쉬우므로 도망갈 구멍을 내주고 쫓으라는 뜻으로, 궁지에 빠진 사람을 너무 막다른 지경에 몰아넣지 말라는 말.",health,1,1,violent:gray,615196,https://opendict.korean.go.kr/dictionary/view?sense_no=615196
지랄병에 목침이 약,못된 짓을 하는 자에게는 엄격한 징벌을 가하는 것이 가장 효과적임을 비유적으로 이르는 말.,health,1,1,,615239,https://opendict.korean.go.kr/dictionary/view?sense_no=615239
지붕의 호박도 못 따면서 하늘의 천도(天桃) 따겠단다,쉬운 일도 못하는 주제에 당치 아니한 어려운 일을 하려고 함을 비유적으로 이르는 말.,health,1,1,,614996,https://opendict.korean.go.kr/dictionary/view?sense_no=614996
짖는 개는 여위고 먹는 개는 살찐다,늘 울상을 하고 모든 것이 다 제 마음에 맞지 아니하여 불평을 늘어놓거나 지나치게 신경질이 많으면 살이 내리고 건강에 해로움을 비유적으로 이르는 말.,health,1,1,sexual:gray,614963,https://opendict.korean.go.kr/dictionary/view?sense_no=614963
쬔 병아리 같다,남에게 항상 눌려 지내는 사람을 비유적으로 이르는 말.,health,1,1,,614992,https://opendict.korean.go.kr/dictionary/view?sense_no=614992
차돌에 바람 들면 석돌보다 못하다,오달진 사람일수록 한번 타락하면 걷잡을 수 없게 된다는 말.,health,1,1,,606261,https://opendict.korean.go.kr/dictionary/view?sense_no=606261
찬물 맞은 불티,찬물을 맞아 꺼지고 만 불티처럼 다시 회복할 수 없게 된 경우를 비유적으로 이르는 말.,health,1,1,,615106,https://opendict.korean.go.kr/dictionary/view?sense_no=615106
찬밥 두고 잠 아니 온다,자기가 좋아하는 일은 좀처럼 잊어버리지 못한다는 말.,health,1,1,,615359,https://opendict.korean.go.kr/dictionary/view?sense_no=615359
참새가 작아도 알만 잘 깐다[낳는다],몸은 비록 작아도 능히 큰일을 감당함을 비유적으로 이르는 말. &lt;동의 속담&gt; ‘뱁새는 작아도 알만 잘 낳는다’,health,1,1,,615299,https://opendict.korean.go.kr/dictionary/view?sense_no=615299
참새 씹히듯 하다,잠깐 사이에 끝난다는 말.,health,1,1,,615285,https://opendict.korean.go.kr/dictionary/view?sense_no=615285
처음에는 사람이 술을 마시다가 술이 술을 마시게 되고 나중에는 술이 사람을 마신다,술을 몸에 맞게 먹으라는 말.,health,1,1,sexual:gray,615334,https://opendict.korean.go.kr/dictionary/view?sense_no=615334
천하에 유명한 준마도 장수를 만나야 하늘을 난다,아무리 훌륭한 조건이 마련되어 있다 하더라도 그것을 처리하고 운영할 사람이 없으면 쓸모가 없음을 비유적으로 이르는 말.,health,1,1,sexual:gray,615313,https://opendict.korean.go.kr/dictionary/view?sense_no=615313
첩 정은 삼 년 본처 정은 백 년,아무리 첩에 혹한 사람이라도 그것은 잠시 동안이고 그 본처는 끝내 버리지 않는다는 말.,health,1,1,sexual:gray,615413,https://opendict.korean.go.kr/dictionary/view?sense_no=615413
체 보고 옷 짓고 꼴 보고 이름 짓는다,"몸의 치수에 맞게 옷을 짓고 모양에 맞게 이름을 붙인다는 뜻으로, 모든 것이 저마다 제격에 맞게 되도록 처리함을 비유적으로 이르는 말. &lt;동의 속담&gt; ‘체수 보아 옷 짓는다’",health,1,1,,615379,https://opendict.korean.go.kr/dictionary/view?sense_no=615379
체수 보아 옷 짓는다,"몸의 치수에 맞게 옷을 짓는다는 뜻으로,  모든 것이 저마다 제격에 맞게 되도록 처리함을 비유적으로 이르는 말. &lt;동의 속담&gt; ‘체 보고 옷 짓고 꼴 보고 이름 짓는다’",health,1,1,,615509,https://opendict.korean.go.kr/dictionary/view?sense_no=615509
초고리는 작아도 꿩만 잡는다,"작은 매라도 꿩만 잘 잡는다는 뜻으로, 몸집이 작은 사람이 제 할 일을 시원스럽게 잘 해냄을 이르는 말.",health,1,1,violent:gray,606369,https://opendict.korean.go.kr/dictionary/view?sense_no=606369
초지장도 맞들면 낫다,쉬운 일이라도 협력하여 하면 훨씬 쉽다는 말. &lt;동의 속담&gt; ‘백지장도 맞들면 낫다’ ‘백지 한 장도 맞들면 낫다’ ‘종잇장도 맞들면 낫다’,health,1,1,,615135,https://opendict.korean.go.kr/dictionary/view?sense_no=615135
촌년이 아전 서방을 하더니 초장에 길청 문밖에 와서 갖신 사 달라 한다,변변치 못한 사람이 조그만 권력이라도 잡으면 세상이 어떻게 돌아가는지도 모르고 잘난 체하며 몹시 아니꼽게 굶을 비유적으로 이르는 말. &lt;동의 속담&gt; ‘촌년이 아전 서방을 하면 날 샌 줄을 모른다’ ‘촌년이 아전 서방을 하면 갈지자걸음을 걷고 육개장이 아니면 밥을 안 먹는다’ ‘촌년이 아전 서방을 하면 중의 고리에 단추를 붙인다’,health,1,1,sexual:gray,606300,https://opendict.korean.go.kr/dictionary/view?sense_no=606300
촌년이 아전 서방을 하면 갈지자걸음을 걷고 육개장이 아니면 밥을 안 먹는다,변변치 못한 사람이 조그만 권력이라도 잡으면 세상이 어떻게 돌아가는지도 모르고 잘난 체하며 몹시 아니꼽게 굶을 비유적으로 이르는 말. &lt;동의 속담&gt; ‘촌년이 아전 서방을 하면 날 샌 줄을 모른다’ ‘촌년이 아전 서방을 하더니 초장에 길청 문밖에 와서 갖신 사 달라 한다’ ‘촌년이 아전 서방을 하면 중의 고리에 단추를 붙인다’,health,1,1,sexual:gray,606301,https://opendict.korean.go.kr/dictionary/view?sense_no=606301
촌년이 아전 서방을 하면 날 샌 줄을 모른다,변변치 못한 사람이 조그만 권력이라도 잡으면 세상이 어떻게 돌아가는지도 모르고 잘난 체하며 몹시 아니꼽게 굶을 비유적으로 이르는 말. &lt;동의 속담&gt; ‘촌년이 아전 서방을 하더니 초장에 길청 문밖에 와서 갖신 사 달라 한다’ ‘촌년이 아전 서방을 하면 갈지자걸음을 걷고 육개장이 아니면 밥을 안 먹는다’ ‘촌년이 아전 서방을 하면 중의 고리에 단추를 붙인다’,health,1,1,sexual:gray,606302,https://opendict.korean.go.kr/dictionary/view?sense_no=606302
촌년이 아전 서방을 하면 중의 고리에 단추를 붙인다,변변치 못한 사람이 조그만 권력이라도 잡으면 세상이 어떻게 돌아가는지도 모르고 잘난 체하며 몹시 아니꼽게 굶을 비유적으로 이르는 말. &lt;동의 속담&gt; ‘촌년이 아전 서방을 하면 날 샌 줄을 모른다’ ‘촌년이 아전 서방을 하더니 초장에 길청 문밖에 와서 갖신 사 달라 한다’ ‘촌년이 아전 서방을 하면 갈지자걸음을 걷고 육개장이 아니면 밥을 안 먹는다’,health,1,1,sexual:gray,606303,https://opendict.korean.go.kr/dictionary/view?sense_no=606303
칼끝의 원쑤,"칼을 들고 겨루어야 할 원수라는 뜻으로, 목숨을 걸고 싸워야 할 피맺힌 원수라는 말.",health,1,1,violent:gray,606456,https://opendict.korean.go.kr/dictionary/view?sense_no=606456
코 맞은 개 싸쥐듯,몹시 아프거나 속이 상하여 어쩔 줄 모르고 쩔쩔매며 돌아가는 모습을 비유적으로 이르는 말.,health,1,1,violent:gray,615564,https://opendict.korean.go.kr/dictionary/view?sense_no=615564
털도 아니 난 것이 날기부터 하려 한다,쉽고 작은 일도 해낼 수 없으면서 어렵고 큰일을 하려고 나섬을 이르는 말. &lt;동의 속담&gt; ‘걷기도 전에 뛰려고 한다’ ‘기기도 전에 날기부터 하려 한다’ ‘기도[기지도] 못하면서 뛰려 한다’ ‘기도 못하는 게 날려 한다’ ‘푸둥지도 안 난 것이 날려고 한다’,health,1,1,,615695,https://opendict.korean.go.kr/dictionary/view?sense_no=615695
토막나무 끈 자국과 같다,토막나무를 끌고 간 자리와 같이 사물의 형상과 자취가 뚜렷하여 숨길 수 없다는 말.,health,1,1,,606570,https://opendict.korean.go.kr/dictionary/view?sense_no=606570
티를 불고 가시를 물어 낸다,비록 숨어 있는 작은 것이라도 남의 허물을 잘 들추어냄을 비유적으로 이르는 말.,health,1,1,,615708,https://opendict.korean.go.kr/dictionary/view?sense_no=615708
패군의 장수는 용맹을 말하지 않는다,무슨 일에 실패를 하고 나서 구구히 변명을 할 필요가 없음을 이르는 말.,health,1,1,sexual:gray|violent:gray,606624,https://opendict.korean.go.kr/dictionary/view?sense_no=606624
푸둥지도 안 난 것이 날려고 한다,쉽고 작은 일도 해낼 수 없으면서 어렵고 큰일을 하려고 나섬을 이르는 말. &lt;동의 속담&gt; ‘걷기도 전에 뛰려고 한다’ ‘기기도 전에 날기부터 하려 한다’ ‘기도[기지도] 못하면서 뛰려 한다’ ‘기도 못하는 게 날려 한다’ ‘털도 아니 난 것이 날기부터 하려 한다’,health,1,1,,606633,https://opendict.korean.go.kr/dictionary/view?sense_no=606633
풀 끝에 앉은 새 몸이라,매우 불안한 처지에 있음을 비유적으로 이르는 말.,health,1,1,sexual:gray|violent:gray,615997,https://opendict.korean.go.kr/dictionary/view?sense_no=615997
풀솜에 싸 길렀다[길렀나],몸이 몹시 허약하거나 힘이 없음을 비유적으로 이르는 말.,health,1,1,sexual:gray,615995,https://opendict.korean.go.kr/dictionary/view?sense_no=615995
피나무 떡구유 같다,몸이 뚱뚱하고 무거운 사람을 놀림조로 이르는 말.,health,1,1,violent:gray,615710,https://opendict.korean.go.kr/dictionary/view?sense_no=615710
피짚에도 밸이 있고 깨묵에도 씨가 있다,"모든 물건에 다 속이 있는 것처럼 말하지 아니하고 잠자코 있는 사람도 다 자기의 속마음이 있다는 뜻으로, 사람을 함부로 업신여기거나 허술히 대하지 말라는 말.",health,1,1,sexual:gray|violent:gray,616098,https://opendict.korean.go.kr/dictionary/view?sense_no=616098
하루 은혜 백 날에 갚지 못한다,은혜를 입기는 쉬워도 갚기는 어려움을 이르는 말.,health,1,1,,615943,https://opendict.korean.go.kr/dictionary/view?sense_no=615943
하룻밤을 자도 만리성을 쌓는다,잠깐 사귀어도 깊은 정을 맺을 수 있음을 이르는 말.,health,1,1,sexual:gray,616151,https://opendict.korean.go.kr/dictionary/view?sense_no=616151
하지도 못할 놈이 잠방이 벗는다,어떤 일을 할 실력도 자신도 없는 사람이 그 일을 하려고 덤비는 경우를 비꼬는 말.,health,1,1,,606740,https://opendict.korean.go.kr/dictionary/view?sense_no=606740
한 몸에 두 지게 질 수 없다,‘한 말[소] 등에 두 길마를[안장을] 지울까’의 북한 속담.,health,1,1,,615778,https://opendict.korean.go.kr/dictionary/view?sense_no=615778
한 번 걷어챈 돌에 두 번 다시 채지 않는다,같은 실수를 두 번 거듭하지 아니한다는 말.,health,1,1,,615790,https://opendict.korean.go.kr/dictionary/view?sense_no=615790
한 번 실수는 병가(兵家)의 상사(常事),"전쟁을 하다 보면 한 번의 실수는 늘 있는 일이라는 뜻으로, 일에는 실수나 실패가 있을 수 있다는 말.",health,1,1,violent:gray,615796,https://opendict.korean.go.kr/dictionary/view?sense_no=615796
한번 엎지른 물은 다시 주워 담지 못한다,일단 저지른 잘못은 회복하기 어렵다는 말.,health,1,1,,616455,https://opendict.korean.go.kr/dictionary/view?sense_no=616455
할 일 없으면 낮잠이나 자라,자신과 상관없는 일에 쓸데없이 참견하는 경우를 비꼬는 말.,health,1,1,,606741,https://opendict.korean.go.kr/dictionary/view?sense_no=606741
항우도 먹어야 장수지,사람은 누구나 배를 든든히 채워야 힘을 쓸 수 있다는 말.,health,1,1,,616115,https://opendict.korean.go.kr/dictionary/view?sense_no=616115
해산 구멍에 바람 들라,산모가 바람을 잘못 쐬면 몸에 탈이 나므로 바람을 쐬지 아니하도록 조심하라는 말.,health,1,1,,606795,https://opendict.korean.go.kr/dictionary/view?sense_no=606795
행랑이 몸채 노릇 한다,손님이 주인 노릇 함을 비유적으로 이르는 말.,health,1,1,,616220,https://opendict.korean.go.kr/dictionary/view?sense_no=616220
행사가 개차반 같다,몸가짐과 하는 짓이 단정하지 못하고 추잡하다는 말.,health,1,1,,606743,https://opendict.korean.go.kr/dictionary/view?sense_no=606743
향기가 있는 꽃은 가시 돋친 나무에 핀다,여자의 교태 속에 음흉한 계교가 숨어 있음을 경계하는 말.,health,1,1,sexual:gray,606806,https://opendict.korean.go.kr/dictionary/view?sense_no=606806
허리 부러진 장수[호랑이],위세를 부리다가 타격을 받고 힘없게 된 사람을 비유적으로 이르는 말. &lt;동의 속담&gt; ‘날개 부러진 매[독수리]’,health,1,1,violent:gray,606833,https://opendict.korean.go.kr/dictionary/view?sense_no=606833
허물 모르는 게 내외,부부 사이에는 숨기는 것이 없어 피차에 허물없다는 말.,health,1,1,violent:gray,616373,https://opendict.korean.go.kr/dictionary/view?sense_no=616373
허파에 쉬슨 놈,생각이 없고 주견이 서지 못한 사람을 비꼬는 말.,health,1,1,,616377,https://opendict.korean.go.kr/dictionary/view?sense_no=616377
호랑이 날고기 먹는 줄은 다 안다,그런 짓을 하는 줄 다 아는데 굳이 숨기고 안 하는 체할 필요가 없다는 말.,health,1,1,,616275,https://opendict.korean.go.kr/dictionary/view?sense_no=616275
호랑이도 곤하면 잔다,누구나 피곤할 때는 쉬어야 한다는 말.,health,1,1,violent:gray,616300,https://opendict.korean.go.kr/dictionary/view?sense_no=616300
호박에 말뚝 박기,아주 하기 쉬운 일을 비유적으로 이르는 말. &lt;동의 속담&gt; ‘호박에 침주기’,health,1,1,,616131,https://opendict.korean.go.kr/dictionary/view?sense_no=616131
호박에 침주기,아주 하기 쉬운 일을 비유적으로 이르는 말. &lt;동의 속담&gt; ‘호박에 말뚝 박기’,health,1,1,,616133,https://opendict.korean.go.kr/dictionary/view?sense_no=616133
홀알에서 병아리 나랴,어떤 일이 이루어질 수 있는 조건이나 기회가 전혀 없는 데서는 그 일을 기대할 수 없다는 말.,health,1,1,,606892,https://opendict.korean.go.kr/dictionary/view?sense_no=606892
홍역은 평생에 안 걸리면 무덤에서라도 앓는다,홍역은 누구나 한 번은 치러야 하는 병이라는 말.,health,1,1,,616433,https://opendict.korean.go.kr/dictionary/view?sense_no=616433
화는 입기 쉬워도 벗기 힘들다,화는 일단 당하면 그 영향이 오래간다는 말.,health,1,1,,606931,https://opendict.korean.go.kr/dictionary/view?sense_no=606931
황아장수 망신은 고불통이 시킨다,한 사람이나 부분의 결함이 전체에 나쁜 영향을 줌을 이르는 말.,health,1,1,,606897,https://opendict.korean.go.kr/dictionary/view?sense_no=606897
흘러가는 물 퍼 주기,아쉬울 것이 없이 마음대로 인심을 씀을 비유적으로 이르는 말.,health,1,1,sexual:gray,607031,https://opendict.korean.go.kr/dictionary/view?sense_no=607031
흰떡 집에 산병(散餠) 맞추듯,틀림없고 영락없는 모양을 비유적으로 이르는 말. &lt;동의 속담&gt; ‘사기전에 종짓굽 맞추듯’,health,1,1,,607119,https://opendict.korean.go.kr/dictionary/view?sense_no=607119
힘 많은 소가 왕 노릇 하나,"소가 아무리 힘이 세다 할지라도 왕 노릇은 할 수 없다는 뜻으로, 힘만 가지고는 결코 큰일을 못하며 반드시 훌륭한 품성과 지략을 갖추어야 됨을 비유적으로 이르는 말. &lt;동의 속담&gt; ‘소가 크면[세면] 왕 노릇 하나’ ‘기운이 세면 소가 왕 노릇 할까’ ‘기운이 세면 장수 노릇 하나’ ‘힘센 소가 왕 노릇 할까’",health,1,1,,616418,https://opendict.korean.go.kr/dictionary/view?sense_no=616418
힘센 소가 왕 노릇 할까,"소가 아무리 힘이 세다 할지라도 왕 노릇은 할 수 없다는 뜻으로, 힘만 가지고는 결코 큰일을 못하며 반드시 훌륭한 품성과 지략을 갖추어야 됨을 비유적으로 이르는 말. &lt;동의 속담&gt; ‘소가 크면[세면] 왕 노릇 하나’ ‘기운이 세면 소가 왕 노릇 할까’ ‘기운이 세면 장수 노릇 하나’ ‘힘 많은 소가 왕 노릇 하나’",health,1,1,,616451,https://opendict.korean.go.kr/dictionary/view?sense_no=616451
남의 일에 흥야항야한다,남의 일에 공연히 간섭하고 나섬을 비유적으로 이르는 말. &lt;동의 속담&gt; ‘남의 잔치[장/제사]에 감 놓아라 배 놓아라 한다’ ‘사돈네 제사에 가서 감 놓아라 배 놓아라 한다’ ‘사돈집 잔치에 감 놓아라 배 놓아라 한다’,peace,1,6,,608512,https://opendict.korean.go.kr/dictionary/view?sense_no=608512
사돈네 제사에 가서 감 놓아라 배 놓아라 한다,남의 일에 공연히 간섭하고 나섬을 비유적으로 이르는 말. &lt;동의 속담&gt; ‘남의 잔치[장/제사]에 감 놓아라 배 놓아라 한다’ ‘남의 일에 흥야항야한다’ ‘사돈집 잔치에 감 놓아라 배 놓아라 한다’,peace,1,6,,603975,https://opendict.korean.go.kr/dictionary/view?sense_no=603975
사돈집 잔치에 감 놓아라 배 놓아라 한다,남의 일에 공연히 간섭하고 나섬을 비유적으로 이르는 말. &lt;동의 속담&gt; ‘남의 잔치[장/제사]에 감 놓아라 배 놓아라 한다’ ‘남의 일에 흥야항야한다’ ‘사돈네 제사에 가서 감 놓아라 배 놓아라 한다’,peace,1,6,,604012,https://opendict.korean.go.kr/dictionary/view?sense_no=604012
되면 더 되고 싶다,"사람의 욕심은 끝이 없어 메울 수 없다는 뜻으로, 사람의 욕심이 한이 없음을 비유적으로 이르는 말. &lt;동의 속담&gt; ‘바다는 메워도 사람의 욕심은 못 채운다’",peace,1,3,sexual:gray,602397,https://opendict.korean.go.kr/dictionary/view?sense_no=602397
바다는 메워도 사람의 욕심은 못 채운다,"아무리 넓고 깊은 바다라도 메울 수는 있지만, 사람의 욕심은 끝이 없어 메울 수 없다는 뜻으로, 사람의 욕심이 한이 없음을 비유적으로 이르는 말. &lt;동의 속담&gt; ‘되면 더 되고 싶다’",peace,1,3,sexual:gray,610861,https://opendict.korean.go.kr/dictionary/view?sense_no=610861
욕심이 놀부 뺨쳐 먹겠다,"놀부를 능가할 욕심꾸러기라는 뜻으로, 욕심이 매우 많은 사람을 비유적으로 이르는 말.",peace,1,3,violent:gray,605283,https://opendict.korean.go.kr/dictionary/view?sense_no=605283
컴컴하고 욕심 많기는 회덕(懷德) 선생이라,"회덕에서 살았던 송시열이 욕심이 많았다는 데서, 겉으로는 점잖은 체하나 속마음은 엉큼하고 욕심 많은 사람을 이르는 말. 송시열을 중상하려는 사람들이 만들어 낸 말이다.",peace,1,3,sexual:gray,606511,https://opendict.korean.go.kr/dictionary/view?sense_no=606511
가는 토끼 잡으려다 잡은 토끼 놓친다,"다른 토끼도 잡겠다고 욕심을 부리던 나머지 잡은 토끼를 잘못 간수한 탓으로 놓친다는 뜻으로, 지나치게 욕심을 부리다가 이미 차지한 것까지 잃어버리게 됨을 비유적으로 이르는 말. &lt;동의 속담&gt; ‘산돼지를 잡으려다가 집돼지까지 잃는다’ ‘산토끼를 잡으려다가 집토끼를 놓친다’",peace,1,2,,600497,https://opendict.korean.go.kr/dictionary/view?sense_no=600497
돌강변에 내놓아도 살겠다,아무도 없는 돌강변에 내놓아도 살아갈 수 있는 생활력 강한 사람을 비유적으로 이르는 말.,peace,1,2,violent:gray,602313,https://opendict.korean.go.kr/dictionary/view?sense_no=602313
돌 꼭대기에 올려놓아도 굶어 죽지 않는다,"아무것도 없는 돌 꼭대기에 올려놓아도 혼자서 살아가겠다는 뜻으로, 생활력이 매우 강한 사람을 비유적으로 이르는 말.",peace,1,2,violent:gray,602304,https://opendict.korean.go.kr/dictionary/view?sense_no=602304
만사가 욕심대로라면 하늘에다 집도 짓겠다,무슨 일이나 욕심대로만 되지는 아니한다는 말.,peace,1,2,,602738,https://opendict.korean.go.kr/dictionary/view?sense_no=602738
산돼지는 칡뿌리를 노나 먹고 집돼지는 구정물을 노나 먹는다,"돼지와 같이 욕심 많은 짐승도 먹을 것을 나누어 먹는다는 뜻으로, 욕심 사나운 사람을 비꼬는 말.",peace,1,2,,604077,https://opendict.korean.go.kr/dictionary/view?sense_no=604077
산돼지를 잡으려다가 집돼지까지 잃는다,"산돼지를 잡겠다고 욕심을 부리던 나머지 집돼지를 잘못 간수한 탓으로 잃어버리게 되었다는 뜻으로, 지나치게 욕심을 부리다가 이미 차지한 것까지 잃어버리게 됨을 비유적으로 이르는 말. &lt;동의 속담&gt; ‘가는 토끼 잡으려다 잡은 토끼 놓친다’ ‘산토끼를 잡으려다가 집토끼를 놓친다’",peace,1,2,,604078,https://opendict.korean.go.kr/dictionary/view?sense_no=604078
산토끼를 잡으려다가 집토끼를 놓친다,"산토끼를 잡겠다고 욕심을 부리던 나머지 집토끼를 잘못 간수한 탓으로 잃어버리게 되었다는 뜻으로, 지나치게 욕심을 부리다가 이미 차지한 것까지 잃어버리게 됨을 비유적으로 이르는 말. &lt;동의 속담&gt; ‘산돼지를 잡으려다가 집돼지까지 잃는다’ ‘가는 토끼 잡으려다 잡은 토끼 놓친다’",peace,1,2,,611454,https://opendict.korean.go.kr/dictionary/view?sense_no=611454
욕심은 부엉이 같다,욕심이 매우 많음을 비유적으로 이르는 말.,peace,1,2,sexual:gray|violent:gray,605282,https://opendict.korean.go.kr/dictionary/view?sense_no=605282
욕심이 땅보다 두텁다,욕심이 매우 많음을 비유적으로 이르는 말.,peace,1,2,sexual:gray|violent:gray,605284,https://opendict.korean.go.kr/dictionary/view?sense_no=605284
욕심이 사람 죽인다,욕심이 너무 지나치면 사리를 분별하지 못하고 위태로운 일까지 거리낌없이 하게 됨을 비유적으로 이르는 말. &lt;동의 속담&gt; ‘허욕이 패가(敗家)라’,peace,1,2,violent:gray,605285,https://opendict.korean.go.kr/dictionary/view?sense_no=605285
욕심쟁이 메주 빚어 놓듯,"욕심꾸러기가 앞으로 다루기 힘들 것은 생각하지 아니하고 메주를 크게만 만든다는 뜻으로, 일의 전망은 생각지도 아니하고 덮어놓고 일을 크게 벌이는 경우를 비유적으로 이르는 말.",peace,1,2,,605286,https://opendict.korean.go.kr/dictionary/view?sense_no=605286
자비가 짚 벙거지,겉으로 자비로운 체하나 사실은 그렇지 못함을 이르는 말.,peace,1,2,,614202,https://opendict.korean.go.kr/dictionary/view?sense_no=614202
재산이 늘수록 욕심도 는다,재물에 대한 욕심은 재물이 많아질수록 더함을 이르는 말.,peace,1,2,,614219,https://opendict.korean.go.kr/dictionary/view?sense_no=614219
폭풍 전야의 바다는 고요하다,‘폭풍 전의 고요’의 북한 속담.,peace,1,2,,606654,https://opendict.korean.go.kr/dictionary/view?sense_no=606654
폭풍 전의 고요,무슨 변이 터지기 전에 잠깐 동안 고요함을 비유적으로 이르는 말.,peace,1,2,,606655,https://opendict.korean.go.kr/dictionary/view?sense_no=606655
허욕이 패가(敗家)라,욕심이 너무 지나치면 사리를 분별하지 못하고 위태로운 일까지 거리낌없이 하게 됨을 비유적으로 이르는 말. &lt;동의 속담&gt; ‘욕심이 사람 죽인다’,peace,1,2,violent:gray,606842,https://opendict.korean.go.kr/dictionary/view?sense_no=606842
개구멍에 망건 치기,"남에게 빼앗길 것을 두려워하여 막고 있다가 막던 그 물건까지 잃는다는 뜻으로, 되지도 아니할 일을 공연히 욕심만 내어 어리석게 시작하였다가 도리어 손해나 망신을 당함을 이르는 말.",peace,1,1,,600721,https://opendict.korean.go.kr/dictionary/view?sense_no=600721
게 잡아 물에 놓았다[넣는다],"힘들여 게를 잡아 가지고는 도로 물에 놓아준다는 뜻으로, 아무런 소득 없이 헛수고만 함을 이르는 말.",peace,1,1,,600927,https://opendict.korean.go.kr/dictionary/view?sense_no=600927
곰 가재 뒤듯[잡듯],"움직임이 둔한 곰이 개천 돌을 뒤쳐 가며 가재를 잡는다는 뜻으로, 급하다는데 느릿느릿 일을 하고 있거나 또는 침착하게 일하고 있음을 비유적으로 이르는 말.",peace,1,1,sexual:gray,607549,https://opendict.korean.go.kr/dictionary/view?sense_no=607549
공것이라면 말똥도 밤알같이 생각한다,공것이라면 무엇이나 욕심스럽게 차지하려 함을 비유적으로 이르는 말.,peace,1,1,,607589,https://opendict.korean.go.kr/dictionary/view?sense_no=607589
구럭의 게(도) 놓아주겠다[놔주겠다].,"잡아서 구럭에 넣어 둔 게도 놓치겠다는 뜻으로, 잃지 말고 고스란히 먹으라고 주는 것도 제 몫으로 찾아 먹지를 못함을 비유적으로 이르는 말.",peace,1,1,,601262,https://opendict.korean.go.kr/dictionary/view?sense_no=601262
구슬이 서 말이라도 꿰어야 보배(라),아무리 훌륭하고 좋은 것이라도 다듬고 정리하여 쓸모 있게 만들어 놓아야 값어치가 있음을 비유적으로 이르는 말. &lt;동의 속담&gt; ‘진주가 열 그릇이나 꿰어야 구슬’,peace,1,1,sexual:gray,607785,https://opendict.korean.go.kr/dictionary/view?sense_no=607785
군창 가는 배도 둘러 먹는다,뻔뻔스럽고 염치가 없어 제 욕심만 채우려 함을 비유적으로 이르는 말.,peace,1,1,violent:gray,601267,https://opendict.korean.go.kr/dictionary/view?sense_no=601267
굼벵이가 담벽을 뚫는다,하는 일에 진척이 없거나 매우 느림을 비유적으로 이르는 말.,peace,1,1,violent:gray,601298,https://opendict.korean.go.kr/dictionary/view?sense_no=601298
귀신도 빌면 듣는다,"귀신도 빌면 소원을 들어준다는 뜻으로, 누구나 자기에게 비는 자는 용서함을 비유적으로 이르는 말.",peace,1,1,,607886,https://opendict.korean.go.kr/dictionary/view?sense_no=607886
금정 놓아두니 여우가 지나간다,일이 낭패로 돌아감을 비유적으로 이르는 말.,peace,1,1,violent:gray,607565,https://opendict.korean.go.kr/dictionary/view?sense_no=607565
김 안 나는 숭늉이 더 뜨겁다,"물이 한창 끓고 있을 때면 김은 나지 않지만 가장 뜨거운 것처럼, 공연히 떠벌리는 사람보다도 가만히 침묵을 지키고 있는 사람이 더 무섭고 야무지다는 말. &lt;동의 속담&gt; ‘김 안 나는 숭늉이 덥다’",peace,1,1,violent:gray,607778,https://opendict.korean.go.kr/dictionary/view?sense_no=607778
김 안 나는 숭늉이 덥다,"물이 한창 끓고 있을 때면 김은 나지 않지만 가장 뜨거운 것처럼, 공연히 떠벌리는 사람보다도 가만히 침묵을 지키고 있는 사람이 더 무섭고 야무지다는 말. &lt;동의 속담&gt; ‘김 안 나는 숭늉이 더 뜨겁다’",peace,1,1,violent:gray,607779,https://opendict.korean.go.kr/dictionary/view?sense_no=607779
나무가 묵어야 쌀이 묵는다,땔나무를 여유 있게 쌓아 두고 사는 집이라야 양식도 많은 법이라는 말.,peace,1,1,,608169,https://opendict.korean.go.kr/dictionary/view?sense_no=608169
남의 고기 한 점이 내 고기 열 점보다 낫다,자기 것은 두고 욕심 사납게 남의 것을 공연히 탐냄을 비유적으로 이르는 말.,peace,1,1,,608440,https://opendict.korean.go.kr/dictionary/view?sense_no=608440
내 코가 석 자,내 사정이 급하고 어려워서 남을 돌볼 여유가 없음을 비유적으로 이르는 말. &lt;동의 속담&gt; ‘제 코가 석 자’,peace,1,1,sexual:gray,601812,https://opendict.korean.go.kr/dictionary/view?sense_no=601812
늙은 당나귀 콩 달라고 조른다,늙어 갈수록 일은 못하고 욕심만 많아짐을 비유적으로 이르는 말.,peace,1,1,,608946,https://opendict.korean.go.kr/dictionary/view?sense_no=608946
다람쥐 밤 까먹듯,욕심스럽게 잘 먹는 모양을 비유적으로 이르는 말.,peace,1,1,,608676,https://opendict.korean.go.kr/dictionary/view?sense_no=608676
닫는 사슴을 보고 얻은 토끼를 잃는다,지나치게 욕심을 부리다가 도리어 손해를 봄을 비유적으로 이르는 말. &lt;동의 속담&gt; ‘달아나는 노루 보고 얻은 토끼를 놓았다’,peace,1,1,,609209,https://opendict.korean.go.kr/dictionary/view?sense_no=609209
달아나는 노루 보고 얻은 토끼를 놓았다,지나치게 욕심을 부리다가 도리어 손해를 봄을 비유적으로 이르는 말. &lt;동의 속담&gt; ‘닫는 사슴을 보고 얻은 토끼를 잃는다’,peace,1,1,,609159,https://opendict.korean.go.kr/dictionary/view?sense_no=609159
돌쩌귀에 녹이 슬지 않는다,물건이나 재능 따위를 쓰지 아니하고 놓아두면 못 쓰게 되므로 항상 잘 활용하라는 말. &lt;동의 속담&gt; ‘홈통은 썩지 않는다’,peace,1,1,violent:gray,602348,https://opendict.korean.go.kr/dictionary/view?sense_no=602348
두더지 땅굴 파듯,일을 욕심스럽게 마구 해 대는 모습을 비유적으로 이르는 말.,peace,1,1,,609095,https://opendict.korean.go.kr/dictionary/view?sense_no=609095
뒷집 짓고 앞집 뜯어 내란다,사리(事理)는 제쳐 놓고 제 경우와 제 욕심만을 옳다고 한다는 말.,peace,1,1,,609672,https://opendict.korean.go.kr/dictionary/view?sense_no=609672
떼 꿩에 매 놓기,욕심을 많이 부리면 하나도 이루지 못함을 이르는 말.,peace,1,1,violent:gray,602576,https://opendict.korean.go.kr/dictionary/view?sense_no=602576
똥 묻은 개 쫓듯,어떤 부정적인 대상이 나타났을 때 여유를 주지 않고 마구 쫓아내는 모양을 비유적으로 이르는 말.,peace,1,1,sexual:gray,609518,https://opendict.korean.go.kr/dictionary/view?sense_no=609518
마당질 뒤의 쌀자루,우두커니 침묵만 지키고 있는 모습을 비유적으로 이르는 말.,peace,1,1,,610070,https://opendict.korean.go.kr/dictionary/view?sense_no=610070
마른논에 물 대기,일이 매우 힘들거나 힘들여 해 놓아도 성과가 없는 경우를 이르는 말. &lt;동의 속담&gt; ‘가문 논에 물 대기’,peace,1,1,violent:gray,602720,https://opendict.korean.go.kr/dictionary/view?sense_no=602720
말고기를 다 먹고 무슨 냄새 난다 한다,제 욕심을 채우고 나서 쓸데없는 불평을 함을 비유적으로 이르는 말.,peace,1,1,,602778,https://opendict.korean.go.kr/dictionary/view?sense_no=602778
말똥도 밤알처럼 생각한다,욕심에 눈이 어두워 매우 인색하게 굶을 놀림조로 이르는 말.,peace,1,1,sexual:gray|violent:gray,610088,https://opendict.korean.go.kr/dictionary/view?sense_no=610088
말똥을 놓아도 손맛이더라,비록 하찮은 것을 차리더라도 솜씨에 따라서 그 맛이 달라짐을 비유적으로 이르는 말.,peace,1,1,,610091,https://opendict.korean.go.kr/dictionary/view?sense_no=610091
말 타면 경마 잡히고 싶다,사람의 욕심이란 한이 없다는 말. &lt;동의 속담&gt; ‘말 타면 종 두고 싶다’,peace,1,1,,602765,https://opendict.korean.go.kr/dictionary/view?sense_no=602765
말 타면 종 두고 싶다,사람의 욕심이란 한이 없다는 말. &lt;동의 속담&gt; ‘말 타면 경마 잡히고 싶다’,peace,1,1,,602766,https://opendict.korean.go.kr/dictionary/view?sense_no=602766
먹고도 굶어 죽는다,욕심이 많은 사람을 이르는 말.,peace,1,1,violent:gray,610215,https://opendict.korean.go.kr/dictionary/view?sense_no=610215
먹을수록 냠냠한다,먹을수록 욕심이 나서 더욱더 먹고 싶어 함을 이르는 말.,peace,1,1,,610249,https://opendict.korean.go.kr/dictionary/view?sense_no=610249
메기 아가리 큰 대로 다 못 먹는다,욕심대로 모두 이루어지지는 않음을 비유적으로 이르는 말.,peace,1,1,sexual:gray,610075,https://opendict.korean.go.kr/dictionary/view?sense_no=610075
문둥이 콧구멍에 박힌 마늘씨도 파먹겠다,욕심이 사납고 남의 것을 탐내어 다랍게 구는 사람을 욕하는 말.,peace,1,1,,609952,https://opendict.korean.go.kr/dictionary/view?sense_no=609952
물고 놓은 범,"굶주린 범이 먹이를 일단 물었다가 채 먹지 못하고 놓아 버린 뒤에 속이 달아서 펄펄 뛴다는 뜻으로, 미련이 있어서 아주 단념을 하지 못함을 비유적으로 이르는 말.",peace,1,1,,610739,https://opendict.korean.go.kr/dictionary/view?sense_no=610739
미친 체하고 떡판에 엎드러진다,"성한 사람이 떡이 먹고 싶으니까 짐짓 미친 체하면서 떡판에 넘어진다는 뜻으로, 사리를 잘 알면서도 일부러 모르는 체하고 음흉하게 제 욕심을 부리는 경우를 비꼬는 말.",peace,1,1,sexual:gray,610529,https://opendict.korean.go.kr/dictionary/view?sense_no=610529
벼슬은 높이고 뜻은 낮추어라,높은 자리에 앉게 될수록 겸손해야 한다는 말. &lt;동의 속담&gt; ‘지위가 높을수록 마음은 낮추어 먹어야’,peace,1,1,sexual:gray,603491,https://opendict.korean.go.kr/dictionary/view?sense_no=603491
부처님 가운데[허리] 토막,"자비로운 부처의 가운데 부분과 같이 음흉하거나 요사스러운 마음이 전혀 없다는 뜻으로, 마음이 지나치게 어질고 순한 사람을 이르는 말.",peace,1,1,sexual:gray,603629,https://opendict.korean.go.kr/dictionary/view?sense_no=603629
부처님 궐(闕)이 나면 대(代)를 서겠네,"부처의 자리가 비면 대신 부처가 되겠다는 뜻으로, 겉으로는 자비로운 체하나 속은 음흉하고 탐욕스러운 경우를 이르는 말.",peace,1,1,sexual:gray,603631,https://opendict.korean.go.kr/dictionary/view?sense_no=603631
비는 놈한테 져야 한다,자기의 잘못을 뉘우치고 사과하는 사람은 용서하여야 함을 비유적으로 이르는 말.,peace,1,1,,611518,https://opendict.korean.go.kr/dictionary/view?sense_no=611518
비는 데는 무쇠도 녹는다,자기의 잘못을 잘 변명하고 사과하면 아무리 완고한 사람이라도 용서함을 비유적으로 이르는 말.,peace,1,1,,611519,https://opendict.korean.go.kr/dictionary/view?sense_no=611519
삶은 호박[무]에 이(도) 안 들 소리,"삶아 놓아서 물렁물렁한 호박[무]에 이빨이 안 들어갈 리가 없다는 뜻으로, 전혀 사리에 맞지 않는 말을 함을 비유적으로 이르는 말. &lt;동의 속담&gt; ‘여드레 삶은 호박에 도래송곳 안 들어갈 말이다’",peace,1,1,,611779,https://opendict.korean.go.kr/dictionary/view?sense_no=611779
선 수박의 꼭지를 도렸다,그냥 놓아두어도 좋을 것을 손을 대서 못 쓰게 만들었을 경우를 비유적으로 이르는 말.,peace,1,1,,612421,https://opendict.korean.go.kr/dictionary/view?sense_no=612421
설마가 사람 죽인다[잡는다],"그럴 리야 없을 것이라 마음을 놓거나 요행을 바라는 데에서 탈이 난다는 뜻으로, 요행을 바라지 말고 있을 수 있는 모든 것을 미리 예방해 놓아야 한다는 말.",peace,1,1,sexual:gray|violent:gray,604233,https://opendict.korean.go.kr/dictionary/view?sense_no=604233
손이 발이 되도록[되게] 빌다,허물이나 잘못을 용서하여 달라고 간절히 빎을 비유적으로 이르는 말.,peace,1,1,,612530,https://opendict.korean.go.kr/dictionary/view?sense_no=612530
솜씨는 관 밖에 내어놓아라,솜씨가 좋지 않고 재간이 없음을 놀림조로 이르는 말.,peace,1,1,sexual:gray,612283,https://opendict.korean.go.kr/dictionary/view?sense_no=612283
솥은 부엌에 걸고 절구는 헛간에 놓아라 한다,"솥과 절구 놓을 자리는 일정해서 누구나 다 알고 있는데 그것을 두고 이래라저래라 한다는 뜻으로, 누구나 다 알고 있는 일을 특별히 자기만 아는 것인 양 똑똑한 체하며 남에게 가르치려 듦을 비난조로 이르는 말.",peace,1,1,,612295,https://opendict.korean.go.kr/dictionary/view?sense_no=612295
숙인 머리는 베지 않는다,"항복하는 사람의 머리는 베지 않는다는 뜻으로, 잘못을 진실로 뉘우치는 사람은 관대히 용서함을 비유적으로 이르는 말.",peace,1,1,,604375,https://opendict.korean.go.kr/dictionary/view?sense_no=604375
심통이 놀부 같다,놀부와 같이 마음이 곱지 못하고 욕심이 많음을 이르는 말.,peace,1,1,sexual:gray,612751,https://opendict.korean.go.kr/dictionary/view?sense_no=612751
썩은 기둥 골 두고 서까래 갈아 댄다고 새집 되랴,어떤 사물에 있어서 낡은 근본은 그대로 놓아두고 사소한 것을 고치면 결코 개선되지 아니함을 비유적으로 이르는 말.,peace,1,1,,612908,https://opendict.korean.go.kr/dictionary/view?sense_no=612908
아는 체하지 말고 모르는 체하지 말라,사람은 언제나 겸손하고 솔직하여야 한다는 말.,peace,1,1,,604742,https://opendict.korean.go.kr/dictionary/view?sense_no=604742
야윈 말이 짐 탐한다,제격에 어울리지 않게 욕심을 냄을 비유적으로 이르는 말.,peace,1,1,,604890,https://opendict.korean.go.kr/dictionary/view?sense_no=604890
여드레 삶은 호박에 도래송곳 안 들어갈 말이다,"삶아 놓아서 물렁물렁한 호박에 송곳이 안 들어갈 리가 없다는 뜻으로, 전혀 사리에 맞지 않는 말을 함을 비유적으로 이르는 말. &lt;동의 속담&gt; ‘삶은 호박[무]에 이(도) 안 들 소리’",peace,1,1,,613271,https://opendict.korean.go.kr/dictionary/view?sense_no=613271
오입쟁이 제 욕심 채우듯,다른 사람의 처지는 조금도 생각하지 아니하고 저 하고 싶은 것만 하는 경우를 비유적으로 이르는 말.,peace,1,1,,613619,https://opendict.korean.go.kr/dictionary/view?sense_no=613619
옴딱지 떼고 비상 칠한다,"앓는 옴을 빨리 고치겠다는 욕심에 옴딱지를 떼고 비상을 칠하여 더욱 악화시킨다는 뜻으로, 일을 빨리 처리하려고 무리한 방법을 써서 일을 더욱 어렵게 만듦을 비유적으로 이르는 말.",peace,1,1,,605184,https://opendict.korean.go.kr/dictionary/view?sense_no=605184
일은 내 몫이 더 많아 보이고 먹을 것은 남의 것이 커 보인다,사람의 욕심이 끝없음을 비유적으로 이르는 말.,peace,1,1,sexual:gray,614118,https://opendict.korean.go.kr/dictionary/view?sense_no=614118
절하고 뺨 맞는 일 없다,누구한테나 겸손한 태도로 공대를 하면 남에게 봉변하지 않는다는 말. &lt;동의 속담&gt; ‘존대하고 뺨 맞지 않는다’,peace,1,1,,614416,https://opendict.korean.go.kr/dictionary/view?sense_no=614416
족제비 밥[밤] 탐하다 치어 죽는다,욕심 사납게 사욕을 채우다가 망함을 비유적으로 이르는 말.,peace,1,1,violent:gray,614913,https://opendict.korean.go.kr/dictionary/view?sense_no=614913
존대하고 뺨 맞지 않는다,누구한테나 겸손한 태도로 공대를 하면 남에게 봉변하지 않는다는 말. &lt;동의 속담&gt; ‘절하고 뺨 맞는 일 없다’,peace,1,1,,605918,https://opendict.korean.go.kr/dictionary/view?sense_no=605918
좁쌀 한 섬 두고 흉년 들기를 기다린다,남의 불행은 생각하지 아니하고 제 욕심만 채우려고 하는 못된 심보를 비유적으로 이르는 말.,peace,1,1,,614420,https://opendict.korean.go.kr/dictionary/view?sense_no=614420
죄짓고 못 산다,"죄를 지으면 불안과 가책으로 고통을 당하게 되므로 죄를 짓지 말며, 이미 지은 죄는 털어놓고 용서를 받아야 한다는 말.",peace,1,1,,614557,https://opendict.korean.go.kr/dictionary/view?sense_no=614557
죽은 사람 손에서 떡 빼앗아 먹겠다,몹시 욕심 사나움을 낮잡아 이르는 말.,peace,1,1,violent:gray,614828,https://opendict.korean.go.kr/dictionary/view?sense_no=614828
지위가 높을수록 뜻을 낮추랬다,높은 지위에 오를수록 욕심을 부리거나 야심을 가지지 말아야 한다는 말. &lt;동의 속담&gt; ‘지위가 높을수록 마음은 낮추어 먹어야’,peace,1,1,sexual:gray,615345,https://opendict.korean.go.kr/dictionary/view?sense_no=615345
지위가 높을수록 마음은 낮추어 먹어야,높은 자리에 앉게 될수록 겸손해야 한다는 말. &lt;동의 속담&gt; ‘벼슬은 높이고 뜻은 낮추어라’,peace,1,1,sexual:gray,615346,https://opendict.korean.go.kr/dictionary/view?sense_no=615346
진주가 열 그릇이나 꿰어야 구슬,아무리 훌륭하고 좋은 것이라도 다듬고 정리하여 쓸모 있게 만들어 놓아야 값어치가 있음을 비유적으로 이르는 말. &lt;동의 속담&gt; ‘구슬이 서 말이라도 꿰어야 보배(라)’,peace,1,1,sexual:gray,606177,https://opendict.korean.go.kr/dictionary/view?sense_no=606177
쫓겨 가다가 경치 보랴,절박한 경우를 당하여 딴생각을 할 여유가 없음을 이르는 말.,peace,1,1,sexual:gray,615232,https://opendict.korean.go.kr/dictionary/view?sense_no=615232
초상난 집에서 송장은 안 치고 팥죽 들어오는 것만 친다,"초상난 집에서 남이 쑤어다 주는 팥죽에만 정신이 팔려 죽은 사람 치울 생각을 못한다는 뜻으로, 맡은 직분에는 등한하고 욕심부터 채우는 경우를 비유적으로 이르는 말.",peace,1,1,violent:gray,615503,https://opendict.korean.go.kr/dictionary/view?sense_no=615503
칠석날 까치 대가리 같다,"칠월 칠석날 까마귀와 까치가 머리를 맞대어 오작교를 놓아서 견우와 직녀를 만나게 함으로써 머리털이 다 빠졌다는 이야기에서 나온 말로, 머리털이 빠져 성긴 모양을 비유적으로 이르는 말.",peace,1,1,,606521,https://opendict.korean.go.kr/dictionary/view?sense_no=606521
콩밭에 소 풀어 놓고도 할 말이 있다,"남의 콩밭에 소를 풀어놓아 온통 못 쓰게 만들어 놓고도 변명을 한다는 뜻으로, 잘못을 저지르고도 잘하였다고 구실을 늘어놓는 경우를 비유적으로 이르는 말.",peace,1,1,,606543,https://opendict.korean.go.kr/dictionary/view?sense_no=606543
큰 고기는 잡아 제 망태기에 넣는다,제 욕심부터 채움을 비유적으로 이르는 말.,peace,1,1,,615610,https://opendict.korean.go.kr/dictionary/view?sense_no=615610
토끼 둘을 잡으려다가 하나도 못 잡는다,욕심을 부려 한꺼번에 여러 가지 일을 하려 하면 그 가운데 하나도 이루지 못한다는 말.,peace,1,1,,615713,https://opendict.korean.go.kr/dictionary/view?sense_no=615713
평반에 물 담은 듯,안정되고 고요한 상태를 비유적으로 이르는 말.,peace,1,1,,606640,https://opendict.korean.go.kr/dictionary/view?sense_no=606640
한 알 까먹은 새도 날린다,"하나의 낟알을 까먹은 새도 쫓아 버린다는 뜻으로, 사소한 재물을 침범하는 것도 용서하지 말고 단호히 대처하라고 이르는 말.",peace,1,1,,615811,https://opendict.korean.go.kr/dictionary/view?sense_no=615811
허욕에 들뜨면 눈앞이 어둡다,헛된 욕심에 들뜨게 되면 사리를 제대로 판단할 수 없게 된다는 말. &lt;동의 속담&gt; ‘허욕에 들뜨면 한 치 앞도 못 본다’,peace,1,1,,606840,https://opendict.korean.go.kr/dictionary/view?sense_no=606840
허욕에 들뜨면 한 치 앞도 못 본다,헛된 욕심에 들뜨게 되면 사리를 제대로 판단할 수 없게 된다는 말. &lt;동의 속담&gt; ‘허욕에 들뜨면 눈앞이 어둡다’,peace,1,1,,606841,https://opendict.korean.go.kr/dictionary/view?sense_no=606841
호조 담을 뚫겠다,재물에 대한 욕심이 많아 이익이 있는 일이라면 형벌도 두려워하지 아니한다는 말.,peace,1,1,,606913,https://opendict.korean.go.kr/dictionary/view?sense_no=606913
홈통은 썩지 않는다,물건이나 재능 따위를 쓰지 아니하고 놓아두면 못 쓰게 되므로 항상 잘 활용하라는 말. &lt;동의 속담&gt; ‘돌쩌귀에 녹이 슬지 않는다’,peace,1,1,violent:gray,616428,https://opendict.korean.go.kr/dictionary/view?sense_no=616428
다라운 부자가 활수(滑手)한 빈자보다 낫다,"가난한 사람은 마음씨가 곱고 동정심이 많아도 남을 도와주기란 쉽지 않음에 비하여, 부자는 인색하여도 남는 것이 있어 없는 사람이 물질적 도움을 입을 수 있음을 이르는 말. &lt;동의 속담&gt; ‘인색한 부자가 손쓰는 가난뱅이보다 낫다’",relationship,5,5,sexual:gray|violent:gray,602038,https://opendict.korean.go.kr/dictionary/view?sense_no=602038
인색한 부자가 손쓰는 가난뱅이보다 낫다,"가난한 사람은 마음씨가 곱고 동정심이 많아도 남을 도와주기란 쉽지 않음에 비하여, 부자는 인색하여도 남는 것이 있어 없는 사람이 물질적 도움을 입을 수 있음을 이르는 말. &lt;동의 속담&gt; ‘다라운 부자가 활수(滑手)한 빈자보다 낫다’",relationship,5,5,sexual:gray|violent:gray,605532,https://opendict.korean.go.kr/dictionary/view?sense_no=605532
부모 명 잘 받드는 사람이 나라도 잘 받든다,부모를 위하고 가족과 고향을 사랑할 줄 아는 사람이라야 나라에도 충성을 할 수 있다는 말.,relationship,4,6,,611139,https://opendict.korean.go.kr/dictionary/view?sense_no=611139
선영 덕은 못 입어도 인심 덕은 입는다,"사람이란 조상의 덕은 입지 못해도 이웃 사람들의 고마운 덕은 입는다는 뜻으로, 죽은 조상에게 바랄 것이 아니라 이웃 간에 화목하고 서로 도와주는 의리를 지켜야 자신도 도움을 받는다는 말.",relationship,4,5,violent:gray,604204,https://opendict.korean.go.kr/dictionary/view?sense_no=604204
자식이 부모 사랑 절반만 해도 효자다,자식에 대한 부모의 사랑은 비할 수 없을 정도로 크다는 말. &lt;동의 속담&gt; ‘자식이 부모의 맘 반이면 효자 된다’,relationship,3,8,,605683,https://opendict.korean.go.kr/dictionary/view?sense_no=605683
자식이 부모의 맘 반이면 효자 된다,자식에 대한 부모의 사랑은 비할 수 없을 정도로 크다는 말. &lt;동의 속담&gt; ‘자식이 부모 사랑 절반만 해도 효자다’,relationship,3,8,,605684,https://opendict.korean.go.kr/dictionary/view?sense_no=605684
부모는 자식이 한 자만 하면 두 자로 보이고 두 자만 하면 석 자로 보인다,"부모는 자기 자식이 한 자만큼 자라면 두 자로 커 보이고 두 자만큼 자라면 석 자로 커 보인다는 뜻으로, 부모 된 사람은 제 자식이 좋게만 보임을 비유적으로 이르는 말.",relationship,3,7,,611149,https://opendict.korean.go.kr/dictionary/view?sense_no=611149
부모 속에는 부처가 들어 있고 자식 속에는 앙칼이 들어 있다,부모는 누구나 다 제 자식을 한없이 사랑하지만 자식들 가운데는 부모의 은덕을 저버리는 경우가 없지 아니함을 비유적으로 이르는 말.,relationship,3,7,violent:gray,611142,https://opendict.korean.go.kr/dictionary/view?sense_no=611142
먼 데 일가가 가까운 이웃만 못하다,"먼 곳에 사는 일가보다 가까운 곳에 사는 이웃이 낫다는 뜻으로, 가까운 곳에 있는 사람이 멀리 있는 사람보다 도움이 됨을 이르는 말. &lt;동의 속담&gt; ‘가까운 남이 먼 일가보다 낫다’ ‘먼 사촌보다 가까운 이웃이 낫다’ ‘먼 일가와 가까운 이웃’ ‘지척의 원수가 천 리의 벗보다 낫다’",relationship,3,6,,609977,https://opendict.korean.go.kr/dictionary/view?sense_no=609977
먼 사촌보다 가까운 이웃이 낫다,"먼 곳에 사는 사촌보다 가까운 곳에 사는 이웃이 낫다는 뜻으로, 가까운 곳에 있는 사람이 멀리 있는 사람보다 도움이 됨을 이르는 말. &lt;동의 속담&gt; ‘가까운 남이 먼 일가보다 낫다’ ‘먼 데 일가가 가까운 이웃만 못하다’ ‘먼 일가와 가까운 이웃’ ‘지척의 원수가 천 리의 벗보다 낫다’",relationship,3,6,,609979,https://opendict.korean.go.kr/dictionary/view?sense_no=609979
먼 일가와 가까운 이웃,"먼 곳에 사는 일가보다 가까운 곳에 사는 이웃이 낫다는 뜻으로, 가까운 곳에 있는 사람이 멀리 있는 사람보다 도움이 됨을 이르는 말. &lt;동의 속담&gt; ‘가까운 남이 먼 일가보다 낫다’ ‘먼 데 일가가 가까운 이웃만 못하다’ ‘먼 사촌보다 가까운 이웃이 낫다’ ‘지척의 원수가 천 리의 벗보다 낫다’",relationship,3,6,,609980,https://opendict.korean.go.kr/dictionary/view?sense_no=609980
미운 사람 고운 데 없고 고운 사람 미운 데 없다,"한번 밉게 보면 그 사람이 하는 일이 다 밉게만 보이고, 한번 좋게 보면 그 사람이 하는 일이 다 좋게만 보인다는 말. &lt;동의 속담&gt; ‘고운 사람 미운 데 없고 미운 사람 고운 데 없다’ ‘사랑하는 사람은 미움이 없고 미워하는 사람은 사랑이 없다’",relationship,3,6,,610963,https://opendict.korean.go.kr/dictionary/view?sense_no=610963
부모가 착해야 효자(가) 난다,"부모가 착하여야 자식도 부모를 따라 착한 사람이 된다는 뜻으로, 윗사람이 잘하여야 아랫사람도 잘함을 비유적으로 이르는 말.",relationship,3,6,,611146,https://opendict.korean.go.kr/dictionary/view?sense_no=611146
온통으로 생긴 놈 계집 자랑 반편으로 생긴 놈 자식 자랑,"큰 천치는 아내 자랑하는 사람이고 반 천치는 자식 자랑하는 사람이라는 뜻으로, 지나치게 사랑하여 눈이 어두워지는 경우를 경계하는 말. &lt;동의 속담&gt; ‘자식 추기 반미친놈 계집 추기 온미친놈’",relationship,3,6,sexual:gray,605155,https://opendict.korean.go.kr/dictionary/view?sense_no=605155
자식들은 평생 부모 앞에 죄짓고 산다,자식에 대한 부모의 사랑은 끝이 없고 지극하여 자식들이 그 은혜를 다 갚을 수 없음을 이르는 말.,relationship,3,6,sexual:gray,605663,https://opendict.korean.go.kr/dictionary/view?sense_no=605663
자식을 길러 봐야 부모 사랑을 안다,부모의 사랑은 자식이 그 끝을 다 알 수 없을 만큼 깊고 두터움을 이르는 말.,relationship,3,6,,605677,https://opendict.korean.go.kr/dictionary/view?sense_no=605677
자식 추기 반미친놈 계집 추기 온미친놈,"반 천치는 자식 자랑하는 사람이고 큰 천치는 아내 자랑하는 사람이라는 뜻으로, 지나치게 사랑하여 눈이 어두워지는 경우를 경계하는 말. &lt;동의 속담&gt; ‘온통으로 생긴 놈 계집 자랑 반편으로 생긴 놈 자식 자랑’",relationship,3,6,sexual:gray,605657,https://opendict.korean.go.kr/dictionary/view?sense_no=605657
가까운 남이 먼 일가보다 낫다,"가까운 곳에 있는 남이 먼 곳에 사는 일가보다 낫다는 뜻으로, 가까운 곳에 있는 사람이 멀리 있는 사람보다 도움이 됨을 이르는 말. &lt;동의 속담&gt; ‘먼 데 일가가 가까운 이웃만 못하다’ ‘먼 사촌보다 가까운 이웃이 낫다’ ‘먼 일가와 가까운 이웃’ ‘지척의 원수가 천 리의 벗보다 낫다’",relationship,3,5,,607026,https://opendict.korean.go.kr/dictionary/view?sense_no=607026
보금자리 사랑할 줄 모르는 새는 없다,"새조차도 제 보금자리를 극진히 사랑한다는 뜻으로, 사람은 누구나 자신의 가족과 가정을 사랑하고 소중히 여겨야 함을 이르는 말.",relationship,3,5,,611409,https://opendict.korean.go.kr/dictionary/view?sense_no=611409
부모와 자식 간에도 일이 사랑이다,"아무리 귀한 자식일지라도 일을 잘해야 곱게 보인다는 뜻으로, 일을 잘해야 사랑을 받는다는 것을 강조하여 이르는 말. &lt;동의 속담&gt; ‘삼대독자 외아들도 일해야 곱다’",relationship,3,5,,611150,https://opendict.korean.go.kr/dictionary/view?sense_no=611150
삼대독자 외아들도 일해야 곱다,"아무리 귀한 자식일지라도 일을 잘해야 곱게 보인다는 뜻으로, 일을 잘해야 사랑을 받는다는 것을 강조하여 이르는 말. &lt;동의 속담&gt; ‘부모와 자식 간에도 일이 사랑이다’",relationship,3,5,,604082,https://opendict.korean.go.kr/dictionary/view?sense_no=604082
오다가다 옷깃만 스쳐도 전세의 인연이다,"인간이 살면서 부딪치는 사소한 만남이라도 불가에서 말하는 전생의 인연에서 비롯된다는 뜻으로, 살면서 겪게 되는 사람들과의 만남을 소중하게 여겨야 한다는 말.",relationship,3,5,,605097,https://opendict.korean.go.kr/dictionary/view?sense_no=605097
자식 둔 부모 근심 놓을 날 없다,자식에 대한 부모의 사랑과 걱정은 끝이 없음을 이르는 말.,relationship,3,5,sexual:gray,605648,https://opendict.korean.go.kr/dictionary/view?sense_no=605648
자식은 낳기보다 키우기가 더 어렵다,부모가 자식을 낳는 일보다 자식을 키우고 훌륭한 사람이 되도록 하는 것이 더 힘들고 어렵다는 말.,relationship,3,5,,605664,https://opendict.korean.go.kr/dictionary/view?sense_no=605664
좋은 친구가 없는 사람은 뿌리 깊지 못한 나무와 같다,사람에게 좋은 친구가 없으면 위급한 때에 도움을 받지 못하고 잘못될 수 있으므로 좋은 친구를 많이 사귀는 것이 중요하다는 말.,relationship,3,5,,606007,https://opendict.korean.go.kr/dictionary/view?sense_no=606007
지척의 원수가 천 리의 벗보다 낫다,"가까운 곳에 있는 원수가 천 리나 떨어져 사는 벗보다 낫다는 뜻으로, 가까운 곳에 있는 사람이 멀리 있는 사람보다 도움이 됨을 이르는 말. &lt;동의 속담&gt; ‘가까운 남이 먼 일가보다 낫다’ ‘먼 데 일가가 가까운 이웃만 못하다’ ‘먼 사촌보다 가까운 이웃이 낫다’ ‘먼 일가와 가까운 이웃’",relationship,3,5,,615025,https://opendict.korean.go.kr/dictionary/view?sense_no=615025
병신 자식이 더 귀엽다,불구가 된 자식일수록 더욱더 부모의 사랑이 쏠리게 된다는 말.,relationship,3,4,,611162,https://opendict.korean.go.kr/dictionary/view?sense_no=611162
이웃이 사촌보다 낫다,"가까이 사는 이웃이 먼 곳에 사는 친족보다 좋다는 뜻으로, 자주 보는 사람이 정도 많이 들고 따라서 도움을 주고받기도 쉬움을 이르는 말.",relationship,3,4,,605421,https://opendict.korean.go.kr/dictionary/view?sense_no=605421
자식 둔 골[곳]에는 호랑이도 두남둔다,짐승도 자기 새끼를 사랑하여 그 새끼가 있는 곳을 살펴보는데 하물며 사람은 더 말할 것이 없다는 말. &lt;동의 속담&gt; ‘자식 둔 골은 호랑이[범]도 돌아본다’,relationship,3,4,,605646,https://opendict.korean.go.kr/dictionary/view?sense_no=605646
자식 둔 골은 호랑이[범]도 돌아본다,짐승도 자기 새끼를 사랑하여 그 새끼가 있는 곳을 살펴보는데 하물며 사람은 더 말할 것이 없다는 말. &lt;동의 속담&gt; ‘자식 둔 골[곳]에는 호랑이도 두남둔다’,relationship,3,4,,605647,https://opendict.korean.go.kr/dictionary/view?sense_no=605647
자식은 애물이라,사람이 자기가 소중하게 여기는 물건에 대하여 혹시 잘못되지 아니할까 하며 늘 걱정하는 것처럼 자식은 언제나 부모에게 걱정만 끼침을 비유적으로 이르는 말.,relationship,3,4,,605671,https://opendict.korean.go.kr/dictionary/view?sense_no=605671
작은 나무는 큰 나무 덕을 못 입어도 사람은 큰집 덕을 입는다,작은 나무는 큰 나무의 그늘에 가려 잘 자라지 못하지만 사람은 형제간에 아랫사람이 윗사람의 돌봄을 받으며 살아갈 수 있음을 비유적으로 이르는 말.,relationship,3,4,sexual:gray,614282,https://opendict.korean.go.kr/dictionary/view?sense_no=614282
굴뚝 보고 절한다,"빚에 쪼들리어 한밤중이나 이른 새벽에 도망가는 사람이 이웃 사람에게 인사는 할 수 없어 하는 수 없이 굴뚝을 보고 절하고서 도망간다는 뜻으로, 무엇을 피하여 몰래 달아남을 비유적으로 이르는 말.",relationship,3,3,violent:gray,607773,https://opendict.korean.go.kr/dictionary/view?sense_no=607773
꽃 본 나비 불을 헤아리랴,남녀 간의 정이 깊으면 죽음을 무릅쓰고서라도 찾아가서 함께 사랑을 나눔을 비유적으로 이르는 말.,relationship,3,3,sexual:gray|violent:gray,608250,https://opendict.korean.go.kr/dictionary/view?sense_no=608250
소나무가 무성하면 잣나무도 기뻐한다,가까운 동료나 친구 또는 자기편 사람이 잘되면 좋아한다는 말.,relationship,3,3,,612016,https://opendict.korean.go.kr/dictionary/view?sense_no=612016
심사는 좋아도 이웃집 불붙는 것 보고 좋아한다,원래 좋은 사람이라 할지라도 사람은 흔히 남의 불행을 좋아하는 경향이 있음을 비유적으로 이르는 말.,relationship,3,3,sexual:gray,612757,https://opendict.korean.go.kr/dictionary/view?sense_no=612757
아버지는 아들이 잘났다고 하면 기뻐하고 형은 아우가 더 낫다고 하면 노한다,형제간의 우애가 부모의 사랑을 따를 수 없음을 이르는 말.,relationship,3,3,sexual:gray,613079,https://opendict.korean.go.kr/dictionary/view?sense_no=613079
열 손가락 깨물어 다 아픈 중 새끼손가락이 제일 더 아프다,막냇자식에 대한 부모의 사랑이 각별함을 비유적으로 이르는 말.,relationship,3,3,,613438,https://opendict.korean.go.kr/dictionary/view?sense_no=613438
집안 망신은 며느리가[막냇자식이] 시킨다,제 집안 식구나 함께 생활하는 사람이 분수없이 처신하여 집단의 흠을 드러내게 된 경우를 비유적으로 이르는 말.,relationship,3,3,violent:gray,614941,https://opendict.korean.go.kr/dictionary/view?sense_no=614941
집안이 가난하면 어진 안해가 그립다,어려운 때일수록 도움을 받을 만한 능력 있는 사람이 생각남을 비유적으로 이르는 말.,relationship,3,3,,614944,https://opendict.korean.go.kr/dictionary/view?sense_no=614944
호랑이도 제 새끼를 곱다고 하면 물지 않는다,사람은 제 자식을 예쁘다고 하는 사람을 나쁘게 대하지 아니한다는 말. &lt;동의 속담&gt; ‘호랑이도 제 새끼를 사랑하면 좋아한다’,relationship,3,3,,616308,https://opendict.korean.go.kr/dictionary/view?sense_no=616308
호랑이도 제 새끼를 사랑하면 좋아한다,사람은 제 자식을 예쁘다고 하는 사람을 나쁘게 대하지 아니한다는 말. &lt;동의 속담&gt; ‘호랑이도 제 새끼를 곱다고 하면 물지 않는다’,relationship,3,3,,616309,https://opendict.korean.go.kr/dictionary/view?sense_no=616309
호랑이 제 새끼 안 잡아먹는다,사람이 제 자식을 사랑하는 것은 당연하다는 말.,relationship,3,3,,616287,https://opendict.korean.go.kr/dictionary/view?sense_no=616287
곡식은 남의 것이 잘되어 보이고 자식은 제 자식이 잘나 보인다,자식은 자기 자식이 잘나 보이고 재물은 남의 것이 더 좋아 보여 탐이 남을 이르는 말. &lt;동의 속담&gt; ‘자식은 내 자식이 커 보이고 벼는 남의 벼가 커 보인다’ ‘아이는 제 자식이 잘나 보이고 곡식은 남의 곡식이 잘되어 보인다’ ‘자식은 제 자식이 좋고 곡식은 남의 곡식이 좋다’,relationship,2,10,,601119,https://opendict.korean.go.kr/dictionary/view?sense_no=601119
아이는 제 자식이 잘나 보이고 곡식은 남의 곡식이 잘되어 보인다,자식은 자기 자식이 잘나 보이고 재물은 남의 것이 더 좋아 보여 탐이 남을 이르는 말. &lt;동의 속담&gt; ‘자식은 내 자식이 커 보이고 벼는 남의 벼가 커 보인다’ ‘곡식은 남의 것이 잘되어 보이고 자식은 제 자식이 잘나 보인다’ ‘자식은 제 자식이 좋고 곡식은 남의 곡식이 좋다’,relationship,2,10,,613031,https://opendict.korean.go.kr/dictionary/view?sense_no=613031
자식은 내 자식이 커 보이고 벼는 남의 벼가 커 보인다,자식은 자기 자식이 잘나 보이고 재물은 남의 것이 더 좋아 보여 탐이 남을 이르는 말. &lt;동의 속담&gt; ‘곡식은 남의 것이 잘되어 보이고 자식은 제 자식이 잘나 보인다’ ‘아이는 제 자식이 잘나 보이고 곡식은 남의 곡식이 잘되어 보인다’ ‘자식은 제 자식이 좋고 곡식은 남의 곡식이 좋다’,relationship,2,10,,605665,https://opendict.korean.go.kr/dictionary/view?sense_no=605665
자식은 제 자식이 좋고 곡식은 남의 곡식이 좋다,자식은 자기 자식이 잘나 보이고 재물은 남의 것이 더 좋아 보여 탐이 남을 이르는 말. &lt;동의 속담&gt; ‘자식은 내 자식이 커 보이고 벼는 남의 벼가 커 보인다’ ‘곡식은 남의 것이 잘되어 보이고 자식은 제 자식이 잘나 보인다’ ‘아이는 제 자식이 잘나 보이고 곡식은 남의 곡식이 잘되어 보인다’,relationship,2,10,,605674,https://opendict.korean.go.kr/dictionary/view?sense_no=605674
내리사랑은 있어도 치사랑은 없다,윗사람이 아랫사람을 사랑하기는 하여도 아랫사람이 윗사람을 사랑하기는 좀처럼 어렵다는 말. &lt;동의 속담&gt; ‘사랑은 내리사랑’,relationship,2,8,,601753,https://opendict.korean.go.kr/dictionary/view?sense_no=601753
하나는 열을 꾸려도 열은 하나를 못 꾸린다,자식이 많아도 부모는 잘 거느리고 살아가나 자식들은 그렇지 못하다는 말. &lt;동의 속담&gt; ‘한 부모는 열 자식을 거느려도 열 자식들은 한 부모를 못 거느린다’,relationship,2,7,,615962,https://opendict.korean.go.kr/dictionary/view?sense_no=615962
한 부모는 열 자식을 거느려도 열 자식들은 한 부모를 못 거느린다,자식이 많아도 부모는 잘 거느리고 살아가나 자식들은 그렇지 못하다는 말. &lt;동의 속담&gt; ‘하나는 열을 꾸려도 열은 하나를 못 꾸린다’,relationship,2,7,,615797,https://opendict.korean.go.kr/dictionary/view?sense_no=615797
귀여운 자식 매로 키운다,자식이 귀할수록 매로 때려서라도 버릇을 잘 가르쳐야 한다는 말. &lt;동의 속담&gt; ‘귀한 자식 매로 키워라’ ‘귀한 자식 매 한 대 더 때린다’ ‘사랑하는 자식일수록 매로 다스리라’,relationship,2,6,violent:gray,601375,https://opendict.korean.go.kr/dictionary/view?sense_no=601375
귀한 자식 매로 키워라,자식이 귀할수록 매로 때려서라도 버릇을 잘 가르쳐야 한다는 말. &lt;동의 속담&gt; ‘귀여운 자식 매로 키운다’ ‘귀한 자식 매 한 대 더 때린다’ ‘사랑하는 자식일수록 매로 다스리라’,relationship,2,6,violent:gray,601352,https://opendict.korean.go.kr/dictionary/view?sense_no=601352
귀한 자식 매 한 대 더 때린다,자식이 귀할수록 매로 때려서라도 버릇을 잘 가르쳐야 한다는 말. &lt;동의 속담&gt; ‘귀한 자식 매로 키워라’ ‘귀여운 자식 매로 키운다’ ‘사랑하는 자식일수록 매로 다스리라’,relationship,2,6,violent:gray,601350,https://opendict.korean.go.kr/dictionary/view?sense_no=601350
부모가 자식을 겉 낳았지 속 낳았나,"부모는 자식의 육체를 낳은 것이지 그의 사상이나 속마음을 낳은 것은 아니라는 뜻으로, 자기의 자식이라도 그 속에 품은 생각은 알 수 없음을 비유적으로 이르는 말. &lt;동의 속담&gt; ‘자식 겉 낳지 속은 못 낳는다’",relationship,2,6,sexual:gray,611145,https://opendict.korean.go.kr/dictionary/view?sense_no=611145
옷은 새 옷이 좋고 사람은 옛 사람이 좋다,물건은 새것이 좋고 사람은 오래 사귀어 서로를 잘 알고 정분이 두터워진 사람이 좋다는 말. &lt;동의 속담&gt; ‘사람은 헌[때 묻은] 사람이 좋고 옷은 새 옷이 좋다’ ‘옷은 새 옷이 좋고 임은 옛 임이 좋다’,relationship,2,6,,613800,https://opendict.korean.go.kr/dictionary/view?sense_no=613800
옷은 새 옷이 좋고 임은 옛 임이 좋다,물건은 새것이 좋고 사람은 오래 사귀어 서로를 잘 알고 정분이 두터워진 사람이 좋다는 말. &lt;동의 속담&gt; ‘옷은 새 옷이 좋고 사람은 옛 사람이 좋다’ ‘사람은 헌[때 묻은] 사람이 좋고 옷은 새 옷이 좋다’,relationship,2,6,,613801,https://opendict.korean.go.kr/dictionary/view?sense_no=613801
자식 겉 낳지 속은 못 낳는다,"부모는 자식의 육체를 낳은 것이지 그의 사상이나 속마음을 낳은 것은 아니라는 뜻으로, 자기의 자식이라도 그 속에 품은 생각은 알 수 없음을 비유적으로 이르는 말. &lt;동의 속담&gt; ‘부모가 자식을 겉 낳았지 속 낳았나’",relationship,2,6,sexual:gray,605642,https://opendict.korean.go.kr/dictionary/view?sense_no=605642
자식도 품 안에 들 때 내 자식이지,자식이 어렸을 때는 부모의 뜻을 따르지만 자라서는 제 뜻대로 행동하려 함을 비유적으로 이르는 말. &lt;동의 속담&gt; ‘품 안의 자식’ ‘품 안에 있어야 자식이라’,relationship,2,6,,605662,https://opendict.korean.go.kr/dictionary/view?sense_no=605662
자식은 수염이 허얘도 첫걸음마 떼던 어린애 같다,"부모에게는 자식이 아무리 나이를 많이 먹어도 늘 어린아이처럼 여겨진다는 뜻으로, 자식에 대하여 늘 마음을 놓지 못하고 걱정하는 부모의 심정을 이르는 말. &lt;동의 속담&gt; ‘자식이 여든 살이라도 세 살 적 버릇만 생각난다’",relationship,2,6,sexual:gray,605669,https://opendict.korean.go.kr/dictionary/view?sense_no=605669
자식이 여든 살이라도 세 살 적 버릇만 생각난다,"부모에게는 자식이 아무리 나이를 많이 먹어도 늘 어린아이처럼 여겨진다는 뜻으로, 자식에 대하여 늘 마음을 놓지 못하고 걱정하는 부모의 심정을 이르는 말. &lt;동의 속담&gt; ‘자식은 수염이 허얘도 첫걸음마 떼던 어린애 같다’",relationship,2,6,sexual:gray,605685,https://opendict.korean.go.kr/dictionary/view?sense_no=605685
품 안에 있어야 자식이라,자식이 어렸을 때는 부모의 뜻을 따르지만 자라서는 제 뜻대로 행동하려 함을 비유적으로 이르는 말. &lt;동의 속담&gt; ‘품 안의 자식’ ‘자식도 품 안에 들 때 내 자식이지’,relationship,2,6,,615909,https://opendict.korean.go.kr/dictionary/view?sense_no=615909
품 안의 자식,자식이 어렸을 때는 부모의 뜻을 따르지만 자라서는 제 뜻대로 행동하려 함을 비유적으로 이르는 말. &lt;동의 속담&gt; ‘자식도 품 안에 들 때 내 자식이지’ ‘품 안에 있어야 자식이라’,relationship,2,6,,615910,https://opendict.korean.go.kr/dictionary/view?sense_no=615910
맞는 자식보다 때리는 부모의 마음이 더 아프다,자식을 올바르게 이끌기 위하여 매를 때리는 부모의 마음은 매를 맞는 자식의 마음보다 훨씬 아프기 마련이라는 말.,relationship,2,5,sexual:gray|violent:gray,602807,https://opendict.korean.go.kr/dictionary/view?sense_no=602807
부모가 온효자 되어야 자식이 반효자,부모 성행(性行)이 좋아야 자식도 착하다는 말. &lt;동의 속담&gt; ‘부모가 착해야 효자(가) 난다’,relationship,2,5,,611144,https://opendict.korean.go.kr/dictionary/view?sense_no=611144
아비만 한 자식 없다,자식이 부모에게 아무리 잘해도 부모가 자식 생각하는 것만은 못함을 이르는 말.,relationship,2,5,,613175,https://opendict.korean.go.kr/dictionary/view?sense_no=613175
자기 자식에겐 팥죽 주고 의붓자식에겐 콩죽 준다,친자식은 사랑하나 의붓자식은 미워함을 콩쥐팥쥐 이야기에 비유하여 이르는 말.,relationship,2,5,violent:gray,605504,https://opendict.korean.go.kr/dictionary/view?sense_no=605504
자식 과년하면 부모가 반중매쟁이 된다,혼인할 시기를 놓친 자식을 둔 부모는 자식의 혼인을 위하여 이리저리 분주히 뛰어다니며 직접 짝을 찾게 된다는 말.,relationship,2,5,violent:gray,605644,https://opendict.korean.go.kr/dictionary/view?sense_no=605644
남의 자식 고운 데 없고 내 자식 미운 데 없다,자기 자식은 못생겨도 잘나 보이는 부모의 애정을 이르는 말.,relationship,2,4,,608517,https://opendict.korean.go.kr/dictionary/view?sense_no=608517
부모 배속에는 부처가 들어 있고 자식 배속에는 범이 들어 있다,‘부모 속에는 부처가 들어 있고 자식 속에는 앙칼이 들어 있다’의 북한 속담.,relationship,2,4,violent:gray,611140,https://opendict.korean.go.kr/dictionary/view?sense_no=611140
부모 상고에는 먼 산이 안 보이더니 자식이 죽으니 앞뒤가 다 안 보인다,부모가 돌아가셨을 때보다도 자식이 죽었을 때에 슬픔이 더 큼을 비유적으로 이르는 말.,relationship,2,4,violent:gray,611141,https://opendict.korean.go.kr/dictionary/view?sense_no=611141
세끼(를) 굶으면 쌀 가지고 오는 놈[사람] 있다,"사람이 양식이 떨어져 굶어 죽게 되면 도와주는 사람이 생기게 마련이라는 뜻으로, 사람이 아무리 어렵게 지내더라도 여간하여서는 굶어 죽지는 않음을 비유적으로 이르는 말. &lt;동의 속담&gt; ‘사흘 굶으면 양식 지고 오는 놈 있다’",relationship,2,4,sexual:gray|violent:gray,604324,https://opendict.korean.go.kr/dictionary/view?sense_no=604324
얼러 키운 후레자식,"부모가 어르기만 하면서 키워 버릇없는 자식이  되었다는 뜻으로, 버릇없이 제 욕심만 내세우고 아무 데도 쓸모없는 사람을 비유적으로 이르는 말. &lt;동의 속담&gt; ‘응석으로 자란 자식(이라)’",relationship,2,4,,613472,https://opendict.korean.go.kr/dictionary/view?sense_no=613472
예쁜 자식 매로 키운다,사랑하는 자식일수록 매를 대어 엄하게 키워야 한다는 말. &lt;동의 속담&gt; ‘고운 자식 매로 키운다’,relationship,2,4,violent:gray,613632,https://opendict.korean.go.kr/dictionary/view?sense_no=613632
응석으로 자란 자식(이라),"부모가 응석을 받아 주기만 하면서 키운 자식이라는 뜻으로, 버릇없이 제 욕심만 내세우고 아무 데도 쓸모없는 사람을 비유적으로 이르는 말. &lt;동의 속담&gt; ‘얼러 키운 후레자식’",relationship,2,4,,613702,https://opendict.korean.go.kr/dictionary/view?sense_no=613702
자식 둔 부모는 알 둔 새 같다,부모는 늘 자식의 신변을 걱정함을 이르는 말.,relationship,2,4,,605649,https://opendict.korean.go.kr/dictionary/view?sense_no=605649
자식은 시집 장가 보내 봐야 안다,자식의 부모에 대한 효성은 자식이 출가한 연후에야 비로소 알게 됨을 이르는 말.,relationship,2,4,,605670,https://opendict.korean.go.kr/dictionary/view?sense_no=605670
죽어서 상여 뒤에 따라와야 자식이다,친자식이라도 부모의 임종을 못하고 장례를 치르지 아니하면 자식이라 할 수 없다는 말.,relationship,2,4,violent:gray,614793,https://opendict.korean.go.kr/dictionary/view?sense_no=614793
친구의 망신은 곱사등이 시킨다,"곱사등이를 친구로 삼았다가 함께 망신을 당한다는 뜻으로, 못된 것과 함께 있다가 부정적 평가를 받음을 이르는 말.",relationship,2,4,sexual:gray,615650,https://opendict.korean.go.kr/dictionary/view?sense_no=615650
거지는 같이[함께] 다니지 않는다,"거지가 함께 몰려다니면 먹을 것을 얻기 힘들다는 데서, 구걸하는 사람이 많으면 서로 얻어먹기 어려움을 비유적으로 이르는 말.",relationship,2,3,,607271,https://opendict.korean.go.kr/dictionary/view?sense_no=607271
계집은 남의 것이 곱고 자식은 제 새끼가 곱다,자식에 대한 부모의 정은 더할 나위가 없음을 이르는 말.,relationship,2,3,sexual:gray,600962,https://opendict.korean.go.kr/dictionary/view?sense_no=600962
글 잘 쓰는 사람은 필묵을 탓하지[가리지] 않는다,능력이 있는 사람이나 능숙한 사람은 일을 하는 데 있어서 도구가 좋지 아니하더라도 잘한다는 말.,relationship,2,3,,607958,https://opendict.korean.go.kr/dictionary/view?sense_no=607958
글 잘하는 자식 낳지 말고 말 잘하는 자식 낳으랬다,학문에 능한 사람보다는 언변 좋은 사람이 처세에 유리함을 비유적으로 이르는 말. &lt;동의 속담&gt; ‘힘센 아이 낳지 말고 말 잘하는 아이 낳아라’,relationship,2,3,,607959,https://opendict.korean.go.kr/dictionary/view?sense_no=607959
눈먼 자식이 효자 노릇 한다,대수롭지 아니한 것이 도리어 도움이 됨을 비유적으로 이르는 말. &lt;동의 속담&gt; ‘병신 자식이 효도한다’,relationship,2,3,,601972,https://opendict.korean.go.kr/dictionary/view?sense_no=601972
도둑의 때는 벗어도 자식의 때는 못 벗는다,자식의 잘못은 어쩔 수 없이 부모가 책임져야 함을 비유적으로 이르는 말.,relationship,2,3,,609438,https://opendict.korean.go.kr/dictionary/view?sense_no=609438
동무 사나워 뺨 맞는다,성미가 좋지 않거나 손버릇이 나쁜 친구와 함께 있다가 남에게 추궁받는 서슬에 자기도 함께 욕을 당한다는 말.,relationship,2,3,,609032,https://opendict.korean.go.kr/dictionary/view?sense_no=609032
등걸이 없는 휘추리가 있나,부모가 있어야 자식이 있는 것이니 부모에게 효도하라는 말.,relationship,2,3,,609603,https://opendict.korean.go.kr/dictionary/view?sense_no=609603
백명선(白命善)의 헛문서,"옛날에 백명선이란 사람이 거짓 문서를 꾸며 남을 속이는 일이 심하였다는 데서, 남을 속이려는 거짓 서류 따위를 비유적으로 이르는 말.",relationship,2,3,,603389,https://opendict.korean.go.kr/dictionary/view?sense_no=603389
버릇 사나운 막내자식,흔히 막냇자식은 부모들이 귀엽다고 받자를 해서 키우기 때문에 버릇이 나빠지기 쉽다는 말.,relationship,2,3,,611230,https://opendict.korean.go.kr/dictionary/view?sense_no=611230
범도 새끼 둔 골을 두남둔다,"범과 같이 모진 짐승도 제 새끼를 두고 온 골은 힘써 도와주고 끔찍이 여긴다는 뜻으로, 비록 악인이라도 제 자식의 일은 늘 마음에 두고 생각하며 잘해 준다는 것을 비유적으로 이르는 말. &lt;동의 속담&gt; ‘범도 새끼 둔 골을 센다’ ‘호랑이도 자식 난 골에는 두남둔다’",relationship,2,3,sexual:gray,610461,https://opendict.korean.go.kr/dictionary/view?sense_no=610461
범도 새끼 둔 골을 센다,"범과 같이 모진 짐승도 제 새끼를 두고 온 골은 힘써 도와주고 끔찍이 여긴다는 뜻으로, 비록 악인이라도 제 자식의 일은 늘 마음에 두고 생각하며 잘해 준다는 것을 비유적으로 이르는 말. &lt;동의 속담&gt; ‘범도 새끼 둔 골을 두남둔다’ ‘호랑이도 자식 난 골에는 두남둔다’",relationship,2,3,sexual:gray,610463,https://opendict.korean.go.kr/dictionary/view?sense_no=610463
병신 자식이 효도한다,대수롭지 아니한 것이 도리어 도움이 됨을 비유적으로 이르는 말. &lt;동의 속담&gt; ‘눈먼 자식이 효자 노릇 한다’,relationship,2,3,,611163,https://opendict.korean.go.kr/dictionary/view?sense_no=611163
부모가 효자가 되여야 자식이 효자 된다,‘부모가 착해야 효자(가) 난다’의 북한 속담.,relationship,2,3,,611148,https://opendict.korean.go.kr/dictionary/view?sense_no=611148
부모의 은덕은 낳아서 기른 은덕이요 스승의 은덕은 가르쳐 사람 만든 은덕이라,훌륭한 사람이 되라고 가르쳐 준 스승의 은덕도 친부모의 은덕에 못지아니하게 귀중하다는 말.,relationship,2,3,,611151,https://opendict.korean.go.kr/dictionary/view?sense_no=611151
사람은 겪어 보아야 알고 물은 건너 보아야 안다,사람의 마음이란 겉으로 언뜻 보아서는 알 수 없으며 함께 오랫동안 지내보아야 알 수 있음을 이르는 말. &lt;동의 속담&gt; ‘사람은 지내봐야 안다’ ‘사람을 알자면 하루 길을 같이 가 보라’ ‘천 길 물속은 건너 보아야 알고 한 길 사람 속은 지내보아야 안다’,relationship,2,3,sexual:gray,611627,https://opendict.korean.go.kr/dictionary/view?sense_no=611627
사람은 남 어울림에 산다,"사람이란 본래 남들과 어울려 사귀는 맛에 산다는 뜻으로, 사람은 서로 어울리지 아니하고서는 살 수 없음을 이르는 말.",relationship,2,3,sexual:gray,611629,https://opendict.korean.go.kr/dictionary/view?sense_no=611629
산 (사람) 입에 거미줄 치랴,"거미가 사람의 입안에 거미줄을 치자면 사람이 아무것도 먹지 않아야 한다는 뜻으로, 아무리 살림이 어려워 식량이 떨어져도 사람은 그럭저럭 죽지 않고 먹고 살아가기 마련임을 비유적으로 이르는 말. &lt;동의 속담&gt; ‘사람이 굶어 죽으란 법은 없다’",relationship,2,3,violent:gray,611792,https://opendict.korean.go.kr/dictionary/view?sense_no=611792
새끼 많이[아홉] 둔 소 길마 벗을 날 없다,"새끼 많은 소는 일에서 벗어나 편히 쉴 사이가 없다는 뜻으로, 자식이 많은 부모는 자식을 먹여 키우기 위하여 쉴 새 없이 고생만 하게 됨을 비유적으로 이르는 말.",relationship,2,3,,604152,https://opendict.korean.go.kr/dictionary/view?sense_no=604152
새도 제 보금자리를 사랑한다,제가 사는 집이나 가정을 사랑하지 아니하는 사람은 아무도 없음을 비유적으로 이르는 말.,relationship,2,3,sexual:gray,604191,https://opendict.korean.go.kr/dictionary/view?sense_no=604191
서천에 경 가지러 가는 사람은 가고 장가들 사람은 장가든다,서로 같은 목적으로 동행하다가 갑자기 변하여 각자 자기 좋은 대로 행동하는 경우를 비유적으로 이르는 말.,relationship,2,3,,612220,https://opendict.korean.go.kr/dictionary/view?sense_no=612220
송도 계원(契員),낮은 지위나 작은 세력을 믿고 남을 멸시하는 사람을 비유적으로 이르는 말. 조선 시대 중신인 한명회가 송도에서 벼슬을 할 때 동료들이 친목계를 맺으면서 한명회는 미천하다고 계원으로 받아 주지 않았는데 그 뒤 한명회가 출세를 하여 높은 지위에 오르자 동료들이 크게 후회했다는 이야기에서 유래한 말이다.,relationship,2,3,,604377,https://opendict.korean.go.kr/dictionary/view?sense_no=604377
수박은 속을 봐야 알고 사람은 지내봐야 안다,수박은 쪼개서 속을 보아야 잘 익었는지 설익었는지 알 수 있고 사람은 함께 지내보아야 속마음이 어떠한지 알 수 있다는 말.,relationship,2,3,sexual:gray,612641,https://opendict.korean.go.kr/dictionary/view?sense_no=612641
시골 사람은 굶어도 보리밥을 굶지만 도시 사람은 굶어도 흰쌀밥을 굶는다,도시 사람이 시골 사람을 무시하고 천시함을 비유적으로 이르는 말.,relationship,2,3,,612329,https://opendict.korean.go.kr/dictionary/view?sense_no=612329
어미 모르는 병 열수(數) 가지를 앓는다,자식을 키우는 부모라도 그 자식의 속은 다 알기 어렵다는 말.,relationship,2,3,,613382,https://opendict.korean.go.kr/dictionary/view?sense_no=613382
열 사람이 지켜도 한 도둑놈을 못 막는다,여러 사람이 함께 살펴도 한 사람의 나쁜 짓을 못 막는다는 말.,relationship,2,3,,613425,https://opendict.korean.go.kr/dictionary/view?sense_no=613425
욕이 사랑,아끼는 사람을 욕하는 것은 훌륭한 사람이 되라는 뜻이 있으므로 사랑의 표시라는 말.,relationship,2,3,,613617,https://opendict.korean.go.kr/dictionary/view?sense_no=613617
자식 살리는 게 부모 구실에서 제일 큰 구실이다,아들딸 잘 키워 시집 장가 보내는 것이 부모의 가장 중요한 일임을 이르는 말.,relationship,2,3,,605651,https://opendict.korean.go.kr/dictionary/view?sense_no=605651
자식은 생물 장사,생선 장수나 과일 장수가 물건이 썩어 팔지 못하고 버리게 되는 것이 있을까 걱정하는 것처럼 자식으로 인하여 부모가 심하게 속을 썩는 경우를 이르는 말.,relationship,2,3,,605668,https://opendict.korean.go.kr/dictionary/view?sense_no=605668
자식을 낳기보다 부모 되기가 더 어렵다,자식을 잘 기르고 돌보는 것이 매우 어려운 일임을 비유적으로 이르는 말.,relationship,2,3,violent:gray,605679,https://opendict.korean.go.kr/dictionary/view?sense_no=605679
자식을 보기엔 아비만 한 눈이 없고 제자를 보기엔 스승만 한 눈이 없다,자식에 대해서는 부모가 가장 잘 알고 제자에 대해서는 스승이 가장 잘 알고 있다는 말.,relationship,2,3,,605681,https://opendict.korean.go.kr/dictionary/view?sense_no=605681
자식을 키우는 데 오만 자루의 품이 든다,자식을 키우는 데 부모의 공력이 헤아릴 수 없이 많이 든다는 말.,relationship,2,3,,605682,https://opendict.korean.go.kr/dictionary/view?sense_no=605682
자식 적은 사람은 근심도 적다,자식이 많을수록 걱정도 많음을 이르는 말.,relationship,2,3,sexual:gray,605655,https://opendict.korean.go.kr/dictionary/view?sense_no=605655
젊어서는 내외간밖에 없고 늙어서는 자식밖에 없다,젊었을 때는 부부간의 사랑과 정이 지극하여 그 이상의 것이 없는 것 같지만 늙으면 자식이 더욱 귀히 여겨진다는 말.,relationship,2,3,,614488,https://opendict.korean.go.kr/dictionary/view?sense_no=614488
정월 보름달을 먼저 보는 사람은 복을 많이 받는다,음력 정월 대보름날 저녁에 남보다 먼저 보름달이 떠오르는 것을 보는 사람은 그해에 복을 많이 받는다는 말. 서로 달맞이를 먼저 하려고 하던 옛 풍속과 함께 전하여 오는 말이다.,relationship,2,3,sexual:gray,605982,https://opendict.korean.go.kr/dictionary/view?sense_no=605982
죽은 자식이야 다 잘났지,죽은 자식은 하나같이 잘난 것같이 여겨 섭섭해하는 부모의 심정을 비유적으로 이르는 말.,relationship,2,3,violent:gray,614840,https://opendict.korean.go.kr/dictionary/view?sense_no=614840
짐승도 제 새끼는 사랑한다,짐승도 제 새끼를 사랑하는데 하물며 사람이야 오죽하겠느냐는 말.,relationship,2,3,violent:gray,606106,https://opendict.korean.go.kr/dictionary/view?sense_no=606106
천 길 물속은 건너 보아야 알고 한 길 사람 속은 지내보아야 안다,사람의 마음이란 겉으로 언뜻 보아서는 알 수 없으며 함께 오랫동안 지내보아야 알 수 있음을 이르는 말. &lt;동의 속담&gt; ‘사람은 지내봐야 안다’ ‘사람은 겪어 보아야 알고 물은 건너 보아야 안다’ ‘사람을 알자면 하루 길을 같이 가 보라’,relationship,2,3,sexual:gray,615243,https://opendict.korean.go.kr/dictionary/view?sense_no=615243
첫사랑에 할퀴는 격,"첫사랑을 하다가 배반을 당하고 봉변을 당하는 격이라는 뜻으로, 누구와 함께 처음으로 어떤 일을 재미있게 하다가 잘못되어 망신까지 당하게 됨을 비유적으로 이르는 말.",relationship,2,3,sexual:gray,606239,https://opendict.korean.go.kr/dictionary/view?sense_no=606239
친사돈이 못된 형제보다 낫다,사돈은 어려운 사이이기는 하나 곤란한 경우에 도움을 받아야 할 때는 제구실을 못하는 형제보다 낫다는 말.,relationship,2,3,,606430,https://opendict.korean.go.kr/dictionary/view?sense_no=606430
평양 황(黃) 고집이다,"옛날 평양에 황가 성을 가진 사람이 일이 있어 서울에 왔다가 친구의 초상을 만나 조문을 가게 되었는데, 이번은 친구의 조문을 하러 온 것이 아니라 하여 급히 평양으로 돌아갔다가 다시 올라와 조문을 하였다는 이야기에서 나온 말로, 완고하고 고집 센 사람을 이르는 말.",relationship,2,3,,616143,https://opendict.korean.go.kr/dictionary/view?sense_no=616143
한가마밥 먹은 사람이 한울음 운다,처지가 같고 같은 환경의 영향을 받은 사람은 뜻이나 행동이 서로 통한다는 말. &lt;동의 속담&gt; ‘한솥밥 먹은 사람이 한울음 운다’,relationship,2,3,sexual:gray,606707,https://opendict.korean.go.kr/dictionary/view?sense_no=606707
한솥밥 먹은 사람이 한울음 운다,처지가 같고 같은 환경의 영향을 받은 사람은 뜻이나 행동이 서로 통한다는 말. &lt;동의 속담&gt; ‘한가마밥 먹은 사람이 한울음 운다’,relationship,2,3,sexual:gray,606756,https://opendict.korean.go.kr/dictionary/view?sense_no=606756
호랑이도 자식 난 골에는 두남둔다,"호랑이와 같이 모진 짐승도 제 새끼를 낳았던 골은 힘써 도와주고 끔찍이 여긴다는 뜻으로, 비록 악인이라도 제 자식의 일은 늘 마음에 두고 생각하며 잘해 준다는 것을 비유적으로 이르는 말. &lt;동의 속담&gt; ‘범도 새끼 둔 골을 두남둔다’ ‘범도 새끼 둔 골을 센다’",relationship,2,3,sexual:gray,616305,https://opendict.korean.go.kr/dictionary/view?sense_no=616305
힘센 아이 낳지 말고 말 잘하는 아이 낳아라,힘만 센 사람보다는 언변 좋은 사람이 처세에 유리함을 비유적으로 이르는 말. &lt;동의 속담&gt; ‘글 잘하는 자식 낳지 말고 말 잘하는 자식 낳으랬다’,relationship,2,3,,616452,https://opendict.korean.go.kr/dictionary/view?sense_no=616452
거둥길 닦아 놓으니까 깍정이가[미친년이] 먼저 지나간다,간절히 기다리던 사람은 오지 않고 반갑지도 않은 사람이 나타나 기분을 망쳐 놓는 경우를 비유적으로 이르는 말. &lt;동의 속담&gt; ‘길 닦아 놓으니까 깍정이가[거지가/미친년이] 먼저 지나간다’ ‘치도하여 놓으니까 거지가 먼저 지나간다’,relationship,2,2,,600851,https://opendict.korean.go.kr/dictionary/view?sense_no=600851
검은 머리 가진 짐승은 구제 말란다,"사람을 도와주지 말라는 뜻으로, 사람이 은혜를 갚지 아니함을 핀잔하여 이르는 말. &lt;동의 속담&gt; ‘머리 검은 짐승은 남의 공을 모른다’",relationship,2,2,,600887,https://opendict.korean.go.kr/dictionary/view?sense_no=600887
게 새끼는 나면서 집는다,본성이 흉악한 사람은 어려서부터 남을 해친다는 말. &lt;동의 속담&gt; ‘게 새끼는 집고 고양이 새끼는 할퀸다’,relationship,2,2,,600925,https://opendict.korean.go.kr/dictionary/view?sense_no=600925
게 새끼는 집고 고양이 새끼는 할퀸다,본성이 흉악한 사람은 어려서부터 남을 해친다는 말. &lt;동의 속담&gt; ‘게 새끼는 나면서 집는다’,relationship,2,2,,600926,https://opendict.korean.go.kr/dictionary/view?sense_no=600926
구제할 것은 없어도 도둑 줄 것은 있다,남을 구제할 생각만 있다면 얼마간이라도 도와줄 것은 있다는 말.,relationship,2,2,,607636,https://opendict.korean.go.kr/dictionary/view?sense_no=607636
국수 잘하는 솜씨가 수제비 못 하랴,어떤 한 가지 일에 능숙한 사람은 그와 비슷한 다른 일도 잘한다는 말. &lt;동의 속담&gt; ‘수제비 잘하는 사람이 국수도 잘한다’,relationship,2,2,,607695,https://opendict.korean.go.kr/dictionary/view?sense_no=607695
군자 말년에 배추씨 장사,평생을 두고 남을 위하여 어질게 살아온 사람이 말년(末年)에 가서는 매우 어렵게 사는 경우를 비유적으로 이르는 말.,relationship,2,2,violent:gray,607797,https://opendict.korean.go.kr/dictionary/view?sense_no=607797
귀 막고 방울 도둑질한다[도적질하기],얕은수를 써서 남을 속이려 하나 거기에 속는 사람이 없음을 비유적으로 이르는 말.,relationship,2,2,sexual:gray,607678,https://opendict.korean.go.kr/dictionary/view?sense_no=607678
급한 새가 품 안으로 날아드는 것은 쫓지 않는다,막다른 지경에 이른 사람이 도움을 바랄 경우에는 물리쳐 버리지 않는 것이 인정임을 비유적으로 이르는 말.,relationship,2,2,,601455,https://opendict.korean.go.kr/dictionary/view?sense_no=601455
길 닦아 놓으니까 깍정이가[거지가/미친년이] 먼저 지나간다,간절히 기다리던 사람은 오지 않고 반갑지도 않은 사람이 나타나 기분을 망쳐 놓는 경우를 비유적으로 이르는 말. &lt;동의 속담&gt; ‘거둥길 닦아 놓으니까 깍정이가[미친년이] 먼저 지나간다’ ‘치도하여 놓으니까 거지가 먼저 지나간다’,relationship,2,2,,608083,https://opendict.korean.go.kr/dictionary/view?sense_no=608083
길이 멀면 말의 힘을 알고 날이 오래면 사람의 마음을 안다,사람은 오랫동안 함께 사귀고 지내보아야 그가 진짜 어떤 사람인지를 알 수 있음을 비유적으로 이르는 말.,relationship,2,2,sexual:gray,608095,https://opendict.korean.go.kr/dictionary/view?sense_no=608095
까마귀 안(을) 받아먹듯,"까마귀가 안갚음을 받는다는 데서, 늙은 부모가 자식의 지극한 효양을 받게 됨을 비유적으로 이르는 말.",relationship,2,2,sexual:gray,607831,https://opendict.korean.go.kr/dictionary/view?sense_no=607831
깨물어서 아프지 않은 손가락 없다,"열 손가락 중 어느 하나도 깨물어서 아프지 않은 손가락이 없듯이, 자식이 아무리 많아도 부모에게는 모두 소중하다는 말.",relationship,2,2,,607925,https://opendict.korean.go.kr/dictionary/view?sense_no=607925
꿩 새끼 제 길로 찾아든다,남의 자식을 애써 키워 봤자 끝내는 자기를 낳아 준 부모를 찾아감을 비유적으로 이르는 말.,relationship,2,2,,608386,https://opendict.korean.go.kr/dictionary/view?sense_no=608386
끼니 없는 놈에게 점심 의논,작은 걱정을 가진 사람이 큰 걱정을 가진 사람에게 도와달라고 하는 경우를 비유적으로 이르는 말.,relationship,2,2,,601566,https://opendict.korean.go.kr/dictionary/view?sense_no=601566
난봉자식이 마음잡아야 사흘이다,잘못을 고치고 착한 사람이 되겠다고 하는 결심을 오래 가지지 못함을 비유적으로 이르는 말.,relationship,2,2,sexual:gray,601703,https://opendict.korean.go.kr/dictionary/view?sense_no=601703
내 미워 기른 아기 남이 괸다,자기가 귀찮아하고 미워하면서 기른 자식을 오히려 남들이 사랑해 준다는 말.,relationship,2,2,,609001,https://opendict.korean.go.kr/dictionary/view?sense_no=609001
너무 뻗은 팔은 어깨로 찢긴다,지나치게 미리 손을 써서 남을 해치려다가는 도리어 실패하게 됨을 비유적으로 이르는 말.,relationship,2,2,violent:gray,601881,https://opendict.korean.go.kr/dictionary/view?sense_no=601881
널도깨비가 생도깨비를 잡아간다,관에 들어갈 정도로 골골 앓는 사람은 죽지 않고 오히려 건강한 사람이 먼저 죽었을 경우를 이르는 말.,relationship,2,2,violent:gray,601901,https://opendict.korean.go.kr/dictionary/view?sense_no=601901
네 아들 형제가 내 아들 하나만 못하다,"남의 아들 둘을 데려와도 내 아들 하나만 못하게 여긴다는 뜻으로, 자기 아들이 잘났다고 여기는 부모의 심정을 비유적으로 이르는 말.",relationship,2,2,,601874,https://opendict.korean.go.kr/dictionary/view?sense_no=601874
누구나 허물 없는 사람은 없다,"아무리 원만한 사람이라도 한두 가지 허물은 다 가지고 있다는 뜻으로, 대수롭지 않은 허물을 무슨 큰일처럼 말하지 말라는 말.",relationship,2,2,,608584,https://opendict.korean.go.kr/dictionary/view?sense_no=608584
달 밝은 밤이 흐린 낮만 못하다,"달이 아무리 밝다고 해도 흐린 낮보다 밝지는 못하다는 뜻으로, 자식의 효도가 남편이나 아내의 사랑보다는 못함을 비유적으로 이르는 말.",relationship,2,2,sexual:gray,609289,https://opendict.korean.go.kr/dictionary/view?sense_no=609289
당나귀 못된 것은 생원님만 업신여긴다,못된 사람일수록 윗사람이나 남을 격에 맞지 않게 깔봄을 비유적으로 이르는 말.,relationship,2,2,,602147,https://opendict.korean.go.kr/dictionary/view?sense_no=602147
"도둑놈은 한 죄, 잃은 놈은 열 죄","도둑은 물건을 훔친 죄 하나밖에 없으나 잃은 사람은 간수를 잘못한 일, 공연히 남을 의심한 일 따위의 여러 가지 죄를 짓게 됨을 비유적으로 이르는 말.",relationship,2,2,,602238,https://opendict.korean.go.kr/dictionary/view?sense_no=602238
독수공방에 유정 낭군 기다리듯,"홀로 빈방을 지키며 사랑하는 사람이 오기만을 기다린다는 뜻으로, 무엇인가를 간절히 바라는 모양을 비유적으로 이르는 말. &lt;동의 속담&gt; ‘독수공방에 정든 님 기다리듯’",relationship,2,2,,609033,https://opendict.korean.go.kr/dictionary/view?sense_no=609033
독수공방에 정든 님 기다리듯,"홀로 빈방을 지키며 사랑하는 사람이 오기만을 기다린다는 뜻으로, 무엇인가를 간절히 바라는 모양을 비유적으로 이르는 말. &lt;동의 속담&gt; ‘독수공방에 유정 낭군 기다리듯’",relationship,2,2,,609034,https://opendict.korean.go.kr/dictionary/view?sense_no=609034
돈 놓고는 못 웃어도 아이 놓고는 웃는다,"많은 재물을 가진 사람은 도둑을 걱정하여 웃을 수 없으나 아이를 가진 자는 그 재롱에 늘 웃을 수 있다는 뜻으로, 재물보다 자식이 더 소중하다는 말.",relationship,2,2,,609125,https://opendict.korean.go.kr/dictionary/view?sense_no=609125
동냥은 못 줘도 쪽박은 깨지 마라,남을 도와주지는 못할망정 방해는 하지 말라는 말.,relationship,2,2,,609166,https://opendict.korean.go.kr/dictionary/view?sense_no=609166
두절개 같다,돌보아 줄 사람이 너무 많아서 서로 미루는 바람에 도리어 하나도 도움을 못 받게 됨을 이르는 말.,relationship,2,2,,609682,https://opendict.korean.go.kr/dictionary/view?sense_no=609682
들을 이 짐작,옆에서 아무리 감언이설로 말을 늘어놓아도 듣는 사람은 자기 나름대로 짐작을 할 것이니 말한 그대로만 될 리는 없다는 말. &lt;동의 속담&gt; ‘열 사람이 백 말을 하여도 들을 이 짐작’,relationship,2,2,,609573,https://opendict.korean.go.kr/dictionary/view?sense_no=609573
딸자식 두면 경상도 도토리도 굴러온다,딸의 중매를 서려고 별의별 사람이 다 찾아든다는 말.,relationship,2,2,violent:gray,602664,https://opendict.korean.go.kr/dictionary/view?sense_no=602664
만장에 호래자식이 없나,많은 사람이 모인 가운데는 못된 사람도 있다는 말.,relationship,2,2,,602744,https://opendict.korean.go.kr/dictionary/view?sense_no=602744
머리 검은 짐승은 남의 공을 모른다,"사람을 도와주지 말라는 뜻으로, 사람이 은혜를 갚지 아니함을 핀잔하여 이르는 말. &lt;동의 속담&gt; ‘검은 머리 가진 짐승은 구제 말란다’",relationship,2,2,,609937,https://opendict.korean.go.kr/dictionary/view?sense_no=609937
먹기는 파발[발장]이 먹고 뛰기는 역마[파발마]가 뛴다,정작 애쓴 사람은 대가를 받지 못하고 딴 사람이 받는다는 말.,relationship,2,2,,610219,https://opendict.korean.go.kr/dictionary/view?sense_no=610219
명주옷은 사촌까지 덥다,가까운 사람이 부귀한 몸이 되면 그 도움이 일가에까지 미침을 이르는 말.,relationship,2,2,,602920,https://opendict.korean.go.kr/dictionary/view?sense_no=602920
무 밑동 같다,도와주는 사람이 없이 홑지고 외로운 처지임을 이르는 말.,relationship,2,2,,603045,https://opendict.korean.go.kr/dictionary/view?sense_no=603045
문전 나그네 흔연대접,어떤 신분의 사람이라도 자기를 찾아온 사람은 친절히 대접하라는 말.,relationship,2,2,,610896,https://opendict.korean.go.kr/dictionary/view?sense_no=610896
물속에서 사는 사람은 물 귀한 줄 모른다,물건을 흔하게 다루는 사람이 그것이 귀중한 줄 모름을 비유적으로 이르는 말.,relationship,2,2,,603121,https://opendict.korean.go.kr/dictionary/view?sense_no=603121
박달나무 그루에 싸리나무 가지가 돋아날 수 없다,"박달나무의 그루터기에서 싸리나무가 돋아날 수 없다는 뜻으로, 건강하고 튼튼한 부모에게서 연약한 자식이 태어날 수 없음을 비유적으로 이르는 말.",relationship,2,2,sexual:gray,603287,https://opendict.korean.go.kr/dictionary/view?sense_no=603287
밥 빌어다가 죽을 쑤어 먹을 놈[자식],"밥이 없어서 남한테 겨우 빌어다가는 그대로도 못 먹고 죽을 쑤어 먹을 사람이라는 뜻으로, 게으른 데다가 지견마저 없는 어리석은 사람을 비유적으로 이르는 말.",relationship,2,2,violent:gray,611074,https://opendict.korean.go.kr/dictionary/view?sense_no=611074
백 일 장마에도 하루만 더 비가 왔으면 한다,사람이 일기에 대하여 자기 본위로 생각하거나 요구한다는 말.,relationship,2,2,,610908,https://opendict.korean.go.kr/dictionary/view?sense_no=610908
범의 애비에 개 새끼,"아비는 용맹으로 이름을 떨치는 범인데 새끼는 보잘것없는 개 새끼에 지나지 않는다는 뜻으로, 부모들에 비하여 자식이 보잘것없음을 비유적으로 이르는 말.",relationship,2,2,sexual:gray,610489,https://opendict.korean.go.kr/dictionary/view?sense_no=610489
부조 안 한 나그네 제상 친다,도와주지도 아니하는 사람이 오히려 방해를 놓아서 일을 그르치게 만드는 경우를 비유적으로 이르는 말.,relationship,2,2,,603506,https://opendict.korean.go.kr/dictionary/view?sense_no=603506
불면 꺼질까 쥐면 터질까,어린 자녀를 애지중지하여 기르는 부모의 사랑을 비유적으로 이르는 말. &lt;동의 속담&gt; ‘쥐면 꺼질까 불면 날까’,relationship,2,2,,611292,https://opendict.korean.go.kr/dictionary/view?sense_no=611292
비가 오면 모종하듯 조상의 무덤을 이장해라,"못난 짓을 많이 하는 사람에게, 부모의 산소를 비 오는 날 모종하듯 다른 곳으로 옮겨 앞으로는 조상의 산소를 잘못 써서 못난 자식이 나는 일이 없도록 하라고 핀잔하는 말. &lt;동의 속담&gt; ‘비 오거든 산소모종을 내어라’",relationship,2,2,,603720,https://opendict.korean.go.kr/dictionary/view?sense_no=603720
비 오거든 산소모종을 내어라,"못난 짓을 많이 하는 사람에게, 부모의 산소를 비 오는 날 모종하듯 다른 곳으로 옮겨 앞으로는 조상의 산소를 잘못 써서 못난 자식이 나는 일이 없도록 하라고 핀잔하는 말. &lt;동의 속담&gt; ‘비가 오면 모종하듯 조상의 무덤을 이장해라’",relationship,2,2,,603706,https://opendict.korean.go.kr/dictionary/view?sense_no=603706
뺨 잘 때리기는 나막신 신은 깍정이라,"뺨 잘 때리기로는 나막신 신은 깍정이를 따라잡을 사람이 없다는 뜻으로, 되지 못하고 비열한 자가 도리어 잘난 체하며 남을 몹시 학대한다는 말.",relationship,2,2,violent:gray,611462,https://opendict.korean.go.kr/dictionary/view?sense_no=611462
사람 살 곳은 골골이 있다,아무리 어려운 환경에서도 도와주는 사람은 다 있다는 것을 비유적으로 이르는 말.,relationship,2,2,,611604,https://opendict.korean.go.kr/dictionary/view?sense_no=611604
살이 살을 먹고 쇠가 쇠를 먹는다,"동포 형제나 가까운 이웃, 친척끼리 서로 해치려 함을 비유적으로 이르는 말. &lt;동의 속담&gt; ‘쇠가 쇠를 먹고 살이 살을 먹는다’",relationship,2,2,,611733,https://opendict.korean.go.kr/dictionary/view?sense_no=611733
삼 년 굶은 놈이 제 떡 나무라지 않는다,"오랫동안 굶어서 허기진 사람은 제사에 쓸 떡조차 가릴 형편이 못 된다는 뜻으로, 사람이 궁한 처지에 이르게 되면 좋고 나쁜 것을 가리지 않음을 비유적으로 이르는 말.",relationship,2,2,sexual:gray,603990,https://opendict.korean.go.kr/dictionary/view?sense_no=603990
선병자 의(醫)라,어떤 일에 먼저 경험을 쌓은 사람이 남을 가르칠 수 있음을 비유적으로 이르는 말.,relationship,2,2,sexual:gray,604106,https://opendict.korean.go.kr/dictionary/view?sense_no=604106
소나무가 말라 죽으면 잣나무가 슬퍼한다,어떤 사람에게 불행한 일이 생기면 그와 가까운 사람이 함께 동정하며 서러워한다는 말.,relationship,2,2,violent:gray,612015,https://opendict.korean.go.kr/dictionary/view?sense_no=612015
손이 차가운 사람은 심장이 뜨겁다,감정이 풍부하고 열정을 지닌 사람이 겉으로 냉정한 태도를 취함을 비유적으로 이르는 말.,relationship,2,2,,612533,https://opendict.korean.go.kr/dictionary/view?sense_no=612533
솔잎이 버썩하니 가랑잎이 할 말이 없다,"버썩 소리를 낼 리 없는 솔잎이 버썩하니 버썩 소리를 잘 내는 가랑잎이 어이가 없어 아무 소리도 내지 못한다는 뜻으로, 자기보다 정도가 덜한 사람이 먼저 야단스럽게 떠들어 대니 정작 큰 걱정거리가 있는 사람은 너무나 어이가 없어 할 말이 없게 됨을 이르는 말.",relationship,2,2,,612543,https://opendict.korean.go.kr/dictionary/view?sense_no=612543
쇠가 쇠를 먹고 살이 살을 먹는다,"동포 형제나 가까운 이웃, 친척끼리 서로 해치려 함을 비유적으로 이르는 말. &lt;동의 속담&gt; ‘살이 살을 먹고 쇠가 쇠를 먹는다’",relationship,2,2,,612411,https://opendict.korean.go.kr/dictionary/view?sense_no=612411
수양산 그늘이 강동 팔십 리를 간다,"수양산 그늘진 곳에 아름답기로 유명한 강동 땅 팔십 리가 펼쳐졌다는 뜻으로, 어떤 한 사람이 크게 되면 친척이나 친구들까지 그 덕을 입게 됨을 비유적으로 이르는 말. &lt;동의 속담&gt; ‘인왕산 그늘이 강동 팔십 리 간다’",relationship,2,2,,604534,https://opendict.korean.go.kr/dictionary/view?sense_no=604534
수제비 잘하는 사람이 국수도 잘한다,어떤 한 가지 일에 능숙한 사람은 그와 비슷한 다른 일도 잘한다는 말. &lt;동의 속담&gt; ‘국수 잘하는 솜씨가 수제비 못 하랴’,relationship,2,2,,612234,https://opendict.korean.go.kr/dictionary/view?sense_no=612234
승냥이는 꿈속에서도 양 무리를 생각한다,남을 해치는 것에 익숙해진 사람은 늘 그런 생각만 함을 비유적으로 이르는 말.,relationship,2,2,,604512,https://opendict.korean.go.kr/dictionary/view?sense_no=604512
신작로 닦아 놓으니까 문둥이가 먼저 지나간다,기다리는 사람은 오지 아니하고 엉뚱한 사람이 오는 경우를 비유적으로 이르는 말.,relationship,2,2,,612801,https://opendict.korean.go.kr/dictionary/view?sense_no=612801
신축년에 남편 찾듯,"신축년에 큰 흉년으로 가족이 모두 흩어지고 떨어져서 서로 찾아다녔다는 데에서, 사람이나 물건을 여기저기 찾아다니는 모양을 비유적으로 이르는 말.",relationship,2,2,sexual:gray,604636,https://opendict.korean.go.kr/dictionary/view?sense_no=604636
아무리 없어도 딸 먹일 것과 쥐 먹일 것은 있다,시집간 딸에 대한 부모의 사랑이 매우 극진함을 이르는 말.,relationship,2,2,violent:gray,613087,https://opendict.korean.go.kr/dictionary/view?sense_no=613087
아이도 사랑하는 데로 붙는다,사람은 누구나 정을 많이 주는 쪽을 따르는 법임을 비유적으로 이르는 말.,relationship,2,2,,613034,https://opendict.korean.go.kr/dictionary/view?sense_no=613034
안광이 지배(紙背)를 뚫는다[철(徹)한다],"눈빛이 종이를 뚫는다는 뜻으로, 이해력이 뛰어남을 이르는 말.",relationship,2,2,,612931,https://opendict.korean.go.kr/dictionary/view?sense_no=612931
어미 팔아 동무 산다,사람은 누구나 친구가 있어야 한다는 말.,relationship,2,2,,613385,https://opendict.korean.go.kr/dictionary/view?sense_no=613385
얻어먹을 것도 사돈집[이웃집] 노랑 강아지 때문에 못 얻어먹는다,"구차하게 딱한 사정을 말하여 겨우 얻어먹게 되었는데 그만 사돈집의 노랑 강아지가 나타나서 주인이 그 개를 쫓아가는 바람에 아쉽게도 못 얻어먹게 되었다는 뜻으로, 자기가 하는 일에 쫓아다니면서 방해를 놓는 사람이 있어 하고 싶은 대로 하지 못함을 비유적으로 이르는 말.",relationship,2,2,,604905,https://opendict.korean.go.kr/dictionary/view?sense_no=604905
여럿의 말이 쇠도 녹인다,여러 사람이 함께 모여 의견을 합치면 쇠도 녹일 만큼 무서운 힘을 낼 수 있음을 비유적으로 이르는 말.,relationship,2,2,sexual:gray,604972,https://opendict.korean.go.kr/dictionary/view?sense_no=604972
열 사람이 백 말을 하여도 들을 이 짐작,옆에서 아무리 감언이설로 말을 늘어놓아도 듣는 사람은 자기 나름대로 짐작을 할 것이니 말한 그대로만 될 리는 없다는 말. &lt;동의 속담&gt; ‘들을 이 짐작’,relationship,2,2,,613424,https://opendict.korean.go.kr/dictionary/view?sense_no=613424
열 사위는 밉지 아니하여도 한 며느리가 밉다,사위는 사랑하고 며느리는 미워하는 사람이 많다는 말. &lt;동의 속담&gt; ‘열 사위 미운 데 없고 외며느리 고운 데 없다’,relationship,2,2,,613427,https://opendict.korean.go.kr/dictionary/view?sense_no=613427
열 사위 미운 데 없고 외며느리 고운 데 없다,사위는 사랑하고 며느리는 미워하는 사람이 많다는 말. &lt;동의 속담&gt; ‘열 사위는 밉지 아니하여도 한 며느리가 밉다’,relationship,2,2,,613426,https://opendict.korean.go.kr/dictionary/view?sense_no=613426
열 새끼 낳은 소 멍에 벗는 날이 없다,"소가 숱한 새끼를 낳았어도 일거리는 끊어지지 아니하여 어느 하루도 멍에를 벗지 못한다는 뜻으로, 자식을 많이 둔 사람이 편안할 날이 없고 고생만 하게 됨을 비유적으로 이르는 말.",relationship,2,2,,613428,https://opendict.korean.go.kr/dictionary/view?sense_no=613428
열의 한 술 밥,"열 사람이 한 술씩 보태서 밥 한 그릇을 만든다는 뜻으로, 여럿이 각각 조금씩 도와주어 큰 보탬이 됨을 비유적으로 이르는 말. &lt;동의 속담&gt; ‘열의 한 술 밥이 한 그릇 푼푼하다’ ‘열이 어울러 밥 찬 한 그릇’",relationship,2,2,,613452,https://opendict.korean.go.kr/dictionary/view?sense_no=613452
열의 한 술 밥이 한 그릇 푼푼하다,"열 사람이 한 술씩 보태서 밥 한 그릇을 만든다는 뜻으로, 여럿이 각각 조금씩 도와주어 큰 보탬이 됨을 비유적으로 이르는 말. &lt;동의 속담&gt; ‘열의 한 술 밥’ ‘열이 어울러 밥 찬 한 그릇’",relationship,2,2,,613453,https://opendict.korean.go.kr/dictionary/view?sense_no=613453
열이 어울러 밥 찬 한 그릇,"열 사람이 한 술씩 보태서 밥 한 그릇을 만든다는 뜻으로, 여럿이 각각 조금씩 도와주어 큰 보탬이 됨을 비유적으로 이르는 말. &lt;동의 속담&gt; ‘열의 한 술 밥이 한 그릇 푼푼하다’ ‘열의 한 술 밥’",relationship,2,2,,613454,https://opendict.korean.go.kr/dictionary/view?sense_no=613454
오달지기는 사돈네 가을 닭이다,사람이 지나치게 야무지고 실속 차리기에 급급하여서 사돈집 가을마당의 씨암탉 넘보듯이 예사로 남을 괴롭힌다는 말.,relationship,2,2,,613629,https://opendict.korean.go.kr/dictionary/view?sense_no=613629
울력걸음에 봉충다리,"여러 사람이 함께 걷는 경우에 절름발이도 덩달아 걸을 수 있다는 뜻으로, 여럿이 공동으로 하는 바람에 평소에 못하던 사람도 할 수 있게 됨을 비유적으로 이르는 말.",relationship,2,2,sexual:gray,605277,https://opendict.korean.go.kr/dictionary/view?sense_no=605277
원앙이 녹수(綠水)를 만났다,적합한 배필을 만남을 이르는 말.,relationship,2,2,,605299,https://opendict.korean.go.kr/dictionary/view?sense_no=605299
위로 진 물이 발등에 진다,"머리 위에 떨어진 물이 발등에 떨어진다는 뜻으로, 좋지 못한 짓을 하는 사람은 그 조상도 그렇기 때문이라는 말.",relationship,2,2,,613692,https://opendict.korean.go.kr/dictionary/view?sense_no=613692
의붓자식 소 팔러 보낸 것 같다,도무지 믿음성이 없어 마음이 안 놓임을 비유적으로 이르는 말.,relationship,2,2,sexual:gray,614029,https://opendict.korean.go.kr/dictionary/view?sense_no=614029
의붓자식 옷 해 준 셈,해 주어서 별 보람 없고 보답받지 못할 일을 남을 위하여 함을 비유적으로 이르는 말.,relationship,2,2,,614030,https://opendict.korean.go.kr/dictionary/view?sense_no=614030
이웃집 개도 부르면 온다,"미물인 개도 부르면 오는데 하물며 사람이 불렀는데도 왜 오지 않느냐는 뜻으로, 불러도 안 오는 사람을 꾸짖어 이르는 말.",relationship,2,2,,605404,https://opendict.korean.go.kr/dictionary/view?sense_no=605404
인왕산 그늘이 강동 팔십 리 간다,"인왕산 그늘진 곳에 아름답기로 유명한 강동 땅 팔십 리가 펼쳐졌다는 뜻으로, 어떤 한 사람이 크게 되면 친척이나 친구들까지 그 덕을 입게 됨을 비유적으로 이르는 말. &lt;동의 속담&gt; ‘수양산 그늘이 강동 팔십 리를 간다’",relationship,2,2,,614177,https://opendict.korean.go.kr/dictionary/view?sense_no=614177
잔병에 효자 없다,부모가 늘 잔병을 앓고 있으면 자식이 변함없이 효도하기가 쉽지 않다는 말.,relationship,2,2,,614448,https://opendict.korean.go.kr/dictionary/view?sense_no=614448
잔치엔 먹으러 가고 장사엔 보러 간다,"축하하여야 할 혼인 잔칫집에는 먹는 데만 신경을 쓰고, 위로하며 일을 도와주어야 할 초상집에서는 구경만 하는 야박한 인심을 이르는 말.",relationship,2,2,,614430,https://opendict.korean.go.kr/dictionary/view?sense_no=614430
잘 먹은 놈 껄껄하고 못 먹은 놈 툴툴한다,사람이 이해관계에 따라 다른 반응을 보임을 이르는 말.,relationship,2,2,,614242,https://opendict.korean.go.kr/dictionary/view?sense_no=614242
장미꽃에는 가시가 있다,사람이 겉으로 좋고 훌륭하여 보여도 남을 해롭게 할 수 있는 요소를 가지고 있어 상대편이 해를 입을 수 있음을 비유적으로 이르는 말.,relationship,2,2,sexual:gray,614502,https://opendict.korean.go.kr/dictionary/view?sense_no=614502
재주는 곰이 넘고 돈은 되놈[주인/호인]이 받는다,"수고하여 일한 사람은 따로 있고, 그 일에 대한 보수는 다른 사람이 받는다는 말.",relationship,2,2,,614172,https://opendict.korean.go.kr/dictionary/view?sense_no=614172
저승길도 벗이 있어야 좋다,어떤 역경 속에서도 함께 가는 사람이 있어야 마음이 든든하고 힘든 줄 모른다는 말.,relationship,2,2,sexual:gray,605689,https://opendict.korean.go.kr/dictionary/view?sense_no=605689
종을 부릴려면 주인이 먼저 종노릇해야 한다,남을 부리려면 부리는 사람이 미리 일의 속사정을 알기 위하여 힘을 들여야 한다는 말.,relationship,2,2,,615044,https://opendict.korean.go.kr/dictionary/view?sense_no=615044
쥐면 꺼질까 불면 날까,어린 자녀를 애지중지하여 기르는 부모의 사랑을 비유적으로 이르는 말. &lt;동의 속담&gt; ‘불면 꺼질까 쥐면 터질까’,relationship,2,2,,614970,https://opendict.korean.go.kr/dictionary/view?sense_no=614970
쥐 밑도 모르고 은서피(銀鼠皮) 값을 친다,아무것도 모르는 사람이 남을 평가하고 아는 체하며 상관하려 함을 비꼬는 말.,relationship,2,2,violent:gray,615159,https://opendict.korean.go.kr/dictionary/view?sense_no=615159
지네 발에 신 신긴다,"발 많은 지네 발에 신을 신기려면 힘이 드는 것처럼, 자식을 많이 둔 사람이 애를 쓴다는 말.",relationship,2,2,,606114,https://opendict.korean.go.kr/dictionary/view?sense_no=606114
참새가 아무리 떠들어도 구렁이는 움직이지 않는다,실력이 없고 변변치 아니한 무리들이 아무리 떠들어 대더라도 실력이 있는 사람은 이와 맞붙어 함께 다투지 아니한다는 말.,relationship,2,2,,615297,https://opendict.korean.go.kr/dictionary/view?sense_no=615297
천자문도 못 읽고 인 위조한다,"천자문도 못 배워서 글이라고는 전혀 모르는 사람이 가짜 도장을 진짜처럼 만드려고 한다는 뜻으로, 어리석고 무식한 주제에 남을 속이려는 경우를 비꼬는 말.",relationship,2,2,,606310,https://opendict.korean.go.kr/dictionary/view?sense_no=606310
청국장이 장이냐 거적문이 문이냐,못된 사람은 사람이라 할 수가 없고 좋지 아니한 물건은 물건이라 할 수 없다는 말.,relationship,2,2,,615415,https://opendict.korean.go.kr/dictionary/view?sense_no=615415
총 쏠 줄 모르는 사람은 총타발만 하다,일할 줄 모르는 사람이 객관적인 조건만 탓함을 비유적으로 이르는 말.,relationship,2,2,violent:gray,615393,https://opendict.korean.go.kr/dictionary/view?sense_no=615393
치도하여 놓으니까 거지가 먼저 지나간다,간절히 기다리던 사람은 오지 않고 반갑지도 않은 사람이 나타나 기분을 망쳐 놓는 경우를 비유적으로 이르는 말. &lt;동의 속담&gt; ‘길 닦아 놓으니까 깍정이가[거지가/미친년이] 먼저 지나간다’ ‘거둥길 닦아 놓으니까 깍정이가[미친년이] 먼저 지나간다’,relationship,2,2,,606384,https://opendict.korean.go.kr/dictionary/view?sense_no=606384
파고 세운 장나무,사람이나 일이 든든하여 믿음직스러운 경우를 비유적으로 이르는 말.,relationship,2,2,sexual:gray,615844,https://opendict.korean.go.kr/dictionary/view?sense_no=615844
한 말[소] 등에 두 길마를[안장을] 지울까,한 사람이 동시에 두 가지 일을 할 수 없다는 말. &lt;동의 속담&gt; ‘한 어깨에 두 지게 질까’,relationship,2,2,,615776,https://opendict.korean.go.kr/dictionary/view?sense_no=615776
한 어깨에 두 지게 질까,한 사람이 동시에 두 가지 일을 할 수 없다는 말. &lt;동의 속담&gt; ‘한 말[소] 등에 두 길마를[안장을] 지울까’,relationship,2,2,,615812,https://opendict.korean.go.kr/dictionary/view?sense_no=615812
해산한 데 개 잡기,"타인을 배려하지 아니하며 인정 없고, 몹시 심술궂은 사람을 이르는 말.",relationship,2,2,,606796,https://opendict.korean.go.kr/dictionary/view?sense_no=606796
혼인에 반간 노는 놈은 만장 가운데 총을 놓아 죽여라,"혼인에 훼방을 놓는 사람은 여러 사람이 보는 앞에서 총으로 쏘아 죽이라는 뜻으로, 인륜대사의 하나인 혼인을 절대로 방해하지 말라는 말.",relationship,2,2,violent:gray,616344,https://opendict.korean.go.kr/dictionary/view?sense_no=616344
홍두깨에 꽃이 핀다,뜻밖에 좋은 일을 만남을 이르는 말.,relationship,2,2,,616268,https://opendict.korean.go.kr/dictionary/view?sense_no=616268
활이야 살이야,"원래는 활터에서 사람이 다치지 아니하도록 접근을 막기 위하여 소리치던 말로, 남을 큰 소리로 오래 꾸짖어 야단침을 비유적으로 이르는 말.",relationship,2,2,violent:gray,616369,https://opendict.korean.go.kr/dictionary/view?sense_no=616369
활인들이 골마다 난다,어려운 사람을 구해 주고 도와주는 사람은 어느 곳에나 있다는 말.,relationship,2,2,violent:gray,606955,https://opendict.korean.go.kr/dictionary/view?sense_no=606955
도둑질한 사람은 오그리고 자고 도둑맞은 사람은 펴고 잔다,남에게 해를 입힌 사람은 마음이 불안하나 해를 입은 사람은 오히려 마음이 편하다는 말. &lt;동의 속담&gt; ‘때린 놈은 다릴 못 뻗고 자도 맞은 놈은 다릴 뻗고 잔다’ ‘때린 놈은 가로 가고 맞은 놈은 가운데로 간다’ ‘맞은 놈은 펴고 자고 때린 놈은 오그리고 잔다’ ‘친 사람은 다리 오그리고 자도 맞은 사람은 다리 펴고 잔다’,relationship,1,6,sexual:gray,602284,https://opendict.korean.go.kr/dictionary/view?sense_no=602284
때린 놈은 가로 가고 맞은 놈은 가운데로 간다,남에게 해를 입힌 사람은 마음이 불안하나 해를 입은 사람은 오히려 마음이 편하다는 말. &lt;동의 속담&gt; ‘때린 놈은 다릴 못 뻗고 자도 맞은 놈은 다릴 뻗고 잔다’ ‘도둑질한 사람은 오그리고 자고 도둑맞은 사람은 펴고 잔다’ ‘맞은 놈은 펴고 자고 때린 놈은 오그리고 잔다’ ‘친 사람은 다리 오그리고 자도 맞은 사람은 다리 펴고 잔다’,relationship,1,6,sexual:gray,609601,https://opendict.korean.go.kr/dictionary/view?sense_no=609601
때린 놈은 다릴 못 뻗고 자도 맞은 놈은 다릴 뻗고 잔다,남에게 해를 입힌 사람은 마음이 불안하나 해를 입은 사람은 오히려 마음이 편하다는 말. &lt;동의 속담&gt; ‘도둑질한 사람은 오그리고 자고 도둑맞은 사람은 펴고 잔다’ ‘때린 놈은 가로 가고 맞은 놈은 가운데로 간다’ ‘맞은 놈은 펴고 자고 때린 놈은 오그리고 잔다’ ‘친 사람은 다리 오그리고 자도 맞은 사람은 다리 펴고 잔다’,relationship,1,6,sexual:gray,609602,https://opendict.korean.go.kr/dictionary/view?sense_no=609602
맞은 놈은 펴고 자고 때린 놈은 오그리고 잔다,남에게 해를 입힌 사람은 마음이 불안하나 해를 입은 사람은 오히려 마음이 편하다는 말. &lt;동의 속담&gt; ‘때린 놈은 다릴 못 뻗고 자도 맞은 놈은 다릴 뻗고 잔다’ ‘도둑질한 사람은 오그리고 자고 도둑맞은 사람은 펴고 잔다’ ‘때린 놈은 가로 가고 맞은 놈은 가운데로 간다’ ‘친 사람은 다리 오그리고 자도 맞은 사람은 다리 펴고 잔다’,relationship,1,6,sexual:gray,602809,https://opendict.korean.go.kr/dictionary/view?sense_no=602809
제 부모 나쁘다고 내버리고 남의 부모 좋다고 내 부모라 할까,좋건 나쁘건 자기 부모가 남이 될 수 없고 남의 부모가 자기 부모가 될 수 없다는 말.,relationship,1,6,,614646,https://opendict.korean.go.kr/dictionary/view?sense_no=614646
친 사람은 다리 오그리고 자도 맞은 사람은 다리 펴고 잔다,남에게 해를 입힌 사람은 마음이 불안하나 해를 입은 사람은 오히려 마음이 편하다는 말. &lt;동의 속담&gt; ‘때린 놈은 다릴 못 뻗고 자도 맞은 놈은 다릴 뻗고 잔다’ ‘도둑질한 사람은 오그리고 자고 도둑맞은 사람은 펴고 잔다’ ‘때린 놈은 가로 가고 맞은 놈은 가운데로 간다’ ‘맞은 놈은 펴고 자고 때린 놈은 오그리고 잔다’,relationship,1,6,sexual:gray,615439,https://opendict.korean.go.kr/dictionary/view?sense_no=615439
남의 부모 공경이 제 부모 공경이다,"남의 부모를 위하고 존경하는 것은 곧 제 부모를 존경하고 위하는 일이 된다는 뜻으로, 남의 부모도 잘 위하고 존경하라는 말.",relationship,1,5,,608485,https://opendict.korean.go.kr/dictionary/view?sense_no=608485
며느리 사랑은 시아버지 사위 사랑은 장모,"흔히 며느리는 시아버지에게서 귀염을 받고, 사위는 장모에게 더 사랑을 받는다는 말. &lt;동의 속담&gt; ‘사위 사랑은 장모 며느리 사랑은 시아버지’ ‘장모는 사위가 곰보라도 예뻐하고 시아버지는 며느리가 뻐드렁니에 애꾸라도 예뻐한다’",relationship,1,5,,609956,https://opendict.korean.go.kr/dictionary/view?sense_no=609956
장모는 사위가 곰보라도 예뻐하고 시아버지는 며느리가 뻐드렁니에 애꾸라도 예뻐한다,"흔히 며느리는 시아버지에게서 귀염을 받고, 사위는 장모에게 더 사랑을 받는다는 말. &lt;동의 속담&gt; ‘며느리 사랑은 시아버지 사위 사랑은 장모’ ‘사위 사랑은 장모 며느리 사랑은 시아버지’",relationship,1,5,,605638,https://opendict.korean.go.kr/dictionary/view?sense_no=605638
제 부모 위하려면 남의 부모를 위해야 한다,자기 부모를 잘 섬기고 위하려면 부모가 남의 공대를 받을 수 있도록 저도 남의 부모를 잘 섬겨야 한다는 말.,relationship,1,5,,614647,https://opendict.korean.go.kr/dictionary/view?sense_no=614647
굿 못하는 무당 장구 타박한다,자기의 재간이 모자라는 것은 생각하지 아니하고 객관적인 조건만 탓함을 비유적으로 이르는 말. &lt;동의 속담&gt; ‘글 못한 놈 붓 고른다’ ‘글 잘 못 쓰는 사람은 붓 타박을 하고 농사 지을 줄 모르는 사람은 밭 타박을 한다’ ‘글 잘 못 쓰는 사람은 붓 타박을 하고 총 쏠 줄 모르는 사람은 총 타박을 한다’,relationship,1,4,violent:gray,601330,https://opendict.korean.go.kr/dictionary/view?sense_no=601330
글 못한 놈 붓 고른다,자기의 재간이 모자라는 것은 생각하지 아니하고 객관적인 조건만 탓함을 비유적으로 이르는 말. &lt;동의 속담&gt; ‘굿 못하는 무당 장구 타박한다’ ‘글 잘 못 쓰는 사람은 붓 타박을 하고 농사 지을 줄 모르는 사람은 밭 타박을 한다’ ‘글 잘 못 쓰는 사람은 붓 타박을 하고 총 쏠 줄 모르는 사람은 총 타박을 한다’,relationship,1,4,violent:gray,607953,https://opendict.korean.go.kr/dictionary/view?sense_no=607953
글 잘 못 쓰는 사람은 붓 타박을 하고 농사 지을 줄 모르는 사람은 밭 타박을 한다,자기의 재간이 모자라는 것은 생각하지 아니하고 객관적인 조건만 탓함을 비유적으로 이르는 말. &lt;동의 속담&gt; ‘굿 못하는 무당 장구 타박한다’ ‘글 못한 놈 붓 고른다’ ‘글 잘 못 쓰는 사람은 붓 타박을 하고 총 쏠 줄 모르는 사람은 총 타박을 한다’,relationship,1,4,violent:gray,607956,https://opendict.korean.go.kr/dictionary/view?sense_no=607956
글 잘 못 쓰는 사람은 붓 타박을 하고 총 쏠 줄 모르는 사람은 총 타박을 한다,자기의 재간이 모자라는 것은 생각하지 아니하고 객관적인 조건만 탓함을 비유적으로 이르는 말. &lt;동의 속담&gt; ‘굿 못하는 무당 장구 타박한다’ ‘글 못한 놈 붓 고른다’ ‘글 잘 못 쓰는 사람은 붓 타박을 하고 농사 지을 줄 모르는 사람은 밭 타박을 한다’,relationship,1,4,violent:gray,607957,https://opendict.korean.go.kr/dictionary/view?sense_no=607957
든 사람은 몰라도 난 사람은 안다,어떤 조직이나 단체 따위에 들어오는 사람은 눈에 잘 띄지 않아도 나간 사람은 곧 알아차릴 수 있다는 말.,relationship,1,4,,1416671,https://opendict.korean.go.kr/dictionary/view?sense_no=1416671
서경에 경 가지러 가는 사람은 가고 장가드는 사람은 장가든다,‘서천에 경 가지러 가는 사람은 가고 장가들 사람은 장가든다’의 북한 속담.,relationship,1,4,,604053,https://opendict.korean.go.kr/dictionary/view?sense_no=604053
세 닢 주고 집 사고 천 냥 주고 이웃 산다,집을 정할 때는 집 자체보다도 주위의 이웃을 더 신중히 가려서 정해야 함을 비유적으로 이르는 말. &lt;동의 속담&gt; ‘팔백 금으로 집을 사고 천 금으로 이웃을 산다’ ‘집을 사면 이웃을 본다’,relationship,1,4,,604325,https://opendict.korean.go.kr/dictionary/view?sense_no=604325
술친구는 친구가 아니다,술 마실 때에 같이 어울리는 친구는 참된 친구가 아니라는 말.,relationship,1,4,,604500,https://opendict.korean.go.kr/dictionary/view?sense_no=604500
인품이 좋으면 한 마당귀에 시아비가 아홉,"여자가 품성이 좋으면 욕심내는 사람이 많아서 시아비 될 사람이 마당에 가득하다는 뜻으로, 사람이 잘나서 따르는 사람이 많음을 비유적으로 이르는 말.",relationship,1,4,sexual:gray,605419,https://opendict.korean.go.kr/dictionary/view?sense_no=605419
집을 사면 이웃을 본다,집을 정할 때는 집 자체보다도 주위의 이웃을 더 신중히 가려서 정해야 함을 비유적으로 이르는 말. &lt;동의 속담&gt; ‘팔백 금으로 집을 사고 천 금으로 이웃을 산다’ ‘세 닢 주고 집 사고 천 냥 주고 이웃 산다’,relationship,1,4,,615066,https://opendict.korean.go.kr/dictionary/view?sense_no=615066
천금사랑은 없어도 일사랑은 있다,천금으로 남의 사랑을 억지로 살 수는 없지만 일을 잘하면 남의 사랑을 받게 되는 것임을 비유적으로 이르는 말.,relationship,1,4,,615496,https://opendict.korean.go.kr/dictionary/view?sense_no=615496
친구는 옛 친구가 좋고 옷은 새 옷이 좋다,친구는 오래 사귄 친구일수록 정이 두텁고 깊어서 좋다는 말.,relationship,1,4,,615649,https://opendict.korean.go.kr/dictionary/view?sense_no=615649
팔백 금으로 집을 사고 천 금으로 이웃을 산다,집을 정할 때는 집 자체보다도 주위의 이웃을 더 신중히 가려서 정해야 함을 비유적으로 이르는 말. &lt;동의 속담&gt; ‘세 닢 주고 집 사고 천 냥 주고 이웃 산다’ ‘집을 사면 이웃을 본다’,relationship,1,4,,606620,https://opendict.korean.go.kr/dictionary/view?sense_no=606620
고기도 먹어 본 사람이 많이 먹는다,무슨 일이든지 늘 하던 사람이 더 잘한다는 말. &lt;동의 속담&gt; ‘떡도 먹어 본 사람이 먹는다’,relationship,1,3,,607737,https://opendict.korean.go.kr/dictionary/view?sense_no=607737
귀신은 경문에[경에] 막히고 사람은 인정에 막힌다,사람은 인정이 있어서 사정하는 사람에게는 어쩔 수 없음을 비유적으로 이르는 말. &lt;동의 속담&gt; ‘사람은 인정에 막히고 귀신은 경문에 막힌다’,relationship,1,3,sexual:gray,607890,https://opendict.korean.go.kr/dictionary/view?sense_no=607890
다리가 의붓자식보다 낫다,성한 발이 있으면 여기저기 돌아다니며 구경도 할 수 있고 맛있는 음식도 먹을 수 있다는 말. &lt;동의 속담&gt; ‘발이 의붓자식[맏아들/효도 자식]보다 낫다’ ‘다리뼈가 맏아들이라’ ‘정강이가 맏아들보다 낫다’,relationship,1,3,sexual:gray,608977,https://opendict.korean.go.kr/dictionary/view?sense_no=608977
다리뼈가 맏아들이라,성한 발이 있으면 여기저기 돌아다니며 구경도 할 수 있고 맛있는 음식도 먹을 수 있다는 말. &lt;동의 속담&gt; ‘발이 의붓자식[맏아들/효도 자식]보다 낫다’ ‘다리가 의붓자식보다 낫다’ ‘정강이가 맏아들보다 낫다’,relationship,1,3,sexual:gray,602072,https://opendict.korean.go.kr/dictionary/view?sense_no=602072
도끼는 날을 달아 써도 사람은 죽으면 그만,물건은 다시 고쳐 쓸 수 있어도 사람은 생명을 다시 이어 살 수 없다는 말. &lt;동의 속담&gt; ‘도끼는 무디면 갈기나 하지 사람은 죽으면 다시 오지 못한다’ ‘도끼라 날 달아 쓸까’,relationship,1,3,violent:gray,602194,https://opendict.korean.go.kr/dictionary/view?sense_no=602194
도끼는 무디면 갈기나 하지 사람은 죽으면 다시 오지 못한다,물건은 다시 고쳐 쓸 수 있어도 사람은 생명을 다시 이어 살 수 없다는 말. &lt;동의 속담&gt; ‘도끼는 날을 달아 써도 사람은 죽으면 그만’ ‘도끼라 날 달아 쓸까’,relationship,1,3,violent:gray,602195,https://opendict.korean.go.kr/dictionary/view?sense_no=602195
도끼라 날 달아 쓸까,물건은 다시 고쳐 쓸 수 있어도 사람은 생명을 다시 이어 살 수 없다는 말. &lt;동의 속담&gt; ‘도끼는 날을 달아 써도 사람은 죽으면 그만’ ‘도끼는 무디면 갈기나 하지 사람은 죽으면 다시 오지 못한다’,relationship,1,3,violent:gray,602196,https://opendict.korean.go.kr/dictionary/view?sense_no=602196
"딸은 제 딸이 고와 보이고, 곡식은 남의 곡식이 탐스러워 보인다","자식은 남의 자식보다 제 자식이 나아 보이고, 물건은 남의 물건이 제 물건보다 좋아 보임을 이르는 말.",relationship,1,3,,609654,https://opendict.korean.go.kr/dictionary/view?sense_no=609654
떡도 먹어 본 사람이 먹는다,무슨 일이든지 늘 하던 사람이 더 잘한다는 말. &lt;동의 속담&gt; ‘고기도 먹어 본 사람이 많이 먹는다’,relationship,1,3,,602627,https://opendict.korean.go.kr/dictionary/view?sense_no=602627
무자식 상팔자,자식이 없는 것이 도리어 걱정이 없이 편하다는 말. &lt;동의 속담&gt; ‘자식 없는 것이 상팔자’,relationship,1,3,,609828,https://opendict.korean.go.kr/dictionary/view?sense_no=609828
발이 의붓자식[맏아들/효도 자식]보다 낫다,성한 발이 있으면 여기저기 돌아다니며 구경도 할 수 있고 맛있는 음식도 먹을 수 있다는 말. &lt;동의 속담&gt; ‘다리가 의붓자식보다 낫다’ ‘다리뼈가 맏아들이라’ ‘정강이가 맏아들보다 낫다’,relationship,1,3,sexual:gray,603281,https://opendict.korean.go.kr/dictionary/view?sense_no=603281
사람은 백지 한 장의 앞을 못 본다,"종이 한 장을 바른 방문에 불과하지만 방 안에 있는 사람은 문밖의 일을 알지 못한다는 뜻으로, 사람은 앞일에 대하여 한 치 앞도 알 수 없음을 비유적으로 이르는 말.",relationship,1,3,sexual:gray,611632,https://opendict.korean.go.kr/dictionary/view?sense_no=611632
상여 메는 사람이나 가마 메는 사람이나,"상여를 메나 가마를 메나 메는 사람이라는 점에서는 매한가지라는 뜻으로, 조금씩 차이는 있더라도 결국은 비슷비슷한 사람임을 비유적으로 이르는 말.",relationship,1,3,violent:gray,604195,https://opendict.korean.go.kr/dictionary/view?sense_no=604195
약 지으러 간 사람이 성복날에야 온다,"앓던 사람이 죽은 다음 삼 일이 지나 상제가 상복을 벗고 평상복으로 갈아입는 날에야 약을 지으러 갔던 사람이 돌아왔다는 뜻으로, 일이 늦어져서 쓸모없게 됨을 비유적으로 이르는 말.",relationship,1,3,sexual:gray|violent:gray,613148,https://opendict.korean.go.kr/dictionary/view?sense_no=613148
의붓어미가 티를 내는 것이 아니라 의붓자식이 티를 낸다,계모가 계모 티를 내며 의붓자식을 멀리하고 학대하는 것이 아니라 의붓자식이 계모를 멀리하는 것이라는 말.,relationship,1,3,,605493,https://opendict.korean.go.kr/dictionary/view?sense_no=605493
자식도 농사와 같다,"농사짓는 일처럼 자식을 키우는 일도 제때에 자식을 낳고, 낳은 후에는 각 시기에 알맞게 돌보는 정성이 필요함을 비유적으로 이르는 말.",relationship,1,3,,605660,https://opendict.korean.go.kr/dictionary/view?sense_no=605660
자식 떼고 돌아서는 어미는 발자국마다 피가 고인다,"자식을 떼어 버리고 돌아선 어머니는 걸음마다 피를 쏟으며 걷는다는 뜻으로, 어머니가 자식을 떼어 놓는 일이 매우 괴롭고 고통스러운 일임을 비유적으로 이르는 말.",relationship,1,3,sexual:gray|violent:gray,605650,https://opendict.korean.go.kr/dictionary/view?sense_no=605650
자식 없는 것이 상팔자,자식이 없는 것이 도리어 걱정이 없이 편하다는 말. &lt;동의 속담&gt; ‘무자식 상팔자’,relationship,1,3,,605652,https://opendict.korean.go.kr/dictionary/view?sense_no=605652
자식은 쪽박에 밤 주워 담듯 한다,"가난한 가정에서 자식이 많아 좁은 방에 들어앉은 꼴이 마치 쪽박에 밤을 담아 둔 것과 같다는 뜻으로, 가난한 집에 자식이 많음을 비유적으로 이르는 말.",relationship,1,3,sexual:gray,605675,https://opendict.korean.go.kr/dictionary/view?sense_no=605675
자식을 보기 전에 어머니를 보랬다,자식은 일반적으로 어머니 품에서 자라기 때문에 어머니의 품성을 닮으니 어머니를 보고 자식을 평가할 수 있음을 이르는 말.,relationship,1,3,sexual:gray,605680,https://opendict.korean.go.kr/dictionary/view?sense_no=605680
정강이가 맏아들보다 낫다,성한 발이 있으면 여기저기 돌아다니며 구경도 할 수 있고 맛있는 음식도 먹을 수 있다는 말. &lt;동의 속담&gt; ‘발이 의붓자식[맏아들/효도 자식]보다 낫다’ ‘다리가 의붓자식보다 낫다’ ‘다리뼈가 맏아들이라’,relationship,1,3,sexual:gray,614400,https://opendict.korean.go.kr/dictionary/view?sense_no=614400
제 사랑 제가 끼고 있다,저 하기에 따라서 사랑을 받을 수도 있고 미움을 받을 수도 있다는 말. &lt;동의 속담&gt; ‘제 사랑 제가 진다’,relationship,1,3,,614650,https://opendict.korean.go.kr/dictionary/view?sense_no=614650
제 사랑 제가 진다,저 하기에 따라서 사랑을 받을 수도 있고 미움을 받을 수도 있다는 말. &lt;동의 속담&gt; ‘제 사랑 제가 끼고 있다’,relationship,1,3,,614651,https://opendict.korean.go.kr/dictionary/view?sense_no=614651
죽은 이만 불쌍하지 산 사람은 제살이한다,"죽은 사람은 더 이상 한세상을 누릴 수 없으므로 불쌍하지만, 산 사람은 결국 제 살 궁리를 다하기 마련이며 아무리 고생스럽다고 하여도 죽은 사람에게 비할 바가 아니라는 말.",relationship,1,3,violent:gray,614835,https://opendict.korean.go.kr/dictionary/view?sense_no=614835
한 사람의 떡을 열이 본다,"한 사람이 가지고 있는 떡을 열 사람이 본다는 뜻으로, 한 가지 이익을 놓고 여러 사람이 노리고 있음을 비유적으로 이르는 말.",relationship,1,3,sexual:gray,615804,https://opendict.korean.go.kr/dictionary/view?sense_no=615804
힘센 아재비가 참는다,아랫사람이나 힘 약한 사람에게 억울하거나 모욕적인 일을 당하여도 윗사람이나 힘센 사람이 참아야 한다는 말.,relationship,1,3,,616453,https://opendict.korean.go.kr/dictionary/view?sense_no=616453
가래질도 세 사람이 한마음이 되여야 한다,"세 사람이 하는 가래질도 서로 마음이 맞아야 잘된다는 뜻으로, 무슨 일이나 그것을 하는 사람들이 서로 단합하여야 성과를 낸다는 말.",relationship,1,2,sexual:gray,600555,https://opendict.korean.go.kr/dictionary/view?sense_no=600555
감사 덕분에 비장 나리 호사한다,"윗사람 덕분에 아랫사람이 분에 넘치는 대접을 받는다는 뜻으로, 남의 덕분에 엉뚱한 사람이 호강함을 비유적으로 이르는 말.",relationship,1,2,,600672,https://opendict.korean.go.kr/dictionary/view?sense_no=600672
거지 옷[베 두루마기] 해 입힌 셈 친다,"거지에게 자선을 베풀어 새 옷을 한 벌 입혀 준 셈 친다는 뜻으로, 대가나 보답을 바라지 않고 자비를 베풀어 줌을 이르는 말.",relationship,1,2,,607256,https://opendict.korean.go.kr/dictionary/view?sense_no=607256
건더기 먹은 놈이나 국물 먹은 놈이나,잘 먹은 사람이나 못 먹은 사람이나 결과적으로 배고파지기는 마찬가지라는 말.,relationship,1,2,,600891,https://opendict.korean.go.kr/dictionary/view?sense_no=600891
"고생은 주야 고생이요, 호강은 주야 호강이라","고생하는 사람은 일마다 고생스럽고, 호강하는 사람은 일마다 호강스럽다는 말.",relationship,1,2,,607542,https://opendict.korean.go.kr/dictionary/view?sense_no=607542
고슴도치도 살 동무가[친구가] 있다,누구에게나 친하게 사귀고 지낼 친구가 있기 마련이라는 말.,relationship,1,2,,607462,https://opendict.korean.go.kr/dictionary/view?sense_no=607462
곡식과 사람은 가꾸기에 달렸다,곡식은 사람의 손이 많이 가고 부지런히 가꾸어야 잘되고 사람은 어려서부터 잘 가르치고 이끌어야 훌륭하게 된다는 말. &lt;동의 속담&gt; ‘사람과 곡식은 가꾸기에 달렸다’,relationship,1,2,,601117,https://opendict.korean.go.kr/dictionary/view?sense_no=601117
귀여운 애한테는 매채를 주고 미운 애한테는 엿을 준다,아이들 버릇을 잘 가르치기 위해서는 아이에게 당장 좋게만 해 주는 것이 오히려 해로움을 비유적으로 이르는 말. &lt;동의 속담&gt; ‘귀한 자식 매 한 대[개] 더 때리고 미운 자식 떡 한 개 더 준다’,relationship,1,2,violent:gray,601374,https://opendict.korean.go.kr/dictionary/view?sense_no=601374
귀한 그릇 쉬 깨진다,귀하게 태어난 사람이나 재주가 비상한 사람이 일찍 죽게 됨을 비유적으로 이르는 말.,relationship,1,2,violent:gray,601348,https://opendict.korean.go.kr/dictionary/view?sense_no=601348
귀한 자식 매 한 대[개] 더 때리고 미운 자식 떡 한 개 더 준다,아이들 버릇을 잘 가르치기 위해서는 아이에게 당장 좋게만 해 주는 것이 오히려 해로움을 비유적으로 이르는 말. &lt;동의 속담&gt; ‘귀여운 애한테는 매채를 주고 미운 애한테는 엿을 준다’,relationship,1,2,violent:gray,601351,https://opendict.korean.go.kr/dictionary/view?sense_no=601351
김칫국부터 마신다,해 줄 사람은 생각지도 않는데 미리부터 다 된 일로 알고 행동한다는 말. &lt;동의 속담&gt; ‘떡 줄 사람은 꿈도 안 꾸는데 김칫국부터 마신다’ ‘떡방아 소리 듣고 김칫국 찾는다’ ‘앞집 떡 치는 소리 듣고 김칫국부터 마신다’,relationship,1,2,,601516,https://opendict.korean.go.kr/dictionary/view?sense_no=601516
깊고 얕은 물은 건너 보아야 안다,"사람은 겉만 보고는 알 수 없으며, 서로 오래 겪어 보아야 알 수 있음을 이르는 말. &lt;동의 속담&gt; ‘물은 건너 보아야 알고 사람은 지내보아야 안다’ ‘대천 바다도 건너 봐야 안다’",relationship,1,2,sexual:gray,601488,https://opendict.korean.go.kr/dictionary/view?sense_no=601488
까치 발을 볶으면 도둑질한 사람이 말라 죽는다,물건을 잃어버린 사람이 훔친 사람을 대강 짐작하여 상대를 떠보는 말.,relationship,1,2,violent:gray,608101,https://opendict.korean.go.kr/dictionary/view?sense_no=608101
나무는 옮기면 죽고 사람은 (자리를) 옮겨야 산다,사람은 널리 활동하고 견문이 넓어야 큰일을 할 수 있음을 비유적으로 이르는 말.,relationship,1,2,sexual:gray|violent:gray,608171,https://opendict.korean.go.kr/dictionary/view?sense_no=608171
나무는 큰 나무의 덕을 못 보아도 사람은 큰사람의 덕을 본다,훌륭한 사람에게는 음으로나 양으로나 덕을 입게 됨을 비유적으로 이르는 말. &lt;동의 속담&gt; ‘사람은 키 큰 덕을 입어도 나무는 키 큰 덕을 못 입는다’,relationship,1,2,sexual:gray,608172,https://opendict.korean.go.kr/dictionary/view?sense_no=608172
나무 될 것은 떡잎 때부터 알아본다,잘될 사람은 어려서부터 남달리 장래성이 엿보인다는 말. &lt;동의 속담&gt; ‘잘 자랄 나무는 떡잎부터 안다[알아본다]’ ‘될성부른 나무는 떡잎부터 알아본다’ ‘용 될 고기는 모이 철부터 안다’ ‘푸성귀는 떡잎부터 알고 사람은 어렸을 때부터 안다’,relationship,1,2,,608163,https://opendict.korean.go.kr/dictionary/view?sense_no=608163
남을 물에 넣으려면 제가 먼저 물에 들어간다,남을 해하려 하면 자기가 먼저 그러한 일을 당함을 비유적으로 이르는 말.,relationship,1,2,,608434,https://opendict.korean.go.kr/dictionary/view?sense_no=608434
남의 일을 보아주려거든 삼 년 내 보아주어라,"남의 상가 일을 보아주려면 삼 년 제사까지 보아주라는 뜻으로, 남의 일을 도와주려거든 끝까지 도와주어야 함을 비유적으로 이르는 말.",relationship,1,2,,608514,https://opendict.korean.go.kr/dictionary/view?sense_no=608514
누이 찌꺼기 뒤처리는 오빠가 한다,"부모가 세상을 떠나면서 남기고 간 누이동생을 시집보내는 일을 오빠가 부모 대신 맡아서 한다는 뜻으로, 무슨 일을 물려받아 하게 됨을 비유적으로 이르는 말.",relationship,1,2,,608671,https://opendict.korean.go.kr/dictionary/view?sense_no=608671
대천 바다도 건너 봐야 안다,"사람은 겉만 보고는 알 수 없으며, 서로 오래 겪어 보아야 알 수 있음을 이르는 말. &lt;동의 속담&gt; ‘물은 건너 보아야 알고 사람은 지내보아야 안다’ ‘깊고 얕은 물은 건너 보아야 안다’",relationship,1,2,sexual:gray,602166,https://opendict.korean.go.kr/dictionary/view?sense_no=602166
될성부른 나무는 떡잎부터 알아본다,잘될 사람은 어려서부터 남달리 장래성이 엿보인다는 말. &lt;동의 속담&gt; ‘잘 자랄 나무는 떡잎부터 안다[알아본다]’ ‘나무 될 것은 떡잎 때부터 알아본다’ ‘용 될 고기는 모이 철부터 안다’ ‘푸성귀는 떡잎부터 알고 사람은 어렸을 때부터 안다’,relationship,1,2,,609410,https://opendict.korean.go.kr/dictionary/view?sense_no=609410
들은 귀는 천 년이요 한 입은 사흘이라,모진 말을 한 사람은 쉽게 잊고 말지만 그 말을 들은 사람은 쉽게 잊지 못하고 두고두고 상처를 받는다는 말.,relationship,1,2,,609570,https://opendict.korean.go.kr/dictionary/view?sense_no=609570
등겨 먹던 개는 들키고 쌀 먹던 개는 안 들킨다,크게 나쁜 일을 한 사람은 들키지 아니하고 그보다 덜한 죄를 지은 사람은 들키어서 애매하게 남의 허물까지 뒤집어쓰게 됨을 비유적으로 이르는 말. &lt;동의 속담&gt; ‘똥 먹던 강아지는 안 들키고 겨[재] 먹던 강아지는 들킨다’ ‘똥 싼 놈은 달아나고 방귀 뀐 놈만 잡혔다’,relationship,1,2,violent:gray,609594,https://opendict.korean.go.kr/dictionary/view?sense_no=609594
떡방아 소리 듣고 김칫국 찾는다,해 줄 사람은 생각지도 않는데 미리부터 다 된 일로 알고 행동한다는 말. &lt;동의 속담&gt; ‘떡 줄 사람은 꿈도 안 꾸는데 김칫국부터 마신다’ ‘김칫국부터 마신다’ ‘앞집 떡 치는 소리 듣고 김칫국부터 마신다’,relationship,1,2,,602660,https://opendict.korean.go.kr/dictionary/view?sense_no=602660
떡이 별 떡 있지 사람은 별사람 없다,떡의 종류는 많으나 사람은 크게 차이가 없다는 말.,relationship,1,2,,602634,https://opendict.korean.go.kr/dictionary/view?sense_no=602634
떡 줄 사람은 꿈도 안 꾸는데 김칫국부터 마신다,해 줄 사람은 생각지도 않는데 미리부터 다 된 일로 알고 행동한다는 말. &lt;동의 속담&gt; ‘김칫국부터 마신다’ ‘떡방아 소리 듣고 김칫국 찾는다’ ‘앞집 떡 치는 소리 듣고 김칫국부터 마신다’,relationship,1,2,,602617,https://opendict.korean.go.kr/dictionary/view?sense_no=602617
똥 먹던 강아지는 안 들키고 겨[재] 먹던 강아지는 들킨다,크게 나쁜 일을 한 사람은 들키지 아니하고 그보다 덜한 죄를 지은 사람은 들키어서 애매하게 남의 허물까지 뒤집어쓰게 됨을 비유적으로 이르는 말. &lt;동의 속담&gt; ‘등겨 먹던 개는 들키고 쌀 먹던 개는 안 들킨다’ ‘똥 싼 놈은 달아나고 방귀 뀐 놈만 잡혔다’,relationship,1,2,violent:gray,609515,https://opendict.korean.go.kr/dictionary/view?sense_no=609515
똥 싼 놈은 달아나고 방귀 뀐 놈만 잡혔다,크게 나쁜 일을 한 사람은 들키지 아니하고 그보다 덜한 죄를 지은 사람은 들키어서 애매하게 남의 허물까지 뒤집어쓰게 됨을 비유적으로 이르는 말. &lt;동의 속담&gt; ‘등겨 먹던 개는 들키고 쌀 먹던 개는 안 들킨다’ ‘똥 먹던 강아지는 안 들키고 겨[재] 먹던 강아지는 들킨다’,relationship,1,2,violent:gray,609526,https://opendict.korean.go.kr/dictionary/view?sense_no=609526
마소 새끼는 시골로 사람의 새끼는 서울로,"망아지와 송아지는 시골에서 길러야 하고, 사람은 어릴 때부터 서울로 보내어 공부를 하게 하여야 잘될 수 있다는 말. &lt;동의 속담&gt; ‘말은 나면 제주도로 보내고 사람은 나면 서울로 보내라’ ‘사람의 새끼는 서울로 보내고 마소 새끼는 시골[제주]로 보내라’",relationship,1,2,,602697,https://opendict.korean.go.kr/dictionary/view?sense_no=602697
마치가 가벼우면 못이 솟는다,윗사람이 위엄이 없으면 아랫사람이 순종하지 아니하고 반항하게 됨을 비유적으로 이르는 말. &lt;동의 속담&gt; ‘망치가 가벼우면 못이 솟는다’,relationship,1,2,,609665,https://opendict.korean.go.kr/dictionary/view?sense_no=609665
말은 나면 제주도로 보내고 사람은 나면 서울로 보내라,"망아지는 말의 고장인 제주도에서 길러야 하고, 사람은 어릴 때부터 서울로 보내어 공부를 하게 하여야 잘될 수 있다는 말. &lt;동의 속담&gt; ‘마소 새끼는 시골로 사람의 새끼는 서울로’ ‘사람의 새끼는 서울로 보내고 마소 새끼는 시골[제주]로 보내라’",relationship,1,2,,602772,https://opendict.korean.go.kr/dictionary/view?sense_no=602772
망치가 가벼우면 못이 솟는다,윗사람이 위엄이 없으면 아랫사람이 순종하지 아니하고 반항하게 됨을 비유적으로 이르는 말. &lt;동의 속담&gt; ‘마치가 가벼우면 못이 솟는다’,relationship,1,2,,602780,https://opendict.korean.go.kr/dictionary/view?sense_no=602780
매로 키운 자식이 효성 있다,잘되라고 매로 때리고 꾸짖어 키우면 그 자식도 커서 그 공을 알아 효도를 하게 된다는 말.,relationship,1,2,violent:gray,602838,https://opendict.korean.go.kr/dictionary/view?sense_no=602838
먹다 죽은 대장부나 밭갈이하다 죽은 소나,호의호식하던 사람이나 죽도록 일만 하고 고생한 사람이나 죽기는 매일반임을 이르는 말.,relationship,1,2,violent:gray,610231,https://opendict.korean.go.kr/dictionary/view?sense_no=610231
문 돌쩌귀에 불 나겠다,찾아오는 사람이 많거나 사람이 계속 쉴 새 없이 드나듦을 이르는 말.,relationship,1,2,,603085,https://opendict.korean.go.kr/dictionary/view?sense_no=603085
물은 건너 보아야 알고 사람은 지내보아야 안다,"사람은 겉만 보고는 알 수 없으며, 서로 오래 겪어 보아야 알 수 있음을 이르는 말. &lt;동의 속담&gt; ‘깊고 얕은 물은 건너 보아야 안다’ ‘대천 바다도 건너 봐야 안다’",relationship,1,2,sexual:gray,610619,https://opendict.korean.go.kr/dictionary/view?sense_no=610619
미련한 사람이 범[곰] 잡는다,"무엇이 무서운지도 모르는 미련한 사람이 범과 같은 짐승을 잡는다는 뜻으로, 우둔한 자가 어쩌다 큰일을 함을 비유적으로 이르는 말.",relationship,1,2,,610269,https://opendict.korean.go.kr/dictionary/view?sense_no=610269
미운 자식 밥 많이 먹인다,미울수록 더 친절히 하고 생각하는 체라도 하여야 저편의 감정을 상하지 않고 후환도 없다는 말. &lt;동의 속담&gt; ‘미운 자식 밥으로 키운다’,relationship,1,2,,610969,https://opendict.korean.go.kr/dictionary/view?sense_no=610969
미운 자식 밥으로 키운다,미울수록 더 친절히 하고 생각하는 체라도 하여야 저편의 감정을 상하지 않고 후환도 없다는 말. &lt;동의 속담&gt; ‘미운 자식 밥 많이 먹인다’,relationship,1,2,,610971,https://opendict.korean.go.kr/dictionary/view?sense_no=610971
범 없는 골에 토끼가 스승이라,뛰어난 사람이 없는 곳에서 보잘것없는 사람이 득세함을 비유적으로 이르는 말. &lt;동의 속담&gt; ‘호랑이 없는 골에 토끼가 왕 노릇 한다’ ‘사자 없는 산에 토끼가 왕[대장] 노릇 한다’ ‘호랑이 없는 동산에 토끼가 선생 노릇 한다’ ‘혼자 사는 동네 면장이 구장’,relationship,1,2,,610449,https://opendict.korean.go.kr/dictionary/view?sense_no=610449
봄 소나기 삼 형제,‘소나기 삼 형제’의 북한 속담.,relationship,1,2,,611268,https://opendict.korean.go.kr/dictionary/view?sense_no=611268
부모가 반팔자,어떤 부모에게서 태어나느냐 하는 것이 사람의 운명을 결정하는 중요한 요소임을 비유적으로 이르는 말.,relationship,1,2,,611143,https://opendict.korean.go.kr/dictionary/view?sense_no=611143
부모 말을 들으면 자다가도 떡이 생긴다,부모의 말을 잘 듣고 순종하면 좋은 일이 생긴다는 말.,relationship,1,2,,611138,https://opendict.korean.go.kr/dictionary/view?sense_no=611138
부잣집 자식 공물방(貢物房) 출입하듯,"부잣집 자식이 남의 공물값 받는 데 따라다니면서 행여나 공돈이나 공술이라도 얻어 볼까 하여 공물방에 드나든다는 뜻으로, 자기가 맡은 일을 남의 일 하듯이 건성건성 성의 없이 함을 비유적으로 이르는 말.",relationship,1,2,,603739,https://opendict.korean.go.kr/dictionary/view?sense_no=603739
빚 물어 달라는 자식은 낳지도 말랬다,자식을 낳아서 기르는 것만 하여도 큰일인데 그 위에 빚까지 물어 달라는 것은 큰 불효일 뿐 아니라 사람 노릇도 제대로 하지 못한 자라는 말을 비유적으로 이르는 말.,relationship,1,2,,611487,https://opendict.korean.go.kr/dictionary/view?sense_no=611487
빚 물이꾸럭질할 자식은 낳지도 말랬다,‘빚 물어 달라는 자식은 낳지도 말랬다’의 북한 속담.,relationship,1,2,,611488,https://opendict.korean.go.kr/dictionary/view?sense_no=611488
빚 주고 뺨 맞기,"남을 위하여 빚을 주고는 도리어 인사는 고사하고 뺨을 얻어맞게 되었다는 뜻으로, 남을 위하여 노력하거나 후하게 대접하고는 오히려 봉변을 당하게 되는 경우를 비유적으로 이르는 말.",relationship,1,2,,611491,https://opendict.korean.go.kr/dictionary/view?sense_no=611491
사공이 많으면 배가 산으로 간다[올라간다],"여러 사람이 저마다 제 주장대로 배를 몰려고 하면 결국에는 배가 물로 못 가고 산으로 올라간다는 뜻으로, 주관하는 사람 없이 여러 사람이 자기주장만 내세우면 일이 제대로 되기 어려움을 비유적으로 이르는 말.",relationship,1,2,,603869,https://opendict.korean.go.kr/dictionary/view?sense_no=603869
사과가 되지 말고 도마도가 되라,사과처럼 겉만 붉고 속은 흰 사람이 되지 말고 토마토처럼 겉과 속이 같은 견실한 사람이 되라는 말.,relationship,1,2,,611742,https://opendict.korean.go.kr/dictionary/view?sense_no=611742
사내 못난 것은 사랑에 가서 먹이나 갈아 주고 계집 못난 것은 젖통만 크다,"사내 못난 것은 남의 집 사랑방에 가서 선비들 글 쓰는 곁에 앉아 벼루에 먹 갈아 주는 시중이나 하고 계집 못난 것은 일할 줄은 모르면서 젖가슴만 크다는 뜻으로, 남자나 여자나 똑똑지 못할 때는 몸차림도 단정하지 못하고 하는 짓도 못난 짓만 골라 함을 비웃는 말.",relationship,1,2,sexual:gray,603792,https://opendict.korean.go.kr/dictionary/view?sense_no=603792
사람과 곡식은 가꾸기에 달렸다,사람은 어려서부터 잘 가르치고 이끌어야 훌륭하게 되고 곡식은 사람의 손이 많이 가고 부지런히 가꾸어야 잘된다는 말. &lt;동의 속담&gt; ‘곡식과 사람은 가꾸기에 달렸다’,relationship,1,2,,611616,https://opendict.korean.go.kr/dictionary/view?sense_no=611616
사람은 구하면 앙분을 하고 짐승은 구하면 은혜를 한다[안다],"사람은 죽을 고비에서 구하여 주면 그 은혜를 쉽게 잊고 도리어 은인에게 앙갚음을 하지만 짐승은 죽을 고비에서 구하여 주면 은인을 따른다는 뜻으로, 은혜를 쉽게 잊어버리는 사람을 짐승만도 못하다고 비난하는 말.",relationship,1,2,sexual:gray|violent:gray,611628,https://opendict.korean.go.kr/dictionary/view?sense_no=611628
사람은 늙어 죽도록 배운다,사람은 일생 동안 끊임없이 배우고 수양을 쌓아야 함을 이르는 말.,relationship,1,2,violent:gray,611630,https://opendict.korean.go.kr/dictionary/view?sense_no=611630
사람은 속일 수 있어도 농사는 속일 수 없다,"사람은 거짓말로 속여 넘길 수 있으나 농사는 품을 들인 만큼 결과가 나타나기 때문에 속일 수 없다는 뜻으로, 농사일이란 실속 있게 해야지 형식적으로 해서는 안 된다는 말. &lt;동의 속담&gt; ‘사람의 눈은 속여도 땅은 속이지 못한다’",relationship,1,2,,611633,https://opendict.korean.go.kr/dictionary/view?sense_no=611633
산 사람은 아무 때나 만난다,"사람은 죽지 않고 살아 있으면 언젠가는 만나게 된다는 뜻으로, 다시 안 볼 것처럼 야박하게 끊지 말라는 말.",relationship,1,2,violent:gray,611803,https://opendict.korean.go.kr/dictionary/view?sense_no=611803
살아날 사람은 약을 만난다,일이 잘될 사람은 불행한 처지에 있다가도 그 불행을 면할 수 있는 길이 열리기 마련임을 비유적으로 이르는 말.,relationship,1,2,,611753,https://opendict.korean.go.kr/dictionary/view?sense_no=611753
새벽길을 걷는 사람이 첫 이슬을 턴다,남보다 앞서 나가는 사람이 아무래도 수고를 더 하게 됨을 비유적으로 이르는 말.,relationship,1,2,,604056,https://opendict.korean.go.kr/dictionary/view?sense_no=604056
서울 량반은 글 힘으로 살고 시골 농군은 일힘으로 산다,"서울 사람과 시골 사람은 살아가는 수단과 방법이 다르다는 뜻으로, 모든 사람은 자기의 격식대로 살아 나간다는 것을 비유적으로 이르는 말. &lt;동의 속담&gt; ‘서울 사람의 옷은 다듬이 힘으로 입고 시골 사람의 옷은 풀 힘으로 입는다’",relationship,1,2,,612109,https://opendict.korean.go.kr/dictionary/view?sense_no=612109
서울 사람을 못 속이면 보름을 똥을 못 눈다,"시골 사람이 서울 사람을 못 속이면 보름 동안 똥을 못 눌 정도로 속을 태운다는 뜻으로, 시골 사람 중에 서울 사람을 속이려는 사람이 많음을 이르는 말. &lt;동의 속담&gt; ‘시골 놈이 서울 놈 못 속이면 보름씩 배를 앓는다’",relationship,1,2,sexual:gray,612111,https://opendict.korean.go.kr/dictionary/view?sense_no=612111
서울 사람의 옷은 다듬이 힘으로 입고 시골 사람의 옷은 풀 힘으로 입는다,"서울 사람과 시골 사람은 살아가는 수단과 방법이 다르다는 뜻으로, 모든 사람은 자기의 격식대로 살아 나간다는 것을 비유적으로 이르는 말. &lt;동의 속담&gt; ‘서울 량반은 글 힘으로 살고 시골 농군은 일힘으로 산다’",relationship,1,2,,612112,https://opendict.korean.go.kr/dictionary/view?sense_no=612112
성급한 놈 술값 먼저 낸다,"성급한 사람은 술을 얼마나 먹을지도 모르면서 먼저 술값을 치른다는 뜻으로, 성미가 급한 사람은 손해를 보기 마련임을 비유적으로 이르는 말.",relationship,1,2,,604132,https://opendict.korean.go.kr/dictionary/view?sense_no=604132
세모시 키우는 사람하고 자식 키우는 놈은 막말을 못 한다,세모시를 키우는 일과 자식을 키우는 일은 뜻대로 되지 않으니 막말을 하여서는 안 된다는 말.,relationship,1,2,,604320,https://opendict.korean.go.kr/dictionary/view?sense_no=604320
소는 길러 산으로 보내고 사람은 길러 도회지로 보내라,사람은 많은 사람들 속에 어울려서 지내야 보고 듣는 것이 많고 좋은 경험도 쌓을 수 있다는 말.,relationship,1,2,,612628,https://opendict.korean.go.kr/dictionary/view?sense_no=612628
시골 놈이 서울 놈 못 속이면 보름씩 배를 앓는다,"시골 사람이 서울 사람을 못 속이면 보름 동안 배앓이를 할 정도로 속을 태운다는 뜻으로, 시골 사람 중에 서울 사람을 속이려는 사람이 많음을 이르는 말. &lt;동의 속담&gt; ‘서울 사람을 못 속이면 보름을 똥을 못 눈다’",relationship,1,2,sexual:gray,612327,https://opendict.korean.go.kr/dictionary/view?sense_no=612327
시어미가 죽으면 안방은 내 차지,"시어머니가 죽으면 며느리가 그 자리를 차지하게 된다는 뜻으로, 권력을 잡았던 사람이 없어지면 그다음 자리에 있던 사람이 권력을 잡게 됨을 비유적으로 이르는 말.",relationship,1,2,sexual:gray|violent:gray,604576,https://opendict.korean.go.kr/dictionary/view?sense_no=604576
시어미 범 안 잡은 사람이 없다,"시어머니 치고 젊었을 때에 고생 안 했다는 사람이 없다는 뜻으로, 일은 제대로 잘하지도 못하면서 자기 자랑만 늘어놓음을 이르는 말.",relationship,1,2,sexual:gray,604570,https://opendict.korean.go.kr/dictionary/view?sense_no=604570
아는 놈이 도둑놈,"도적질도 그 형편을 잘 아는 사람이 한다는 뜻으로, 잘 아는 사람이 속임수를 써서 이쪽 편을 해롭게 함을 비유적으로 이르는 말.",relationship,1,2,,604735,https://opendict.korean.go.kr/dictionary/view?sense_no=604735
안되는 사람은 자빠져도[뒤로 넘어져도] 코가 깨진다,운수가 나쁜 사람은 보통 사람에게는 생기지도 않는 나쁜 일까지 생김을 비유적으로 이르는 말.,relationship,1,2,,604837,https://opendict.korean.go.kr/dictionary/view?sense_no=604837
앞 못 보는 놈 뺨 치고 뒤보는 놈 골 친다,"눈이 멀어 앞을 못 보는 사람은 앞에서 뺨을 치고 뒤보느라고 쭈그리고 앉은 사람은 뒷골을 친다는 뜻으로, 대상의 특성을 고려하여 주어진 조건에 맞게 처리하거나 행동하여야 성과를 거둘 수 있음을 비유적으로 이르는 말.",relationship,1,2,sexual:gray,613124,https://opendict.korean.go.kr/dictionary/view?sense_no=613124
앞집 떡 치는 소리 듣고 김칫국부터 마신다,해 줄 사람은 생각지도 않는데 미리부터 다 된 일로 알고 행동한다는 말. &lt;동의 속담&gt; ‘떡 줄 사람은 꿈도 안 꾸는데 김칫국부터 마신다’ ‘김칫국부터 마신다’ ‘떡방아 소리 듣고 김칫국 찾는다’,relationship,1,2,,604853,https://opendict.korean.go.kr/dictionary/view?sense_no=604853
양반은 가는 데마다 상이요 상놈은 가는 데마다 일이라,편하게 지내는 사람은 어디를 가나 대접을 받고 고생스럽게 지내는 사람은 어디를 가나 일만 있고 괴롭다는 말.,relationship,1,2,,613224,https://opendict.korean.go.kr/dictionary/view?sense_no=613224
양반은 하인이 양반 시킨다,아랫사람이 잘해야 윗사람이 칭찬을 받고 그만한 대우도 받는다는 말.,relationship,1,2,,613232,https://opendict.korean.go.kr/dictionary/view?sense_no=613232
양반의 새끼는 고양이 새끼요 상놈의 새끼는 돼지 새끼다,"양반의 자식은 좀 못생겼더라도 차차 그 모습이 말쑥해지나 상놈의 자식은 점점 더 추악해진다는 뜻으로, 양반집 자녀를 추어올려 이르는 말.",relationship,1,2,,613233,https://opendict.korean.go.kr/dictionary/view?sense_no=613233
양반의 자식이 열둘이면 호패를 찬다,양반의 자식은 어려서부터 남과 달리 훌륭하게 자란다는 말.,relationship,1,2,violent:gray,613234,https://opendict.korean.go.kr/dictionary/view?sense_no=613234
어깨가 귀를 넘어까지 산다,"허리가 구부러져서 어깨가 귀보다 올라갈 때까지 오래오래 산다는 뜻으로, 한 일도 별로 없이 오래 삶을 비유적으로 이르는 말.",relationship,1,2,,612975,https://opendict.korean.go.kr/dictionary/view?sense_no=612975
어머니가 의붓어머니면 친아버지도 의붓아버지가 된다,어머니가 계모이면 자연히 아버지는 자식보다 계모를 더 위하여 주기 때문에 아버지와 자식의 사이가 멀어진다는 말.,relationship,1,2,,613476,https://opendict.korean.go.kr/dictionary/view?sense_no=613476
어이딸이 쌍절구질하듯,말다툼을 할 때 한 사람이 무어라고 하고 나서 곧 또 한 사람이 이어 하기를 쉬지 않고 되풀이하는 모양을 비유적으로 이르는 말.,relationship,1,2,,604918,https://opendict.korean.go.kr/dictionary/view?sense_no=604918
여윈 당나귀 귀 베고 무엇 베면 남을 것이 없다,원래 넉넉하지 못한 데서 가장 두드러진 것을 한두 개 떼고 나면 남을 것이 없다는 말.,relationship,1,2,,613533,https://opendict.korean.go.kr/dictionary/view?sense_no=613533
열 손 한 지레,여러 사람이 할 일을 능력 있는 한 사람이 해낸다는 말.,relationship,1,2,,613436,https://opendict.korean.go.kr/dictionary/view?sense_no=613436
올챙이 개구리 된 지 몇 해나 되나,"어떤 일에 좀 익숙하여진 사람이나, 가난하다가 형편이 좀 나아진 사람이 지나치게 젠체함을 비꼬는 말.",relationship,1,2,,613681,https://opendict.korean.go.kr/dictionary/view?sense_no=613681
용 될 고기는 모이 철부터 안다,잘될 사람은 어려서부터 남달리 장래성이 엿보인다는 말. &lt;동의 속담&gt; ‘잘 자랄 나무는 떡잎부터 안다[알아본다]’ ‘될성부른 나무는 떡잎부터 알아본다’ ‘나무 될 것은 떡잎 때부터 알아본다’ ‘푸성귀는 떡잎부터 알고 사람은 어렸을 때부터 안다’,relationship,1,2,,613723,https://opendict.korean.go.kr/dictionary/view?sense_no=613723
울바자가 헐어지니 이웃집 개가 드나든다,자신에게 약점이 있으니까 남이 그것을 알고 업신여김을 비유적으로 이르는 말. &lt;동의 속담&gt; ‘울타리가 허니까 이웃집 개가 드나든다’,relationship,1,2,,613757,https://opendict.korean.go.kr/dictionary/view?sense_no=613757
울타리가 허니까 이웃집 개가 드나든다,자신에게 약점이 있으니까 남이 그것을 알고 업신여김을 비유적으로 이르는 말. &lt;동의 속담&gt; ‘울바자가 헐어지니 이웃집 개가 드나든다’,relationship,1,2,,605298,https://opendict.korean.go.kr/dictionary/view?sense_no=605298
이랑이 고랑 되고 고랑이 이랑 된다,잘살던 사람이 못살게도 되고 못살던 사람이 잘살게도 됨을 비유적으로 이르는 말.,relationship,1,2,,605374,https://opendict.korean.go.kr/dictionary/view?sense_no=605374
이십 안 자식 삼십 안 천량,자식은 이십 세 전에 낳고 재산은 삼십 세 전에 모아야 함을 이르는 말.,relationship,1,2,,605396,https://opendict.korean.go.kr/dictionary/view?sense_no=605396
이웃집이 멀다,이웃하고 살면서 관계는 오히려 멀다는 말.,relationship,1,2,,605413,https://opendict.korean.go.kr/dictionary/view?sense_no=605413
잃은 사람이 죄가 많다,무언가를 잃은 사람이 애매한 여러 사람을 의심하게 됨을 이르는 말.,relationship,1,2,violent:gray,614105,https://opendict.korean.go.kr/dictionary/view?sense_no=614105
자식과 그릇은 있으면 쓰고 없으면 못 쓴다,"자식과 그릇은 있으면 있는 대로 쓰고 없으면 없는 대로 쓰기 마련이라는 뜻으로, 둘러맞춰 가며 씀을 비유적으로 이르는 말.",relationship,1,2,,605659,https://opendict.korean.go.kr/dictionary/view?sense_no=605659
자식은 두엄 우에 버섯과 한가지다,"두엄 위에 난 버섯은 많기는 하지만 볼품없고 쓸모없다는 뜻으로, 단지 자식이 많은 것이 자랑은 아님을 이르는 말.",relationship,1,2,,605666,https://opendict.korean.go.kr/dictionary/view?sense_no=605666
자식은 어머니가 키운다,자식을 키우는 데는 아버지보다 어머니의 공이 더 많이 들어감을 이르는 말.,relationship,1,2,,605672,https://opendict.korean.go.kr/dictionary/view?sense_no=605672
자식을 귀히 알거던 객지로 내보내랬다,자식이 잘되기를 바란다면 세상도 알고 어려움도 겪어 보아 꿋꿋하게 자라도록 단련시켜야 함을 이르는 말.,relationship,1,2,,605676,https://opendict.korean.go.kr/dictionary/view?sense_no=605676
자식이 자라면 상전 된다,자기 자식이라 하여도 다 자란 후에는 자기 뜻대로 하기 어려움을 비유적으로 이르는 말.,relationship,1,2,,605686,https://opendict.korean.go.kr/dictionary/view?sense_no=605686
자식 잘못 기르면 호랑이만 못하다,자식을 올바르게 기르지 못하면 큰 후환을 입게 됨을 이르는 말.,relationship,1,2,,605654,https://opendict.korean.go.kr/dictionary/view?sense_no=605654
잘난 사람이 있어야 못난 사람이 있다,"선과 악, 좋은 점과 나쁜 점 따위는 비교가 되어야 뚜렷하게 나타난다는 말.",relationship,1,2,,614362,https://opendict.korean.go.kr/dictionary/view?sense_no=614362
잘 안되는 사람은 이불 거죽을 다려도 주름이 간다,‘안되는 사람은 자빠져도[뒤로 넘어져도] 코가 깨진다’의 북한 속담.,relationship,1,2,violent:gray,614246,https://opendict.korean.go.kr/dictionary/view?sense_no=614246
잘 자랄 나무는 떡잎부터 안다[알아본다],잘될 사람은 어려서부터 남달리 장래성이 엿보인다는 말. &lt;동의 속담&gt; ‘나무 될 것은 떡잎 때부터 알아본다’ ‘될성부른 나무는 떡잎부터 알아본다’ ‘용 될 고기는 모이 철부터 안다’ ‘푸성귀는 떡잎부터 알고 사람은 어렸을 때부터 안다’,relationship,1,2,,614249,https://opendict.korean.go.kr/dictionary/view?sense_no=614249
제가 기른 자식도 장가보내면 사촌 된다,"자식도 장가를 보내어 살림을 꾸려 주면, 자연히 사이가 벌어져 어려워지게 된다는 말.",relationship,1,2,,605889,https://opendict.korean.go.kr/dictionary/view?sense_no=605889
제게서 나간 것이 제게로 돌아온다,남을 위해서 좋은 일을 하면 자기에게도 좋은 일이 있게 되고 공연히 남을 해치려고 하면 도리어 그 화가 자기에게 미친다는 말.,relationship,1,2,,605896,https://opendict.korean.go.kr/dictionary/view?sense_no=605896
제 보금자리 사랑할 줄 모르는 새 없다,누구나 다 자기 고향을 사랑하고 아낀다는 말.,relationship,1,2,,614643,https://opendict.korean.go.kr/dictionary/view?sense_no=614643
조선 사람은 낯 먹고 산다,우리나라 사람은 너무 체면을 차린다는 말.,relationship,1,2,,615078,https://opendict.korean.go.kr/dictionary/view?sense_no=615078
죽어 가는 이붓자식 돌봐 주는 이 아무도 없다,흔히 의붓자식에 대한 정이 깊지 못한 탓으로 그가 위급한 경우를 당하거나 몹시 어려운 일을 치를 때에 잘 돌보아 주지 아니하는 경우를 비유적으로 이르는 말.,relationship,1,2,violent:gray,614781,https://opendict.korean.go.kr/dictionary/view?sense_no=614781
죽을 고비에 빠진 사람은 살 구멍을 찾아낸다,사람은 누구나 죽을 수밖에 없는 극단적인 상황을 만나게 되면 탈출구를 기어이 찾아내고야 만다는 말.,relationship,1,2,sexual:gray|violent:gray,614849,https://opendict.korean.go.kr/dictionary/view?sense_no=614849
진눈 가지면 파리 못 사귈까,"눈을 앓아 눈언저리가 진물진물하면 자연 파리가 온다는 뜻으로, 재주만 있으면 자연히 부르는 사람이 있고 돈이나 물자만 있으면 쓸 사람이 있다는 말.",relationship,1,2,,606136,https://opendict.korean.go.kr/dictionary/view?sense_no=606136
집안 망하려면 울타리부터 망하고 사람이 망하려면 머리부터 망한다,사람이 나이가 들어 힘이 빠지고 죽을 날이 가까워 오면 먼저 머리부터 희어짐을 한탄하는 말.,relationship,1,2,violent:gray,614943,https://opendict.korean.go.kr/dictionary/view?sense_no=614943
짝사랑에 외기러기,혼자서만 사랑하여서는 아무 소용이 없다는 말.,relationship,1,2,,606253,https://opendict.korean.go.kr/dictionary/view?sense_no=606253
쭉정이가 머리 드는 법이고 어사는 가어사가 더 무섭다,실속이 없는 사람이나 가짜인 사람이 자기가 제일이라고 거들먹거리는 경우를 비유적으로 이르는 말.,relationship,1,2,,606140,https://opendict.korean.go.kr/dictionary/view?sense_no=606140
찰떡 가진 놈이 바꿔 먹자면 조떡 가진 놈이 세 쓴다,"맛있는 찰떡을 가진 사람이 좁쌀떡이 먹고 싶어 먼저 바꿔 먹자고 하면 하찮은 좁쌀떡을 가진 사람이 고자세로 버틴다는 뜻으로, 무슨 일이나 급한 편에서 먼저 청하면 그 청을 받는 측에서 쉽게 응하여 주지 아니함을 비유적으로 이르는 말.",relationship,1,2,,606200,https://opendict.korean.go.kr/dictionary/view?sense_no=606200
천둥 번개 할[칠] 때 천하 사람이 한맘 한뜻,모든 사람이 겪는 천변이나 위험 속에서는 마음이 하나가 된다는 말.,relationship,1,2,sexual:gray,615518,https://opendict.korean.go.kr/dictionary/view?sense_no=615518
천산갑이 지은 죄를 구목(丘木)이 벼락 맞는다,죄지은 사람이 아닌 곁의 다른 사람이 억울하게 벌을 받게 되는 경우를 비유적으로 이르는 말.,relationship,1,2,,615328,https://opendict.korean.go.kr/dictionary/view?sense_no=615328
천 인이 찢으면 천금이 녹고 만 인이 찢으면 만금이 녹는다,"수많은 사람이 달라붙어 뜯어먹으면 아무리 많은 밑천이라도 바닥이 나고 만다는 뜻으로, 쓰는 사람이 많으면 그만큼 비용도 많이 듦을 비유적으로 이르는 말.",relationship,1,2,,615271,https://opendict.korean.go.kr/dictionary/view?sense_no=615271
치마 밑에 키운 자식,과부의 자식이라는 말.,relationship,1,2,sexual:gray,615633,https://opendict.korean.go.kr/dictionary/view?sense_no=615633
친구의 찌푸린 얼굴을 보느니 바보의 웃는 얼굴을 보는 것이 낫다,비록 다정한 친구라도 잔뜩 찌푸린 얼굴을 보는 것은 매우 불쾌한 일이라는 말.,relationship,1,2,violent:gray,615651,https://opendict.korean.go.kr/dictionary/view?sense_no=615651
칠십에 자식을 낳아서도 효도를 본다,늘그막에 자식을 보고서도 그 덕을 입게 됨을 이르는 말.,relationship,1,2,,615593,https://opendict.korean.go.kr/dictionary/view?sense_no=615593
코가 어디 붙은지 모른다,"그 사람이 어떻게 생겼는지 모른다는 뜻으로, 전혀 모르는 사람이라는 말.",relationship,1,2,,615573,https://opendict.korean.go.kr/dictionary/view?sense_no=615573
큰 말이 나가면 작은 말이 큰 말 노릇 한다,윗사람이 없으면 아랫사람이 그 일을 대신할 수 있음을 비유적으로 이르는 말. &lt;동의 속담&gt; ‘큰 소가 나가면 작은 소가 큰 소 노릇 한다’,relationship,1,2,sexual:gray,615620,https://opendict.korean.go.kr/dictionary/view?sense_no=615620
큰 소가 나가면 작은 소가 큰 소 노릇 한다,윗사람이 없으면 아랫사람이 그 일을 대신할 수 있음을 비유적으로 이르는 말. &lt;동의 속담&gt; ‘큰 말이 나가면 작은 말이 큰 말 노릇 한다’,relationship,1,2,sexual:gray,615628,https://opendict.korean.go.kr/dictionary/view?sense_no=615628
키 크면 속이 없고 키 작으면 자발없다[대가 없다],키 큰 사람은 실없고 싱거우며 키 작은 사람은 참을성이 없고 까분다는 말.,relationship,1,2,,606554,https://opendict.korean.go.kr/dictionary/view?sense_no=606554
푸성귀는 떡잎부터 알고 사람은 어렸을 때부터 안다,잘될 사람은 어려서부터 남달리 장래성이 엿보인다는 말. &lt;동의 속담&gt; ‘잘 자랄 나무는 떡잎부터 안다[알아본다]’ ‘될성부른 나무는 떡잎부터 알아본다’ ‘용 될 고기는 모이 철부터 안다’ ‘나무 될 것은 떡잎 때부터 알아본다’,relationship,1,2,,616154,https://opendict.korean.go.kr/dictionary/view?sense_no=616154
품마다 사랑이 있다,새 애인을 만나면 또 다른 사랑이 생긴다는 말.,relationship,1,2,,615911,https://opendict.korean.go.kr/dictionary/view?sense_no=615911
한 사람은 열 사람을 꾸리여도 열 사람은 한 사람을 꾸리지 못한다,‘하나는 열을 꾸려도 열은 하나를 못 꾸린다’의 북한 속담.,relationship,1,2,,615801,https://opendict.korean.go.kr/dictionary/view?sense_no=615801
한 어미 자식도 아롱이다롱이,"한 어미에게서 난 자식도 각각 다르다는 뜻으로, 세상일은 무엇이나 똑같은 것이 없다는 말.",relationship,1,2,,615813,https://opendict.korean.go.kr/dictionary/view?sense_no=615813
행담 짜는 놈은 죽을 때도 버들잎을 물고 죽는다,"버들가지로 행담을 짜는 사람은 죽을 때도 버들 껍질을 입으로 물어 벗기다가 죽는다는 뜻으로, 사람은 어떤 경우에도 자기 본색을 감추지 못한다는 말.",relationship,1,2,sexual:gray|violent:gray,606780,https://opendict.korean.go.kr/dictionary/view?sense_no=606780
호랑이도 새끼가 열이면 스라소니를 낳는다,자식이 많으면 그중에 사람 구실을 못하는 자식도 있게 마련이라는 말.,relationship,1,2,,616303,https://opendict.korean.go.kr/dictionary/view?sense_no=616303
호랑이 없는 골에 토끼가 왕 노릇 한다,뛰어난 사람이 없는 곳에서 보잘것없는 사람이 득세함을 비유적으로 이르는 말. &lt;동의 속담&gt; ‘범 없는 골에 토끼가 스승이라’ ‘사자 없는 산에 토끼가 왕[대장] 노릇 한다’ ‘호랑이 없는 동산에 토끼가 선생 노릇 한다’ ‘혼자 사는 동네 면장이 구장’,relationship,1,2,,616283,https://opendict.korean.go.kr/dictionary/view?sense_no=616283
호랑이 없는 동산에 토끼가 선생 노릇 한다,뛰어난 사람이 없는 곳에서 보잘것없는 사람이 득세함을 비유적으로 이르는 말. &lt;동의 속담&gt; ‘호랑이 없는 골에 토끼가 왕 노릇 한다’ ‘범 없는 골에 토끼가 스승이라’ ‘사자 없는 산에 토끼가 왕[대장] 노릇 한다’ ‘혼자 사는 동네 면장이 구장’,relationship,1,2,,616284,https://opendict.korean.go.kr/dictionary/view?sense_no=616284
혼자 사는 동네 면장이 구장,뛰어난 사람이 없는 곳에서 보잘것없는 사람이 득세함을 비유적으로 이르는 말. &lt;동의 속담&gt; ‘호랑이 없는 골에 토끼가 왕 노릇 한다’ ‘범 없는 골에 토끼가 스승이라’ ‘사자 없는 산에 토끼가 왕[대장] 노릇 한다’ ‘호랑이 없는 동산에 토끼가 선생 노릇 한다’,relationship,1,2,,616088,https://opendict.korean.go.kr/dictionary/view?sense_no=616088
흉년에 어미는 굶어 죽고 아이는 배 터져 죽는다,먹을 것이 넉넉하지 못할 때 보채는 사람은 많이 먹고 그렇지 아니한 사람은 잘 얻어먹지 못함을 비유적으로 이르는 말.,relationship,1,2,violent:gray,606967,https://opendict.korean.go.kr/dictionary/view?sense_no=606967
가까운 무당보다 먼 데 무당이 영하다,흔히 사람은 자신이 잘 알고 가까이 있는 것보다는 잘 모르고 멀리 있는 것을 더 좋은 것인 줄로 생각한다는 말. &lt;동의 속담&gt; ‘먼 데 무당이 영하다’ ‘먼 데 점이 맞는다’,relationship,1,1,,607029,https://opendict.korean.go.kr/dictionary/view?sense_no=607029
가까운 집 며느리일수록 흉이 많다,늘 가까이 있고 잘 아는 사이일수록 상대편의 결점이 눈에 더 많이 띈다는 말. &lt;동의 속담&gt; ‘이웃집 며느리 흉도 많다’,relationship,1,1,,607030,https://opendict.korean.go.kr/dictionary/view?sense_no=607030
가까이 앉아야 정이 두터워진다[가깝다],사람은 서로 가까이 있으면서 자주 접촉해야 정이 더 깊어진다는 말.,relationship,1,1,,607068,https://opendict.korean.go.kr/dictionary/view?sense_no=607068
가는 방망이 오는 홍두깨,남을 해치려고 하다가 제가 도리어 더 큰 화를 입게 됨을 비유적으로 이르는 말.,relationship,1,1,,600493,https://opendict.korean.go.kr/dictionary/view?sense_no=600493
가래줄은 남의 줄이 끊어져야 좋다,힘을 합쳐 함께 하는 일에서 다른 사람한테는 수고를 끼치고 자기는 이득을 보는 일이 생긴 것을 이르는 말.,relationship,1,1,,600554,https://opendict.korean.go.kr/dictionary/view?sense_no=600554
가마가 솥더러 검정아 한다,"더 시꺼먼 가마가 덜 시꺼먼 솥을 보고 도리어 검다고 흉본다는 뜻으로, 남 못지않은 잘못이나 결함이 있는 사람이 제 흉은 모르고 남의 잘못이나 결함만을 흉봄을 비유적으로 이르는 말. &lt;동의 속담&gt; ‘가마 밑이 노구솥 밑을 검다 한다’ ‘가마솥 밑이 노구솥 밑을 검다 한다’",relationship,1,1,,600513,https://opendict.korean.go.kr/dictionary/view?sense_no=600513
가마 밑이 노구솥 밑을 검다 한다,"더 시꺼먼 가마솥 밑이 덜 시꺼먼 노구솥 밑을 보고 도리어 검다고 흉본다는 뜻으로, 남 못지않은 잘못이나 결함이 있는 사람이 제 흉은 모르고 남의 잘못이나 결함만을 흉봄을 비유적으로 이르는 말. &lt;동의 속담&gt; ‘가마가 솥더러 검정아 한다’ ‘가마솥 밑이 노구솥 밑을 검다 한다’",relationship,1,1,,600508,https://opendict.korean.go.kr/dictionary/view?sense_no=600508
가마솥 밑이 노구솥 밑을 검다 한다,"더 시꺼먼 가마솥 밑이 덜 시꺼먼 노구솥 밑을 보고 도리어 검다고 흉본다는 뜻으로, 남 못지않은 잘못이나 결함이 있는 사람이 제 흉은 모르고 남의 잘못이나 결함만을 흉봄을 비유적으로 이르는 말. &lt;동의 속담&gt; ‘가마 밑이 노구솥 밑을 검다 한다’ ‘가마가 솥더러 검정아 한다’",relationship,1,1,,607037,https://opendict.korean.go.kr/dictionary/view?sense_no=607037
간장에 전 놈이 초장에 죽으랴,단단히 단련된 사람이 사소한 일을 무서워하겠느냐는 것을 비유적으로 이르는 말.,relationship,1,1,violent:gray,607065,https://opendict.korean.go.kr/dictionary/view?sense_no=607065
갈모 형제라,"갈모의 모양이 위는 뾰족하고 아래는 넓은 데서, 아우가 형보다 나은 경우를 비유적으로 이르는 말.",relationship,1,1,,600680,https://opendict.korean.go.kr/dictionary/view?sense_no=600680
감기 고뿔도 남을 안 준다,감기까지도 남에게 주지 않을 만큼 지독하게 인색하다는 말.,relationship,1,1,sexual:gray,607278,https://opendict.korean.go.kr/dictionary/view?sense_no=607278
감장강아지로 돼지 만든다,비슷한 것으로 진짜를 가장하여 남을 꾀어 속이려 하는 경우를 비유적으로 이르는 말. &lt;동의 속담&gt; ‘검은 강아지로 돼지 만든다’,relationship,1,1,,600668,https://opendict.korean.go.kr/dictionary/view?sense_no=600668
강원도 참사,공직에 있는 사람이 좌천됨을 비유적으로 이르는 말.,relationship,1,1,,600742,https://opendict.korean.go.kr/dictionary/view?sense_no=600742
강철이 달면 더욱 뜨겁다,"더디 다는 강철이 달면 보통 쇠보다 더 뜨겁다는 뜻으로, 웬만해서는 화를 내지 않는 사람이 한번 성나면 더 무서움을 비유적으로 이르는 말.",relationship,1,1,,607170,https://opendict.korean.go.kr/dictionary/view?sense_no=607170
개가 개를 낳지,"개가 개 새끼를 낳는다는 뜻으로, 못난 어버이에게서 못난 자식이 나지 별 수 없음을 비유적으로 이르는 말.",relationship,1,1,sexual:gray,600810,https://opendict.korean.go.kr/dictionary/view?sense_no=600810
개가 미친다고 소까지 미치겠나,"개가 미친다고 해서 소까지 미칠 수는 없는 법이라는 뜻으로, 남의 장단에 함께 춤출 수 없음을 이르는 말.",relationship,1,1,sexual:gray,600815,https://opendict.korean.go.kr/dictionary/view?sense_no=600815
개가 콩엿 사 먹고 버드나무에 올라간다,어리석고 못난 사람이 감히 할 수 없는 일을 하겠다고 큰소리침을 비유적으로 이르는 말.,relationship,1,1,,600822,https://opendict.korean.go.kr/dictionary/view?sense_no=600822
개구리 올챙이 적 생각 못 한다,형편이나 사정이 전에 비하여 나아진 사람이 지난날의 미천하거나 어렵던 때의 일을 생각지 아니하고 처음부터 잘난 듯이 뽐냄을 비유적으로 이르는 말. &lt;동의 속담&gt; ‘올챙이 적 생각은 못 하고 개구리 된 생각만 한다’,relationship,1,1,sexual:gray,607366,https://opendict.korean.go.kr/dictionary/view?sense_no=607366
개구멍으로 통량갓을 굴려 내다,"개나 드나드는 조그만 개구멍으로 크고 값비싼 통량갓을 상하지 않게 굴려 뽑아낸다는 뜻으로, 약삭빠르고 묘한 수단으로 남을 잘 속여 먹는 것을 욕으로 이르는 말.",relationship,1,1,,600722,https://opendict.korean.go.kr/dictionary/view?sense_no=600722
개도 텃세한다,어디에서나 먼저 자리 잡은 사람이 나중에 온 사람에게 선뜻 자리를 내주지 않음을 비유적으로 이르는 말. &lt;동의 속담&gt; ‘닭쌈에도 텃세한다’,relationship,1,1,sexual:gray,600839,https://opendict.korean.go.kr/dictionary/view?sense_no=600839
개도 하루에 겨 세 홉 녹은 있다,사람은 어떻게 해서든 세끼 밥은 먹게 됨을 비유적으로 이르는 말.,relationship,1,1,,600840,https://opendict.korean.go.kr/dictionary/view?sense_no=600840
개똥밭에 인물 난다,미천한 집안이나 변변하지 못한 부모에게서 훌륭한 인물이 나는 경우를 이르는 말. &lt;동의 속담&gt; ‘개천에서 용 난다’ ‘시궁에서 용 난다’ ‘시궁창에서 용이 났다’,relationship,1,1,violent:gray,600746,https://opendict.korean.go.kr/dictionary/view?sense_no=600746
개똥참외는 먼저 맡는 이가 임자라,임자 없는 물건은 무엇이든 먼저 발견한 사람이 차지하게 마련이라는 말.,relationship,1,1,,607120,https://opendict.korean.go.kr/dictionary/view?sense_no=607120
개 못된 것은 부뚜막에 올라간다,"못된 개가 도적은 지키지 않고 더러운 발로 부뚜막에 올라간다는 뜻으로, 제구실도 다하지 못하는 사람이 못된 짓만 함을 이르는 말.",relationship,1,1,,600782,https://opendict.korean.go.kr/dictionary/view?sense_no=600782
개미가 절구통 물고 나간다,"약하고 작은 사람이 힘에 겨운 큰일을 맡아 하거나, 무거운 것을 가지고 감을 비유적으로 이르는 말.",relationship,1,1,,607377,https://opendict.korean.go.kr/dictionary/view?sense_no=607377
개 바위 지나가는 격,"개가 바위 위를 밟고 지나간들 자국이 남을 리가 없다는 뜻으로, 지나간 자국을 남기지 않아 찾을 길이 없음을 비유적으로 이르는 말.",relationship,1,1,sexual:gray,600784,https://opendict.korean.go.kr/dictionary/view?sense_no=600784
거둥에 망아지 (새끼) 따라다니듯,필요도 없는 사람이 쓸데없이 여기저기 귀찮게 따라다님을 비유적으로 이르는 말. &lt;동의 속담&gt; ‘낮일할 때 찬 초갑(草匣)’ ‘이사할 때 강아지 따라다니듯’,relationship,1,1,,600848,https://opendict.korean.go.kr/dictionary/view?sense_no=600848
거북이도 제 살던 바윗돌을 떠나면 오래 살지 못한다,"오래 산다고 하는 거북조차도 제가 살던 바윗돌을 떠나면 오래 살지 못한다는 뜻으로, 사람은 제가 나서 자란 고향 땅을 등지면 제명대로 살아가기가 힘듦을 비유적으로 이르는 말.",relationship,1,1,,600895,https://opendict.korean.go.kr/dictionary/view?sense_no=600895
검은 강아지로 돼지 만든다,비슷한 것으로 진짜를 가장하여 남을 꾀어 속이려 하는 경우를 비유적으로 이르는 말. &lt;동의 속담&gt; ‘감장강아지로 돼지 만든다’,relationship,1,1,,600877,https://opendict.korean.go.kr/dictionary/view?sense_no=600877
겨 묻은 개가 똥 묻은 개를 나무란다[흉본다],"결점이 있기는 마찬가지이면서, 조금 덜한 사람이 더한 사람을 흉볼 때에 변변하지 못하다고 지적하는 말.",relationship,1,1,,607324,https://opendict.korean.go.kr/dictionary/view?sense_no=607324
겨울을 지내보아야 봄 그리운 줄 안다,사람은 어려운 시련과 고통을 겪어 보아야 삶의 참된 보람을 알 수 있게 됨을 이르는 말.,relationship,1,1,,607248,https://opendict.korean.go.kr/dictionary/view?sense_no=607248
경 다 읽고 떼어 버려야겠다,이번 일이나 마치고 앞으로는 아주 인연을 끊어야겠다는 말.,relationship,1,1,,600936,https://opendict.korean.go.kr/dictionary/view?sense_no=600936
곁가마가 (더/먼저) 끓는다,"끓어야 할 원래의 가마솥은 끓지 않고 곁에 있는 가마솥이 끓는다는 뜻으로, 당사자는 가만히 있는데 옆 사람이 오히려 신이 나서 떠들거나 참견하는 경우를 비유적으로 이르는 말.",relationship,1,1,,600985,https://opendict.korean.go.kr/dictionary/view?sense_no=600985
곁방 년이 코 곤다[구른다],"남의 집에서 곁방살이를 하는 사람이 코를 곤다는 뜻으로, 제 분수도 모르고 버릇없이 함부로 굴거나, 나그네가 오히려 주인 행세를 함을 이르는 말. &lt;동의 속담&gt; ‘곁방살이 코 곤다’",relationship,1,1,,607495,https://opendict.korean.go.kr/dictionary/view?sense_no=607495
곁방살이 코 곤다,"남의 집에서 곁방살이를 하는 사람이 코를 곤다는 뜻으로, 제 분수도 모르고 버릇없이 함부로 굴거나, 나그네가 오히려 주인 행세를 함을 이르는 말. &lt;동의 속담&gt; ‘곁방 년이 코 곤다[구른다]’",relationship,1,1,,600974,https://opendict.korean.go.kr/dictionary/view?sense_no=600974
계란에도 뼈가 있다,"늘 일이 잘 안되던 사람이 모처럼 좋은 기회를 만났건만, 그 일마저 역시 잘 안됨을 이르는 말. &lt;동의 속담&gt; ‘달걀에도 뼈가 있다’ ‘안되는 놈은 두부에도 뼈라’ ‘헐복한 놈은 계란에도 뼈가 있다’",relationship,1,1,,600954,https://opendict.korean.go.kr/dictionary/view?sense_no=600954
계집 둘 가진 놈의 창자는 호랑이도 안 먹는다,"본처와 첩을 데리고 사는 사람은 몹시 속이 썩기 때문에 그 창자가 썩어서 호랑이도 안 먹는다는 뜻으로, 처첩을 거느리고 살자면 속이 썩어 편할 날이 없다는 말.",relationship,1,1,sexual:gray|violent:gray,600958,https://opendict.korean.go.kr/dictionary/view?sense_no=600958
고산강아지 감 꼬챙이 물고 나서듯 한다,"감 고장인 고산의 강아지가 뼈다귀 비슷한 감 꼬챙이만 보고도 물고 나온다는 뜻으로, 살림이 궁한 사람이 평소에 먹고 싶던 것과 비슷한 것만 보아도 좋아함을 이르는 말.",relationship,1,1,,601030,https://opendict.korean.go.kr/dictionary/view?sense_no=601030
고생도 해야 정도 안다,사람은 자기가 고생을 체험해 보아야 남의 어려운 사정도 알고 돌보아 주게 됨을 이르는 말.,relationship,1,1,,607541,https://opendict.korean.go.kr/dictionary/view?sense_no=607541
고수머리 옥니박이하고는 말도 말랬다,곱슬머리인 사람과 옥니박이인 사람은 흔히 인색하고 각박하다는 말. &lt;동의 속담&gt; ‘곱슬머리 옥니박이하고는 말도 말랬다’,relationship,1,1,sexual:gray,607568,https://opendict.korean.go.kr/dictionary/view?sense_no=607568
고슴도치도 제 새끼가 제일 곱다고 한다,어버이 눈에는 제 자식이 다 잘나고 귀여워 보인다는 말. &lt;동의 속담&gt; ‘고슴도치도 제 새끼는 함함하다고 한다’ ‘고슴도치도 제 새끼만은 곱다고 쓰다듬는다’,relationship,1,1,,607463,https://opendict.korean.go.kr/dictionary/view?sense_no=607463
고슴도치도 제 새끼는 함함하다고 한다,"털이 바늘같이 꼿꼿한 고슴도치도 제 새끼의 털이 부드럽다고 옹호한다는 뜻으로, 자기 자식의 나쁜 점은 모르고 도리어 자랑으로 삼는다는 말.",relationship,1,1,,607465,https://opendict.korean.go.kr/dictionary/view?sense_no=607465
고슴도치도 제 새끼만은 곱다고 쓰다듬는다,어버이 눈에는 제 자식이 다 잘나고 귀여워 보인다는 말. &lt;동의 속담&gt; ‘고슴도치도 제 새끼는 함함하다고 한다’ ‘고슴도치도 제 새끼가 제일 곱다고 한다’,relationship,1,1,,607467,https://opendict.korean.go.kr/dictionary/view?sense_no=607467
고양이는 발톱을 감춘다,재주 있는 사람은 그것을 깊이 감추고서 함부로 드러내지 아니한다는 말.,relationship,1,1,,601086,https://opendict.korean.go.kr/dictionary/view?sense_no=601086
고양이 덕은 알고 며느리 덕은 알지 못한다,"고양이가 쥐를 잡아서 이익을 준다는 것은 알면서도, 며느리가 자식을 낳고 집안일을 하는 것은 조금도 고맙게 여기지 않는다는 말.",relationship,1,1,,601054,https://opendict.korean.go.kr/dictionary/view?sense_no=601054
골난 날 의붓아비 온다,가뜩이나 화가 나서 참지 못하고 있는데 미운 사람이 찾아와 더욱 화를 돋우는 경우를 비유적으로 이르는 말. &lt;동의 속담&gt; ‘부아 돋는 날 의붓아비 온다’,relationship,1,1,,601105,https://opendict.korean.go.kr/dictionary/view?sense_no=601105
곰의 발바닥도 꾀가 있다,아무리 미련하고 우둔한 사람이라도 제 살 궁리는 함을 비유적으로 이르는 말.,relationship,1,1,,607555,https://opendict.korean.go.kr/dictionary/view?sense_no=607555
곰이 제 주인 생각하듯,"곰이 주인을 생각하여 파리를 친 것이 그만 주인을 죽이고 말았다는 데서, 제 딴에는 남을 위한다고 한 일이 도리어 해를 끼치게 된 경우를 이르는 말.",relationship,1,1,violent:gray,607557,https://opendict.korean.go.kr/dictionary/view?sense_no=607557
곱다고 안아 준 아기 바지에 똥 싼다,은혜를 입은 사람이 은혜를 베푼 사람에게 도리어 해를 입힘을 비유적으로 이르는 말.,relationship,1,1,sexual:gray,607478,https://opendict.korean.go.kr/dictionary/view?sense_no=607478
곱슬머리 옥니박이하고는 말도 말랬다,곱슬머리인 사람과 옥니박이인 사람은 흔히 인색하고 각박하다는 말. &lt;동의 속담&gt; ‘고수머리 옥니박이하고는 말도 말랬다’,relationship,1,1,sexual:gray,601137,https://opendict.korean.go.kr/dictionary/view?sense_no=601137
공자도 제 사는 골에 먼저 비 오라고 했다,"성인 공자도 기우제를 지낼 때에는 자신이 사는 고장에 먼저 비가 오게 해달라고 빌었다는 뜻으로, 사람은 누구나 자기와 가까운 문제부터 해결하려고 함을 비유적으로 이르는 말.",relationship,1,1,,607644,https://opendict.korean.go.kr/dictionary/view?sense_no=607644
공자 앞에서 문자 쓴다,지식이 부족한 사람이 가소롭게도 자기보다 유식한 사람 앞에서 아는 체함을 이르는 말.,relationship,1,1,,607640,https://opendict.korean.go.kr/dictionary/view?sense_no=607640
과물전 망신은 모과가 시킨다,지지리 못난 사람일수록 같이 있는 동료를 망신시킨다는 말. &lt;동의 속담&gt; ‘어물전 망신은 꼴뚜기가 시킨다’ ‘과실 망신은 모과가 (다) 시킨다’ ‘과일 망신은 모과가 (다) 시킨다’ ‘생선 망신은 꼴뚜기가 시킨다’ ‘실과 망신은 모과가 시킨다’,relationship,1,1,,607697,https://opendict.korean.go.kr/dictionary/view?sense_no=607697
과부 설움은[사정은] (동무) 과부가 안다,남의 곤란한 처지는 직접 그 일을 당해 보았거나 그와 비슷한 처지에 놓여 있는 사람이 잘 알 수 있음을 비유적으로 이르는 말. &lt;동의 속담&gt; ‘과부 설움은 서방 잡아먹은 년이 안다’ ‘과부 설움은 홀아비가 안다’ ‘과부의 심정은 홀아비가 알고 도적놈의 심보는 도적놈이 잘 안다’,relationship,1,1,sexual:gray,601173,https://opendict.korean.go.kr/dictionary/view?sense_no=601173
과부 설움은 서방 잡아먹은 년이 안다,남의 곤란한 처지는 직접 그 일을 당해 보았거나 그와 비슷한 처지에 놓여 있는 사람이 잘 알 수 있음을 비유적으로 이르는 말. &lt;동의 속담&gt; ‘과부 설움은[사정은] (동무) 과부가 안다’ ‘과부 설움은 홀아비가 안다’ ‘과부의 심정은 홀아비가 알고 도적놈의 심보는 도적놈이 잘 안다’,relationship,1,1,sexual:gray,601171,https://opendict.korean.go.kr/dictionary/view?sense_no=601171
과부 설움은 홀아비가 안다,남의 곤란한 처지는 직접 그 일을 당해 보았거나 그와 비슷한 처지에 놓여 있는 사람이 잘 알 수 있음을 비유적으로 이르는 말. &lt;동의 속담&gt; ‘과부 설움은[사정은] (동무) 과부가 안다’ ‘과부 설움은 서방 잡아먹은 년이 안다’ ‘과부의 심정은 홀아비가 알고 도적놈의 심보는 도적놈이 잘 안다’,relationship,1,1,sexual:gray,601172,https://opendict.korean.go.kr/dictionary/view?sense_no=601172
과부의 심정은 홀아비가 알고 도적놈의 심보는 도적놈이 잘 안다,남의 곤란한 처지는 직접 그 일을 당해 보았거나 그와 비슷한 처지에 놓여 있는 사람이 잘 알 수 있음을 비유적으로 이르는 말. &lt;동의 속담&gt; ‘과부 설움은[사정은] (동무) 과부가 안다’ ‘과부 설움은 서방 잡아먹은 년이 안다’ ‘과부 설움은 홀아비가 안다’,relationship,1,1,sexual:gray,601189,https://opendict.korean.go.kr/dictionary/view?sense_no=601189
과실 망신은 모과가 (다) 시킨다,지지리 못난 사람일수록 같이 있는 동료를 망신시킨다는 말. &lt;동의 속담&gt; ‘어물전 망신은 꼴뚜기가 시킨다’ ‘과물전 망신은 모과가 시킨다’ ‘과일 망신은 모과가 (다) 시킨다’ ‘생선 망신은 꼴뚜기가 시킨다’ ‘실과 망신은 모과가 시킨다’,relationship,1,1,,607750,https://opendict.korean.go.kr/dictionary/view?sense_no=607750
과일 망신은 모과가 (다) 시킨다,지지리 못난 사람일수록 같이 있는 동료를 망신시킨다는 말. &lt;동의 속담&gt; ‘어물전 망신은 꼴뚜기가 시킨다’ ‘과물전 망신은 모과가 시킨다’ ‘과실 망신은 모과가 (다) 시킨다’ ‘생선 망신은 꼴뚜기가 시킨다’ ‘실과 망신은 모과가 시킨다’,relationship,1,1,,607796,https://opendict.korean.go.kr/dictionary/view?sense_no=607796
관가 돼지 배 앓는 격,근심이 있으나 누구 하나 알아주는 사람이 없이 혼자 끙끙 앓음을 비유적으로 이르는 말. &lt;동의 속담&gt; ‘관 돝 배 앓기’,relationship,1,1,sexual:gray,601196,https://opendict.korean.go.kr/dictionary/view?sense_no=601196
관 돝 배 앓기,근심이 있으나 누구 하나 알아주는 사람이 없이 혼자 끙끙 앓음을 비유적으로 이르는 말. &lt;동의 속담&gt; ‘관가 돼지 배 앓는 격’,relationship,1,1,sexual:gray,607744,https://opendict.korean.go.kr/dictionary/view?sense_no=607744
광부의 말도 성인이 가려 쓴다,사람은 누구나 남의 말에 귀를 기울여야 함을 비유적으로 이르는 말.,relationship,1,1,,601208,https://opendict.korean.go.kr/dictionary/view?sense_no=601208
광주 생원 첫 서울,"광주에 사는 사람이 처음으로 서울에 와서 보는 것이 다 신기하고 놀라워 어릿어릿하다는 뜻으로, 처음 대하는 일이라 신기하여 정신이 얼떨떨하고 어리둥절해함을 비유적으로 이르는 말.",relationship,1,1,sexual:gray,601155,https://opendict.korean.go.kr/dictionary/view?sense_no=601155
구린 입도 안 떼다,"이렇다든지 저렇다든지, 무엇이든 자기 의견을 말해야 할 사람이 입을 다물고 있음을 비유적으로 이르는 말.",relationship,1,1,sexual:gray,607763,https://opendict.korean.go.kr/dictionary/view?sense_no=607763
구원이 우환이라,"남을 구원하여 준 것이 오히려 큰 우환거리가 되었다는 뜻으로, 남이 잘되도록 해 준다는 것이 그만 좋지 않은 결과를 낳은 경우에 이르는 말.",relationship,1,1,,607595,https://opendict.korean.go.kr/dictionary/view?sense_no=607595
구유 전 뜯다,"구유의 가장자리 전을 뜯는다는 뜻으로, 세도 있는 사람의 도움을 받음을 자랑으로 삼는다는 말.",relationship,1,1,sexual:gray,607782,https://opendict.korean.go.kr/dictionary/view?sense_no=607782
군자도 시속을 따른다,어떤 사람이라도 시대적 풍습을 따라가야 한다는 말.,relationship,1,1,,607799,https://opendict.korean.go.kr/dictionary/view?sense_no=607799
군작이 어찌 대붕의 뜻을 알랴,평범한 사람이 큰 인물의 뜻을 헤아려 알기가 어려움을 비유적으로 이르는 말. &lt;동의 속담&gt; ‘참새 무리가 어찌 대붕의 뜻을 알랴’,relationship,1,1,,601269,https://opendict.korean.go.kr/dictionary/view?sense_no=601269
굴러온 돌이 박힌 돌 뺀다,외부에서 들어온 지 얼마 안 되는 사람이 오래전부터 있던 사람을 내쫓거나 해치려 함을 비유적으로 이르는 말. &lt;동의 속담&gt; ‘굴러온 돌한테 발등 다친다’,relationship,1,1,,607767,https://opendict.korean.go.kr/dictionary/view?sense_no=607767
굴러온 돌한테 발등 다친다,외부에서 들어온 지 얼마 안 되는 사람이 오래전부터 있던 사람을 내쫓거나 해치려 함을 비유적으로 이르는 말. &lt;동의 속담&gt; ‘굴러온 돌이 박힌 돌 뺀다’,relationship,1,1,,607768,https://opendict.korean.go.kr/dictionary/view?sense_no=607768
굶은 놈이 흰밥 조밥을 가릴까,"굶은 사람이 흰밥 조밥을 가리겠느냐는 뜻으로, 사정이 급할 때는 좋고 나쁜 것을 가리지 아니하고 덤벼듦을 비유적으로 이르는 말. &lt;동의 속담&gt; ‘굶은 개가 언 똥을 나무라겠는가’ ‘배고픈 놈이 흰쌀밥 조밥 가리랴’",relationship,1,1,,607618,https://opendict.korean.go.kr/dictionary/view?sense_no=607618
굼벵이도 제 일을 하려면[하라면] 한 길은 판다,미련한 사람이라도 제 일이 급하게 되면 무슨 수를 내서든지 해냄을 비유적으로 이르는 말. &lt;동의 속담&gt; ‘굼벵이도 제 일 하는 날은 열 번 재주(를) 넘는다’,relationship,1,1,,601304,https://opendict.korean.go.kr/dictionary/view?sense_no=601304
굼벵이도 제 일 하는 날은 열 번 재주(를) 넘는다,미련한 사람이라도 제 일이 급하게 되면 무슨 수를 내서든지 해냄을 비유적으로 이르는 말. &lt;동의 속담&gt; ‘굼벵이도 제 일을 하려면[하라면] 한 길은 판다’,relationship,1,1,,601303,https://opendict.korean.go.kr/dictionary/view?sense_no=601303
굼벵이 천장(遷葬)하듯,"굼벵이는 느리므로 무덤을 옮기자면 오래 걸린다는 뜻으로, 어리석은 사람이 일을 지체하며 좀처럼 성사시키지 못함을 비유적으로 이르는 말.",relationship,1,1,,601294,https://opendict.korean.go.kr/dictionary/view?sense_no=601294
궂은일에는 일가만 한 이가 없다,상사에는 일가가 서로 도와 초상을 치러 낸다는 말.,relationship,1,1,,607619,https://opendict.korean.go.kr/dictionary/view?sense_no=607619
귀둥이가 천(賤)둥이 된다,귀염을 받고 자란 아이가 커서 천대받는 사람이 되는 수도 있음을 이르는 말.,relationship,1,1,sexual:gray,601292,https://opendict.korean.go.kr/dictionary/view?sense_no=601292
귀머거리 눈치 빠르다,귀가 먹어 듣지 못하는 사람은 그 대신 눈치가 빨라 상황을 잘 알아차림을 이르는 말.,relationship,1,1,,608028,https://opendict.korean.go.kr/dictionary/view?sense_no=608028
귀신도 경문에 매어 산다,"귀신도 사람이 외는 경문에 불려 온다는 뜻으로, 아무리 권세가 등등한 사람도 기를 펴지 못하는 데가 있음을 비유적으로 이르는 말.",relationship,1,1,sexual:gray|violent:gray,607884,https://opendict.korean.go.kr/dictionary/view?sense_no=607884
귀신도 부작을 알아본다,"세상에 못하는 것이 없다는 귀신도 부적을 붙인 것을 알아보고 피한다는 뜻으로, 사람이면 누구나 위험의 표시를 다 앎을 비유적으로 이르는 말.",relationship,1,1,violent:gray,607885,https://opendict.korean.go.kr/dictionary/view?sense_no=607885
귀신보다 사람이 더 무섭다,사람의 증오와 음모가 가장 무섭다는 말.,relationship,1,1,sexual:gray,607888,https://opendict.korean.go.kr/dictionary/view?sense_no=607888
귀신 씻나락 까먹는 소리,조용하게 몇 사람이 수군거리는 소리를 비꼬는 말.,relationship,1,1,,607878,https://opendict.korean.go.kr/dictionary/view?sense_no=607878
그물이 삼천 코라도 벼리가 으뜸,사람이나 물건이 아무리 수가 많아도 주장되는 것이 없으면 소용없음을 비유적으로 이르는 말. &lt;동의 속담&gt; ‘그물이 열 자라도 벼리가 으뜸(이라)’,relationship,1,1,sexual:gray,608053,https://opendict.korean.go.kr/dictionary/view?sense_no=608053
그물이 열 자라도 벼리가 으뜸(이라),사람이나 물건이 아무리 수가 많아도 주장되는 것이 없으면 소용없음을 비유적으로 이르는 말. &lt;동의 속담&gt; ‘그물이 삼천 코라도 벼리가 으뜸’,relationship,1,1,sexual:gray,608055,https://opendict.korean.go.kr/dictionary/view?sense_no=608055
그 장단 춤추기 어렵다,어떤 일을 주관하는 사람이 많아 누구의 말을 따라야 할지 알 수 없음을 비유적으로 이르는 말. &lt;동의 속담&gt; ‘어느 장단에 춤추랴’ ‘이 굿에는 춤추기 어렵다’ ‘이날 춤추기 어렵다’,relationship,1,1,sexual:gray,607720,https://opendict.korean.go.kr/dictionary/view?sense_no=607720
글 모르는 귀신 없다,"귀신도 글을 알고 있은즉, 사람이라면 마땅히 글을 배워서 자신의 앞길을 닦아야 한다는 말.",relationship,1,1,,607952,https://opendict.korean.go.kr/dictionary/view?sense_no=607952
금강산 그늘이 관동 팔십 리 (간다),"금강산의 아름다움이 관동 팔십 리 곧 강원도 지방에 널리 미친다는 뜻으로, 훌륭한 사람 밑에서 지내면 그의 덕이 미치고 도움을 받게 됨을 비유적으로 이르는 말.",relationship,1,1,,607758,https://opendict.korean.go.kr/dictionary/view?sense_no=607758
금관자 서슬에 큰기침한다,나쁜 짓을 하고도 벼슬아치라는 배짱으로 도리어 남을 야단치고 뽐내며 횡포를 부린다는 말. &lt;동의 속담&gt; ‘망나니짓을 하여도 금관자 서슬에 큰기침한다’ ‘도둑질을 하더라도 사모 바람에 거드럭거린다’ ‘사모 바람에 거드럭거린다’,relationship,1,1,,601422,https://opendict.korean.go.kr/dictionary/view?sense_no=601422
금 잘 치는 서순동(徐順同)이라,"서순동이라는 사람이 물가를 잘 평정하였다는 데서, 물건의 값을 잘 매기는 사람을 이르는 말.",relationship,1,1,violent:gray,601435,https://opendict.korean.go.kr/dictionary/view?sense_no=601435
금장이 금 불리듯,제 마음대로 남을 다루어 부림을 비유적으로 이르는 말.,relationship,1,1,sexual:gray,601458,https://opendict.korean.go.kr/dictionary/view?sense_no=601458
기갈 든 놈은 돌담조차도 부순다,사람이 몹시 굶주리면 상식으로는 도저히 생각할 수 없는 일까지도 저지르게 됨을 비유적으로 이르는 말.,relationship,1,1,,608215,https://opendict.korean.go.kr/dictionary/view?sense_no=608215
기둥보다 서까래가 더 굵다,주(主)가 되는 것과 그에 따르는 것이 뒤바뀌어 사리에 어긋남을 비유적으로 이르는 말.,relationship,1,1,,608372,https://opendict.korean.go.kr/dictionary/view?sense_no=608372
길가에 집 짓기,"길가에 집을 지으면 오가는 사람들이 저마다 간섭을 하여 집을 짓지 못한다는 뜻으로, 무슨 일에 참견하는 사람이 많아서 그 일이 이루어지기 어려움을 비유적으로 이르는 말.",relationship,1,1,,601499,https://opendict.korean.go.kr/dictionary/view?sense_no=601499
길동무가 좋으면 먼 길도 가깝다,서로 마음이 통하는 사람과 함께 일하면 힘도 덜 들고 성과도 더 좋음을 비유적으로 이르는 말.,relationship,1,1,sexual:gray,601503,https://opendict.korean.go.kr/dictionary/view?sense_no=601503
길에 돌도 연분이 있어야 찬다,아무리 하찮은 일이라도 인연이 있어야 이루어질 수 있음을 비유적으로 이르는 말.,relationship,1,1,sexual:gray,608089,https://opendict.korean.go.kr/dictionary/view?sense_no=608089
길을 무서워하면 범을 만난다,겁이 많고 무서움을 타는 사람은 그 겁낸 만큼 무서운 일을 실지로 당하게 됨을 비유적으로 이르는 말.,relationship,1,1,,608093,https://opendict.korean.go.kr/dictionary/view?sense_no=608093
김매는 데 주인은 아흔아홉 몫을 맨다,남을 부려서 하는 일에 주인만 애쓴다는 말.,relationship,1,1,violent:gray,607792,https://opendict.korean.go.kr/dictionary/view?sense_no=607792
김 씨가 한몫 끼지 않은 우물은 없다,김씨 성을 가진 사람이 많다는 말.,relationship,1,1,,607781,https://opendict.korean.go.kr/dictionary/view?sense_no=607781
김칫국 먹고 수염 쓴다,하잘것없는 사람이 잘난 체하는 것을 비유적으로 이르는 말. &lt;동의 속담&gt; ‘미꾸라짓국 먹고 용트림한다’,relationship,1,1,,601514,https://opendict.korean.go.kr/dictionary/view?sense_no=601514
깊던 물이라도 얕아지면 오던 고기도 아니 온다,사람이 나이가 많아지면 따르던 사람도 멀어지고 찾아오지 않음을 비유적으로 이르는 말.,relationship,1,1,sexual:gray,601489,https://opendict.korean.go.kr/dictionary/view?sense_no=601489
까마귀가 까마귀 눈알 빼 먹지 않는다,"송장의 눈알을 빼 먹는 까마귀조차도 같은 까마귀의 눈알은 빼 먹지 않는다는 뜻으로, 동료를 해치는 경우를 두고 비난조로 이르는 말.",relationship,1,1,,607847,https://opendict.korean.go.kr/dictionary/view?sense_no=607847
까마귀가 열두 번 울어도 까옥 소리뿐이다,"까마귀가 아무리 많이 울어도 듣기 싫은 까옥 소리뿐이라는 뜻으로, 마음속이 검은 사람이 아무리 지껄여도 그 소리는 하나도 들을 것이나 이로운 것이 없음을 비유적으로 이르는 말.",relationship,1,1,sexual:gray,607853,https://opendict.korean.go.kr/dictionary/view?sense_no=607853
까마귀가 오지 말라는 격,까마귀가 ‘까옥까옥’ 우는 것을 ‘가오가오’ 하고 우는 것으로 듣는 것처럼 남은 아무렇지도 않은데 그의 말을 잘못 이해하고 공연히 언짢게 여김을 놀림조로 이르는 말.,relationship,1,1,,607855,https://opendict.korean.go.kr/dictionary/view?sense_no=607855
까마귀 밥이 되다,거두어 줄 사람이 없이 죽어 버려짐을 비유적으로 이르는 말.,relationship,1,1,violent:gray,607827,https://opendict.korean.go.kr/dictionary/view?sense_no=607827
까마귀 소리 열 소리에 한마디 신통한 소리 없다,미운 사람이 하는 일은 하나부터 열까지 다 밉기만 함을 이르는 말. &lt;동의 속담&gt; ‘까마귀가 열두 번 울어도 까옥 소리뿐이다’ ‘까마귀 열두 소리에 하나도 좋지 않다’ ‘까마귀 열두 소리 하나도 들을 것 없다’ ‘까마귀 하루에 열두 마디를 울어도 송장 먹는 소리’,relationship,1,1,,607828,https://opendict.korean.go.kr/dictionary/view?sense_no=607828
까마귀 열두 소리에 하나도 좋지 않다,미운 사람이 하는 일은 하나부터 열까지 다 밉기만 함을 이르는 말. &lt;동의 속담&gt; ‘까마귀가 열두 번 울어도 까옥 소리뿐이다’ ‘까마귀 소리 열 소리에 한마디 신통한 소리 없다’ ‘까마귀 열두 소리 하나도 들을 것 없다’ ‘까마귀 하루에 열두 마디를 울어도 송장 먹는 소리’,relationship,1,1,,607836,https://opendict.korean.go.kr/dictionary/view?sense_no=607836
까마귀 열두 소리 하나도 들을 것 없다,미운 사람이 하는 일은 하나부터 열까지 다 밉기만 함을 이르는 말. &lt;동의 속담&gt; ‘까마귀가 열두 번 울어도 까옥 소리뿐이다’ ‘까마귀 소리 열 소리에 한마디 신통한 소리 없다’ ‘까마귀 열두 소리에 하나도 좋지 않다’ ‘까마귀 하루에 열두 마디를 울어도 송장 먹는 소리’,relationship,1,1,,607835,https://opendict.korean.go.kr/dictionary/view?sense_no=607835
까마귀 제 소리 하면 온다,다른 사람에 관한 이야기를 하는데 공교롭게 그 사람이 나타나는 경우를 이르는 말. &lt;동의 속담&gt; ‘호랑이도 제 말 하면 온다’ ‘범도 제 말[소리] 하면 온다’ ‘범도 제 소리 하면 오고 사람도 제 말 하면 온다’,relationship,1,1,,607838,https://opendict.korean.go.kr/dictionary/view?sense_no=607838
까마귀 하루에 열두 마디를 울어도 송장 먹는 소리,미운 사람이 하는 일은 하나부터 열까지 다 밉기만 함을 이르는 말. &lt;동의 속담&gt; ‘까마귀가 열두 번 울어도 까옥 소리뿐이다’ ‘까마귀 소리 열 소리에 한마디 신통한 소리 없다’ ‘까마귀 열두 소리에 하나도 좋지 않다’ ‘까마귀 열두 소리 하나도 들을 것 없다’,relationship,1,1,,607841,https://opendict.korean.go.kr/dictionary/view?sense_no=607841
까치는 까치끼리,처지나 이해관계가 비슷한 사람끼리 서로 모이고 사귀게 됨을 비유적으로 이르는 말. &lt;동의 속담&gt; ‘늑대는 늑대끼리 노루는 노루끼리’,relationship,1,1,,608104,https://opendict.korean.go.kr/dictionary/view?sense_no=608104
꼬리 먼저 친 개가 밥은 나중에 먹는다,어떤 일이나 먼저 서두르는 사람이 뒤떨어짐을 이르는 말. &lt;동의 속담&gt; ‘먼저 꼬리 친 개 나중 먹는다’,relationship,1,1,,607922,https://opendict.korean.go.kr/dictionary/view?sense_no=607922
꽃이라도 십일홍(十日紅)이 되면 오던 봉접도 아니 온다,사람이 세도가 좋을 때는 늘 찾아오다가 그 처지가 보잘것없게 되면 찾아오지 아니함을 비유적으로 이르는 말. &lt;동의 속담&gt; ‘깊던 물이라도 얕아지면 오던 고기도 아니 온다’ ‘꽃이 시들면 오던 나비도 안 온다’ ‘나무라도 고목이 되면 오던 새도 아니 온다’,relationship,1,1,,608263,https://opendict.korean.go.kr/dictionary/view?sense_no=608263
꽃이 시들면 오던 나비도 안 온다,사람이 세도가 좋을 때는 늘 찾아오다가 그 처지가 보잘것없게 되면 찾아오지 아니함을 비유적으로 이르는 말. &lt;동의 속담&gt; ‘꽃이라도 십일홍(十日紅)이 되면 오던 봉접도 아니 온다’ ‘깊던 물이라도 얕아지면 오던 고기도 아니 온다’ ‘나무라도 고목이 되면 오던 새도 아니 온다’,relationship,1,1,,608260,https://opendict.korean.go.kr/dictionary/view?sense_no=608260
꾸어 온 조상은 자기네 자손부터 돕는다,아무리 형식을 잘 갖추더라도 이해관계가 큰 쪽으로 기울게 되어 있음을 비유적으로 이르는 말.,relationship,1,1,sexual:gray,601546,https://opendict.korean.go.kr/dictionary/view?sense_no=601546
끓는 물에 냉수 부은 것 같다,여러 사람이 북적거리다가 갑자기 조용하여짐을 비유적으로 이르는 말.,relationship,1,1,,608204,https://opendict.korean.go.kr/dictionary/view?sense_no=608204
나간 머슴이 일은 잘했다,"사람은 무엇이든지 지나간 것, 잃은 것을 애석하게 여기고 현재 가지고 있는 것보다 이전 것이 더 낫다고 생각함을 비유적으로 이르는 말.",relationship,1,1,,601634,https://opendict.korean.go.kr/dictionary/view?sense_no=601634
나갔던 며느리 효도한다,처음에 좋지 아니하게 생각하였던 사람이 뜻밖에 좋은 일을 하는 경우를 비유적으로 이르는 말.,relationship,1,1,sexual:gray,601636,https://opendict.korean.go.kr/dictionary/view?sense_no=601636
나갔던 상주 제상 엎지른다,"제사를 지내야 하는 상주가 나갔다가 돌아와 제사를 지내려고 차린 상을 엎지른다는 뜻으로, 자기가 하여야 할 일도 제대로 못 하는 사람이 도리어 그 일에 방해가 됨을 비유적으로 이르는 말.",relationship,1,1,,601638,https://opendict.korean.go.kr/dictionary/view?sense_no=601638
나갔던 파리 왱왱거린다[왱댕한다],"밖에 나갔던 사람이 집 안에 들어와 공연히 떠든다는 뜻으로, 아무런 공로도 없는 자가 공연히 참견하여 떠들어 대는 경우를 비유적으로 이르는 말.",relationship,1,1,,601640,https://opendict.korean.go.kr/dictionary/view?sense_no=601640
나귀는 샌님만 섬긴다[섬기겠단다],보잘것없는 사람이라도 자기가 지닌 지조를 지키는 경우를 비유적으로 이르는 말.,relationship,1,1,,601643,https://opendict.korean.go.kr/dictionary/view?sense_no=601643
나그네 국 맛 떨어지자[없자] 주인집에 장 떨어진다,서로 이해관계나 처지가 우연히 같아진 경우를 비유적으로 이르는 말. &lt;동의 속담&gt; ‘나그네는 국을 안 먹는다 하고 주인은 고추장이 없다 한다’,relationship,1,1,,608609,https://opendict.korean.go.kr/dictionary/view?sense_no=608609
나그네는 국을 안 먹는다 하고 주인은 고추장이 없다 한다,서로 이해관계나 처지가 우연히 같아진 경우를 비유적으로 이르는 말. &lt;동의 속담&gt; ‘나그네 국 맛 떨어지자[없자] 주인집에 장 떨어진다’,relationship,1,1,,608620,https://opendict.korean.go.kr/dictionary/view?sense_no=608620
나그네 보내고 점심 한다,인색한 사람이 말로만 대접하는 체함을 비유적으로 이르는 말.,relationship,1,1,sexual:gray,608615,https://opendict.korean.go.kr/dictionary/view?sense_no=608615
"나도 사또 너도 사또, 아전 노릇은 누가 하느냐",사람들이 모두 좋은 자리에만 있겠다고 하면 궂은일을 할 사람이 없음을 비유적으로 이르는 말.,relationship,1,1,sexual:gray,601604,https://opendict.korean.go.kr/dictionary/view?sense_no=601604
나라님이 약 없어 죽나,약도 변변히 못 써 보고 죽게 하였다고 서러워하는 사람을 위로하는 말.,relationship,1,1,violent:gray,601624,https://opendict.korean.go.kr/dictionary/view?sense_no=601624
나막신 신고 대동선 쫓아간다,사람이 요량 없이 터무니없는 짓을 함을 비유적으로 이르는 말.,relationship,1,1,,601570,https://opendict.korean.go.kr/dictionary/view?sense_no=601570
나 모르는 기생은 가기생이라,"나를 모르는 사람은 가짜 기생이라는 뜻으로, 지나치게 아는 체하거나 면식이 넓은 체하는 사람을 비유적으로 이르는 말.",relationship,1,1,sexual:gray,601597,https://opendict.korean.go.kr/dictionary/view?sense_no=601597
나무도 쓸 만한 것이 먼저 베인다,능력 있는 사람이 먼저 뽑혀 쓰임을 비유적으로 이르는 말.,relationship,1,1,,608177,https://opendict.korean.go.kr/dictionary/view?sense_no=608177
나무때기 시집보낸 것 같다,사람이 변변치 못하여 일을 제대로 하지 못함을 비유적으로 이르는 말.,relationship,1,1,,601610,https://opendict.korean.go.kr/dictionary/view?sense_no=601610
나무라도 고목이 되면 오던 새도 아니 온다,사람이 세도가 좋을 때는 늘 찾아오다가 그 처지가 보잘것없게 되면 찾아오지 아니함을 비유적으로 이르는 말. &lt;동의 속담&gt; ‘꽃이라도 십일홍(十日紅)이 되면 오던 봉접도 아니 온다’ ‘깊던 물이라도 얕아지면 오던 고기도 아니 온다’ ‘꽃이 시들면 오던 나비도 안 온다’,relationship,1,1,,608182,https://opendict.korean.go.kr/dictionary/view?sense_no=608182
나무 잘 타는 잔나비 나무에서 떨어진다,아무리 익숙하고 잘하는 사람이라도 간혹 실수할 때가 있음을 비유적으로 이르는 말. &lt;동의 속담&gt; ‘원숭이도 나무에서 떨어진다’ ‘닭도 홰에서 떨어지는 날이 있다’,relationship,1,1,sexual:gray,608165,https://opendict.korean.go.kr/dictionary/view?sense_no=608165
낙락장송도 근본은 종자,아무리 훌륭한 사람이라도 처음에는 보통 사람과 다름이 없었음을 비유적으로 이르는 말.,relationship,1,1,sexual:gray,601673,https://opendict.korean.go.kr/dictionary/view?sense_no=601673
난쟁이 허리춤 추키듯,난쟁이가 잘록한 허리 때문에 자꾸 흘러내리는 바지를 추어올리듯이 남을 자꾸 칭찬하는 모습을 비유적으로 이르는 말.,relationship,1,1,sexual:gray,601661,https://opendict.korean.go.kr/dictionary/view?sense_no=601661
날 때 궂은 아이가 죽을 때도 궂게 죽는다,"힘들게 태어난 아이는 죽을 때도 어렵게 죽는다는 뜻으로, 어려서 불행한 사람은 죽을 때까지 불행함을 비유적으로 이르는 말.",relationship,1,1,violent:gray,601575,https://opendict.korean.go.kr/dictionary/view?sense_no=601575
날면 기는 것이 능하지 못하다,훌륭한 재주가 있는 사람이라도 모든 일을 다 잘할 수는 없음을 비유적으로 이르는 말.,relationship,1,1,sexual:gray,608124,https://opendict.korean.go.kr/dictionary/view?sense_no=608124
날속한 이마 씻은 물 같다,사람이 싱겁고 못났음을 비유적으로 이르는 말.,relationship,1,1,sexual:gray,601697,https://opendict.korean.go.kr/dictionary/view?sense_no=601697
날아다니는 까막까치도 제 밥은 있다,나는 새도 먹을 것이 있는데 하물며 사람이 먹을 것이 없어서 되겠느냐는 말.,relationship,1,1,,601689,https://opendict.korean.go.kr/dictionary/view?sense_no=601689
날이 못 되어 이루어졌다,"하루가 못 가서 일이 다 되었다는 뜻으로, 일이 빨리 끝남을 이르는 말.",relationship,1,1,,608413,https://opendict.korean.go.kr/dictionary/view?sense_no=608413
남을 위해 주는 일엔 북두칠성도 굽어본다,마음을 바르게 쓰면 신명(神明)도 알아 보살핀다는 말. &lt;동의 속담&gt; ‘마음 한번 잘 먹으면 북두칠성이 굽어보신다’,relationship,1,1,sexual:gray,608435,https://opendict.korean.go.kr/dictionary/view?sense_no=608435
남의 복은 끌로도 못 판다,"남이 잘되는 것을 공연히 시기하여도 그 복을 없애 버리지 못한다는 뜻으로, 남을 시기하지 말아야 함을 비유적으로 이르는 말.",relationship,1,1,,608484,https://opendict.korean.go.kr/dictionary/view?sense_no=608484
남의 설움에 제 설움 덧짐 친다,"남이 서러워할 때 자기의 설움까지 함께 쏟아 더 서럽게 한다는 뜻으로, 남의 설움이 더욱 북받치게 곁에서 분수없이 굴거나 남의 설움에 덩달아서 슬퍼함을 비유적으로 이르는 말.",relationship,1,1,,608494,https://opendict.korean.go.kr/dictionary/view?sense_no=608494
남의 소 들고 뛰는 건 구경거리,자기와 아무런 이해관계도 없는 남의 불행을 구경거리로 여긴다는 말.,relationship,1,1,,608495,https://opendict.korean.go.kr/dictionary/view?sense_no=608495
남의 아이 떡 주라는 소리는 내 아이 떡 주라는 소리(이다),"제 아이와 남의 아이가 같이 있는데 남의 아이 떡 주라고 권하는 것은 결국 제 아이에게 떡 주라고 하는 말이나 다름없다는 뜻으로, 남을 위하는 것처럼 보이지만 실제로는 자기의 이익을 채우려는 것임을 비유적으로 이르는 말.",relationship,1,1,,608505,https://opendict.korean.go.kr/dictionary/view?sense_no=608505
남의 열 아들 부럽지 않다,자기 자식이 남이 아들을 많이 둔 것에 못지않거나 그보다 낫다는 말.,relationship,1,1,,608509,https://opendict.korean.go.kr/dictionary/view?sense_no=608509
낮일할 때 찬 초갑(草匣),필요도 없는 사람이 쓸데없이 여기저기 귀찮게 따라다님을 비유적으로 이르는 말. &lt;동의 속담&gt; ‘거둥에 망아지 (새끼) 따라다니듯’ ‘이사할 때 강아지 따라다니듯’,relationship,1,1,,608279,https://opendict.korean.go.kr/dictionary/view?sense_no=608279
낯익은 도끼에 발등 찍힌다,잘되리라고 믿고 있던 일이 어긋나거나 믿고 있던 사람이 배반하여 오히려 해를 입음을 비유적으로 이르는 말. &lt;동의 속담&gt; ‘믿는 도끼에 발등 찍힌다’ ‘믿던 발에 돌 찍힌다’ ‘믿었던 돌에 발부리 채었다’ ‘아는 도끼에 발등 찍힌다’,relationship,1,1,sexual:gray,601832,https://opendict.korean.go.kr/dictionary/view?sense_no=601832
낳는 놈마다 장군 난다,어떤 집안에 훌륭한 인물이 잇따라 남을 비유적으로 이르는 말.,relationship,1,1,,608273,https://opendict.korean.go.kr/dictionary/view?sense_no=608273
내 얼굴에 침 뱉기,남을 해치려고 하다가 도리어 자기가 해를 입게 된다는 것을 비유적으로 이르는 말. &lt;동의 속담&gt; ‘누워서 침 뱉기’ ‘자기 얼굴[낯]에 침 뱉기’ ‘제 갗에 침 뱉기’,relationship,1,1,,601804,https://opendict.korean.go.kr/dictionary/view?sense_no=601804
냅기는 과부 집 굴뚝이라,"과부 집에는 나무를 뻐개고 말리고 할 사람이 없어서 마르지 않은 나무를 그대로 때므로 연기가 심하다는 뜻으로, 다른 사람보다 심히 곤란한 처지를 비유적으로 이르는 말.",relationship,1,1,,608590,https://opendict.korean.go.kr/dictionary/view?sense_no=608590
너는 용빼는 재주가 있느냐,뾰족한 재주도 없이 남을 흉보는 사람을 핀잔하는 말.,relationship,1,1,,601856,https://opendict.korean.go.kr/dictionary/view?sense_no=601856
넉 달 가뭄에도 하루만 더 개었으면 한다,사람은 날씨에 대하여 항상 자기중심으로 생각함을 비유적으로 이르는 말.,relationship,1,1,,608395,https://opendict.korean.go.kr/dictionary/view?sense_no=608395
넘어지면 막대 타령이라,제가 저지른 실수나 잘못의 원인을 자기 자신한테서 찾지 아니하고 애꿎은 사람이나 조건만 탓하는 경우를 비유적으로 이르는 말. &lt;동의 속담&gt; ‘소경이 넘어지면 막대[지팡이] 탓이다’,relationship,1,1,,601834,https://opendict.korean.go.kr/dictionary/view?sense_no=601834
네 것 내 것을 가리지 않다,자기 일과 남의 일을 가리지 않고 남의 일을 잘 도와준다는 말. &lt;동의 속담&gt; ‘네 일 내 일을 가리지 않다’,relationship,1,1,,601864,https://opendict.korean.go.kr/dictionary/view?sense_no=601864
네 일 내 일을 가리지 않다,자기 일과 남의 일을 가리지 않고 남의 일을 잘 도와준다는 말. &lt;동의 속담&gt; ‘네 것 내 것을 가리지 않다’,relationship,1,1,,601877,https://opendict.korean.go.kr/dictionary/view?sense_no=601877
노루도 악이 나면 뒤다리를 문다,아무리 순한 사람이라도 막다른 지경에 이르면 대항함을 비유적으로 이르는 말.,relationship,1,1,,608642,https://opendict.korean.go.kr/dictionary/view?sense_no=608642
노루 본 놈이 그물 짊어진다,무슨 일이나 직접 당한 사람이 맡아 하기 마련임을 비유적으로 이르는 말.,relationship,1,1,,608631,https://opendict.korean.go.kr/dictionary/view?sense_no=608631
노름에 미쳐 나면 여편네[처]도 팔아먹는다,사람이 노름에 빠지면 극도로 타락하여 노름 밑천 마련에 수단을 가리지 않음을 비유적으로 이르는 말.,relationship,1,1,sexual:gray,601883,https://opendict.korean.go.kr/dictionary/view?sense_no=601883
녹비에 가로왈,"사슴 가죽에 쓴 가로왈(曰) 자는 가죽을 잡아당기는 대로 일(日) 자도 되고 왈(曰) 자도 된다는 뜻으로, 사람이 일정한 주견이 없이 남의 말을 좇아 이랬다저랬다 함을 비유적으로 이르는 말.",relationship,1,1,violent:gray,601916,https://opendict.korean.go.kr/dictionary/view?sense_no=601916
농사군은 지게가 둘이다,"농사짓는 사람이 제집 일을 할 때는 큰 지게를 쓰고 남의 집 일을 해 줄 때에는 작은 지게를 쓴다는 뜻으로, 자기의 이익을 위하여 하는 일에는 더 힘을 내서 일하는 법임을 비유적으로 이르는 말.",relationship,1,1,,601930,https://opendict.korean.go.kr/dictionary/view?sense_no=601930
높기는 과부 집 굴뚝(이다),"과부 집에는 나무할 사람이 없어서 그때그때 해 오는 생나무를 때기 때문에 굴뚝을 높이 세운다는 뜻으로, 굴뚝 따위가 몹시 높음을 비유적으로 이르는 말.",relationship,1,1,sexual:gray,608349,https://opendict.korean.go.kr/dictionary/view?sense_no=608349
누가 흥(興)이야 항(恒)이야 하랴,"제가 힘써 잡은 권세를 남이 뭐라고 말할 필요는 없다는 뜻으로, 관계없는 남의 일에 이래라저래라 할 수 없다는 말. 숙종 때에 김수흥 김수항 형제가 대신의 자리에 있음에 그 권세를 미워한 데서 나온 말이다.",relationship,1,1,sexual:gray,601934,https://opendict.korean.go.kr/dictionary/view?sense_no=601934
누워서 침 뱉기,남을 해치려고 하다가 도리어 자기가 해를 입게 된다는 것을 비유적으로 이르는 말. &lt;동의 속담&gt; ‘내 얼굴에 침 뱉기’ ‘자기 얼굴[낯]에 침 뱉기’ ‘제 갗에 침 뱉기’,relationship,1,1,,608891,https://opendict.korean.go.kr/dictionary/view?sense_no=608891
눈 먹던 토끼 얼음 먹던 토끼가 제각각,"눈을 먹고 살던 토끼와 얼음을 먹고 살던 토끼가 다르다는 뜻으로, 사람은 자기가 겪어 온 환경에 따라서 그 능력이 다르고 생각이 다름을 비유적으로 이르는 말. &lt;동의 속담&gt; ‘눈 집어 먹은 토끼 다르고 얼음 집어 먹은 토끼 다르다’",relationship,1,1,sexual:gray,601995,https://opendict.korean.go.kr/dictionary/view?sense_no=601995
눈물이 골짝 난다,어떤 일로 몹시 억울하거나 야속하여 눈물이 많이 남을 비유적으로 이르는 말.,relationship,1,1,,608717,https://opendict.korean.go.kr/dictionary/view?sense_no=608717
눈 어둡다 하더니 다홍 고추만 잘 딴다,제 일만 알고 남의 일은 핑계만 대고 도와주지 않는 사람을 비유적으로 이르는 말.,relationship,1,1,,608836,https://opendict.korean.go.kr/dictionary/view?sense_no=608836
눈 집어 먹은 토끼 다르고 얼음 집어 먹은 토끼 다르다,"눈을 먹고 살던 토끼와 얼음을 먹고 살던 토끼가 다르다는 뜻으로, 사람은 자기가 겪어 온 환경에 따라서 그 능력이 다르고 생각이 다름을 비유적으로 이르는 말. &lt;동의 속담&gt; ‘눈 먹던 토끼 얼음 먹던 토끼가 제각각’",relationship,1,1,sexual:gray,602003,https://opendict.korean.go.kr/dictionary/view?sense_no=602003
눈 찌를 막대,"비록 보잘것없는 막대기일지라도 사람의 눈을 찔러 앞을 못 보게 할 수 있는 수단으로는 충분하다는 뜻으로, 아무리 약한 사람이라도 자기를 해치려 드는 사람을 막기에 족한 수단은 가지고 있음을 비유적으로 이르는 말.",relationship,1,1,sexual:gray,608839,https://opendict.korean.go.kr/dictionary/view?sense_no=608839
느릿느릿 걸어도 황소걸음,속도는 느리나 오히려 믿음직스럽고 알차다는 말. &lt;동의 속담&gt; ‘드문드문 걸어도 황소걸음’ ‘띄엄띄엄 걸어도 황소걸음’,relationship,1,1,sexual:gray,602028,https://opendict.korean.go.kr/dictionary/view?sense_no=602028
늑대는 늑대끼리 노루는 노루끼리,처지나 이해관계가 비슷한 사람끼리 서로 모이고 사귀게 됨을 비유적으로 이르는 말. &lt;동의 속담&gt; ‘까치는 까치끼리’,relationship,1,1,,608902,https://opendict.korean.go.kr/dictionary/view?sense_no=608902
늙으면 욕이 많다,사람이 오래 살게 되면 이러저러한 치욕스러운 일을 많이 당한다는 말. &lt;동의 속담&gt; ‘오래 살면 욕이 많다’,relationship,1,1,,608941,https://opendict.korean.go.kr/dictionary/view?sense_no=608941
늙은이 호박나물에 용쓴다,도저히 힘을 쓸 수 없는 처지에 있는 사람이 힘을 쓸 듯이 자신 있게 나섬을 비유적으로 이르는 말.,relationship,1,1,,602059,https://opendict.korean.go.kr/dictionary/view?sense_no=602059
다시 보니 수원 나그네,"얼핏 보았을 때는 누군지 몰랐는데 다시 보니 그 전부터 잘 아는 수원 나그네였다는 뜻으로, 처음엔 누군지 몰라보았으나 깨달아 알고 보니 알던 사람이라는 말. &lt;동의 속담&gt; ‘알고 보니 수원 나그네’ ‘인제 보니 수원 나그네’",relationship,1,1,sexual:gray,608578,https://opendict.korean.go.kr/dictionary/view?sense_no=608578
단간방에서 이붓시애비 노는 꼴 보기 싫어 못 살겠다,가뜩이나 미운 사람이 못되게 노는 꼴이 몹시 아니꼽고 보기 싫다는 것을 비유적으로 이르는 말.,relationship,1,1,,608693,https://opendict.korean.go.kr/dictionary/view?sense_no=608693
단솥에 물 붓기,형편이 이미 기울어 아무리 도와주어도 보람이 없음을 비유적으로 이르는 말.,relationship,1,1,sexual:gray,609162,https://opendict.korean.go.kr/dictionary/view?sense_no=609162
달걀에도 뼈가 있다,"늘 일이 잘 안되던 사람이 모처럼 좋은 기회를 만났건만, 그 일마저 역시 잘 안됨을 이르는 말. &lt;동의 속담&gt; ‘계란에도 뼈가 있다’ ‘안되는 놈은 두부에도 뼈라’ ‘헐복한 놈은 계란에도 뼈가 있다’",relationship,1,1,,609091,https://opendict.korean.go.kr/dictionary/view?sense_no=609091
달고 치는데 안 맞는 장사가 있나,"아무리 장사라도 달아매어 놓고 치는 데는 안 맞을 재간이 없다는 뜻으로, 아무리 강한 사람도 여럿이 함께 몰아 대면 당할 수 없음을 비유적으로 이르는 말.",relationship,1,1,sexual:gray|violent:gray,609158,https://opendict.korean.go.kr/dictionary/view?sense_no=609158
닭도 홰에서 떨어지는 날이 있다,아무리 익숙하고 잘하는 사람이라도 간혹 실수할 때가 있음을 비유적으로 이르는 말. &lt;동의 속담&gt; ‘원숭이도 나무에서 떨어진다’ ‘나무 잘 타는 잔나비 나무에서 떨어진다’,relationship,1,1,sexual:gray,609186,https://opendict.korean.go.kr/dictionary/view?sense_no=609186
닭쌈에도 텃세한다,어디에서나 먼저 자리 잡은 사람이 나중에 온 사람에게 선뜻 자리를 내주지 않음을 비유적으로 이르는 말. &lt;동의 속담&gt; ‘개도 텃세한다’,relationship,1,1,sexual:gray,602101,https://opendict.korean.go.kr/dictionary/view?sense_no=602101
닭 한 마리를 잡아먹어도 인끔이 있어야 잡아먹는다,"닭 한 마리를 잡아먹어도 이웃 간에 신망이 있어야 말썽이 생기지 않는다는 뜻으로, 군중의 신망을 잃으면 아무것도 제대로 이룰 수 없음을 비유적으로 이르는 말.",relationship,1,1,sexual:gray,609184,https://opendict.korean.go.kr/dictionary/view?sense_no=609184
담배씨로 뒤웅박을 판다[딴다],"작은 담배씨의 속을 파내고 뒤웅박을 만든다는 뜻으로, 사람이 매우 잘거나 잔소리가 심함을 비유적으로 이르는 말.",relationship,1,1,violent:gray,609297,https://opendict.korean.go.kr/dictionary/view?sense_no=609297
담양 갈 놈,"담양으로 유배살이를 갈 놈이라는 뜻으로, 남을 욕하거나 업신여기어 천하게 대우하던 말. 예전에 담양으로 귀양을 많이 보냈던 데서 유래한다.",relationship,1,1,,602115,https://opendict.korean.go.kr/dictionary/view?sense_no=602115
당나귀 새낀가 보다 술 때 아는 걸 보니,술 잘 먹는 사람이 술 먹을 때를 용하게 알아서 오는 경우를 비유적으로 이르는 말.,relationship,1,1,,602148,https://opendict.korean.go.kr/dictionary/view?sense_no=602148
대경주인을 보았나,"경주인이 관청으로부터 벌을 받을 때 사람을 사서 대신 벌을 받게 한 데서, 집 없는 사람이 무수히 매 맞고 고생한다는 말.",relationship,1,1,violent:gray,602131,https://opendict.korean.go.kr/dictionary/view?sense_no=602131
대낮에 도깨비에 홀렸나[홀린 격],도무지 이해가 되지 않는 일을 당한 경우를 이르는 말.,relationship,1,1,,609301,https://opendict.korean.go.kr/dictionary/view?sense_no=609301
대대 곱사등이,아비의 잘못을 자식이 닮아서 낳은 족족 그러함을 비유적으로 이르는 말.,relationship,1,1,,608645,https://opendict.korean.go.kr/dictionary/view?sense_no=608645
대모관자 같으면 되겠다,쓸모가 많아서 여러 방면에서 자주 찾아 주는 사람이 많았으면 좋겠다는 말.,relationship,1,1,,602153,https://opendict.korean.go.kr/dictionary/view?sense_no=602153
더위 먹은 소 달만 보아도 헐떡인다,어떤 사물에 몹시 놀란 사람은 비슷한 사물만 보아도 겁을 냄을 이르는 말. &lt;동의 속담&gt; ‘자라 보고 놀란 가슴 소댕[솥뚜껑] 보고 놀란다’ ‘뜨거운 물에 덴 놈 숭늉 보고도 놀란다’ ‘불에 놀란 놈이 부지깽이[화젓가락]만 보아도 놀란다’,relationship,1,1,sexual:gray,602215,https://opendict.korean.go.kr/dictionary/view?sense_no=602215
던져 마름쇠,"마름쇠는 누구나 던지면 틀림없이 꽂히고 한쪽은 위로 솟는 데서, 어떤 일에 별로 숙달되지 않은 사람도 실수 없이 능히 할 수 있는 일인 경우를 비유적으로 이르는 말.",relationship,1,1,,609413,https://opendict.korean.go.kr/dictionary/view?sense_no=609413
도끼 가진 놈이 바늘 가진 놈을 못 당한다,도끼같이 큰 무기를 가지고 있다고 하여 상대편의 사정을 봐주다가는 도리어 바늘을 가지고 있는 사람에게 진다는 말. &lt;동의 속담&gt; ‘바늘 가진 사람이 도끼 가진 사람 이긴다’,relationship,1,1,,602188,https://opendict.korean.go.kr/dictionary/view?sense_no=602188
도끼로 제 발등 찍는다,남을 해칠 요량으로 한 것이 결국은 자기에게 해롭게 된 경우를 비유적으로 이르는 말.,relationship,1,1,,602198,https://opendict.korean.go.kr/dictionary/view?sense_no=602198
도둑고양이가 제상에 오른다,못된 사람이 무엄한 짓을 한다는 말.,relationship,1,1,,602220,https://opendict.korean.go.kr/dictionary/view?sense_no=602220
도둑놈 딱장 받듯,남을 너무 욱대김을 비유적으로 이르는 말.,relationship,1,1,,602229,https://opendict.korean.go.kr/dictionary/view?sense_no=602229
도둑을 뒤로 잡지 앞으로 잡나,"도둑은 분명한 증거를 가지고 잡아야지 의심만으로는 잡을 수 없다는 뜻으로, 확실한 증거가 없이 추측만으로는 남을 의심하거나 이렇다 저렇다 말할 수 없음을 비유적으로 이르는 말.",relationship,1,1,sexual:gray,609435,https://opendict.korean.go.kr/dictionary/view?sense_no=609435
도둑의 씨가 따로 없다,"특별히 타고난 도둑은 없다는 뜻으로, 사람이란 주위의 환경과 조건에 따라 누구나 도둑이 될 수 있음을 비유적으로 이르는 말.",relationship,1,1,sexual:gray,609441,https://opendict.korean.go.kr/dictionary/view?sense_no=609441
도둑질을 하더라도 사모 바람에 거드럭거린다,나쁜 짓을 하고도 사모라는 배짱으로 도리어 남을 야단치고 뽐내며 횡포를 부린다는 말. &lt;동의 속담&gt; ‘망나니짓을 하여도 금관자 서슬에 큰기침한다’ ‘금관자 서슬에 큰기침한다’ ‘사모 바람에 거드럭거린다’,relationship,1,1,,602282,https://opendict.korean.go.kr/dictionary/view?sense_no=602282
도련님 풍월에 염이 있으랴,어리고 서투른 사람이 하는 일이 신통할 리가 없으니 심하게 나무랄 것이 못 됨을 비유적으로 이르는 말.,relationship,1,1,,609107,https://opendict.korean.go.kr/dictionary/view?sense_no=609107
독 틈에도 용소가 있다,"독 틈에도 깊은 웅덩이가 있다는 뜻으로, 무슨 일에든지 남을 속이려 하는 수작이 있으니 조심해야 한다는 말.",relationship,1,1,,609472,https://opendict.korean.go.kr/dictionary/view?sense_no=609472
돌로 치면 돌로 치고 떡으로 치면 떡으로 친다,남이 나를 대하는 것만큼 나도 남을 그만큼밖에는 대접하지 아니한다는 것을 비유적으로 이르는 말. &lt;동의 속담&gt; ‘떡으로 치면 떡으로 치고 돌로 치면 돌로 친다’ ‘욕은 욕으로 갚고 은혜는 은혜로 갚는다’,relationship,1,1,,602308,https://opendict.korean.go.kr/dictionary/view?sense_no=602308
돌을 들면 얼굴이 붉어진다,"무거운 돌을 들면 힘을 쓰게 되어 얼굴이 붉어진다는 뜻으로, 무엇이든지 원인이 있어 그에 따른 결과가 나타남을 비유적으로 이르는 말.",relationship,1,1,,602310,https://opendict.korean.go.kr/dictionary/view?sense_no=602310
돌쩌귀에 불이 나겠다,"문을 자주 여닫는다는 뜻으로, 사람이 많이 드나듦을 비유적으로 이르는 말. &lt;동의 속담&gt; ‘돌쩌귀에 불이 난다’",relationship,1,1,,602349,https://opendict.korean.go.kr/dictionary/view?sense_no=602349
돌쩌귀에 불이 난다,"문을 자주 여닫는다는 뜻으로, 사람이 많이 드나듦을 비유적으로 이르는 말. &lt;동의 속담&gt; ‘돌쩌귀에 불이 나겠다’",relationship,1,1,,602350,https://opendict.korean.go.kr/dictionary/view?sense_no=602350
동냥자루도 제멋에 찬다,모든 사람이 천시하는 동냥질도 제가 하고 싶어서 한다는 말.,relationship,1,1,,602325,https://opendict.korean.go.kr/dictionary/view?sense_no=602325
동네마다 후레아들 하나씩 있다,사람이 모여 사는 곳에는 반드시 악한 사람도 섞여 있기 마련이라는 말.,relationship,1,1,,609491,https://opendict.korean.go.kr/dictionary/view?sense_no=609491
동네 무당 영하지 않다,가까이 살아 그 단점을 많이 알고 있어 훌륭하다고 생각하지 않음을 이르는 말. &lt;동의 속담&gt; ‘이웃집 무당 영하지 않다’ ‘동네 의원 용한 줄 모른다’,relationship,1,1,sexual:gray,609485,https://opendict.korean.go.kr/dictionary/view?sense_no=609485
동네 의원 용한 줄 모른다,가까이 살아 그 단점을 많이 알고 있어 훌륭하다고 생각하지 않음을 이르는 말. &lt;동의 속담&gt; ‘이웃집 무당 영하지 않다’ ‘동네 무당 영하지 않다’,relationship,1,1,sexual:gray,609489,https://opendict.korean.go.kr/dictionary/view?sense_no=609489
동무 따라 강남 간다,자기는 하고 싶지 아니하나 남에게 끌려서 덩달아 하게 됨을 이르는 말. &lt;동의 속담&gt; ‘친구 따라[친해] 강남 간다’ ‘벗 따라 강남 간다’,relationship,1,1,,609030,https://opendict.korean.go.kr/dictionary/view?sense_no=609030
동생의 말도 들어야 형의 말도 듣는다,아무리 형제간이라도 의리가 있고 서로 간의 은혜 갚음이 있어야 함을 비유적으로 이르는 말.,relationship,1,1,sexual:gray,609348,https://opendict.korean.go.kr/dictionary/view?sense_no=609348
돼지를 그려서 붙이겠다,진귀한 음식을 저 혼자만 먹을 때 친구들이 농담조로 이르는 말.,relationship,1,1,sexual:gray,602476,https://opendict.korean.go.kr/dictionary/view?sense_no=602476
두고 보자는 건 무섭지 않다,당장에 화풀이를 하지 못하고 두고 보자는 사람은 두려울 것이 없다는 말. &lt;동의 속담&gt; ‘나중에 보자는 사람[양반] 무섭지 않다’,relationship,1,1,,602401,https://opendict.korean.go.kr/dictionary/view?sense_no=602401
두더지는 나비가 못 되라는 법 있나,다른 사람이 상상하지 못하는 전혀 뜻밖의 상황도 일어날 수 있음을 비유적으로 이르는 말.,relationship,1,1,sexual:gray,609100,https://opendict.korean.go.kr/dictionary/view?sense_no=609100
두메 앉은 이방이 조정 일 알듯,출입 없이 집에만 있는 사람이 오히려 바깥 풍조를 잘 아는 경우를 비유적으로 이르는 말.,relationship,1,1,,609552,https://opendict.korean.go.kr/dictionary/view?sense_no=609552
두벌자식이 더 곱다,아들보다 손자가 더 귀여움을 이르는 말.,relationship,1,1,,602460,https://opendict.korean.go.kr/dictionary/view?sense_no=602460
두부에도 뼈라,운수 나쁜 사람이 하는 일은 으레 될 일에도 뜻밖의 재앙이 든다는 말.,relationship,1,1,,602452,https://opendict.korean.go.kr/dictionary/view?sense_no=602452
뒤를 캐면 삼거웃이 안 나오는 집안이 없다,누구나 결점을 찾으려고 애쓴다면 허물이 없는 사람은 없다는 말.,relationship,1,1,,609279,https://opendict.korean.go.kr/dictionary/view?sense_no=609279
뒤에 오면 석 잔,"술자리에서, 늦게 온 사람은 벌로 거푸 석 잔의 술을 마셔야 한다면서 술을 권하는 말.",relationship,1,1,,609285,https://opendict.korean.go.kr/dictionary/view?sense_no=609285
드는 줄은 몰라도 나는 줄은 안다,사람이나 재물이 붇는 것은 눈에 잘 띄지 않아도 그것이 줄어드는 것은 곧 알아차릴 수 있다는 말.,relationship,1,1,,602508,https://opendict.korean.go.kr/dictionary/view?sense_no=602508
드문드문 걸어도 황소걸음,속도는 느리나 오히려 믿음직스럽고 알차다는 말. &lt;동의 속담&gt; ‘느릿느릿 걸어도 황소걸음’ ‘띄엄띄엄 걸어도 황소걸음’,relationship,1,1,sexual:gray,609574,https://opendict.korean.go.kr/dictionary/view?sense_no=609574
들고 나니 초롱꾼,"초롱을 들고 나서면 초롱꾼이 된다는 뜻으로, 사람은 어떤 일이고 다 할 수 있다는 말.",relationship,1,1,,609584,https://opendict.korean.go.kr/dictionary/view?sense_no=609584
들어온 놈이 동네 팔아먹는다,도중에 끼어든 사람이 전체를 망친다는 말.,relationship,1,1,,609589,https://opendict.korean.go.kr/dictionary/view?sense_no=609589
등겻섬에 새앙쥐 엉기듯,먹을 것이 없는 데에 여러 사람이 달라붙어 있는 모양을 비유적으로 이르는 말.,relationship,1,1,,602531,https://opendict.korean.go.kr/dictionary/view?sense_no=602531
등곱쟁이 허리 펼 새 없다,어렵고 곤란한 처지에 있는 사람은 이래저래 늘 고생만 하게 됨을 비유적으로 이르는 말.,relationship,1,1,,602581,https://opendict.korean.go.kr/dictionary/view?sense_no=602581
등을 쓰다듬어 준 강아지 발등 문다,은혜를 베풀어 준 사람으로부터 도리어 해를 당하는 경우를 비유적으로 이르는 말.,relationship,1,1,,609845,https://opendict.korean.go.kr/dictionary/view?sense_no=609845
등잔 밑이 어둡고 이웃집이 멀다,‘등잔 밑이 어둡다’의 북한 속담.,relationship,1,1,,602535,https://opendict.korean.go.kr/dictionary/view?sense_no=602535
등잔 밑이 어둡다,대상에서 가까이 있는 사람이 도리어 대상에 대하여 잘 알기 어렵다는 말.,relationship,1,1,,602536,https://opendict.korean.go.kr/dictionary/view?sense_no=602536
딸 덕에 부원군,출가한 딸의 도움으로 무슨 일을 하거나 잘되는 것을 이르는 말.,relationship,1,1,,609641,https://opendict.korean.go.kr/dictionary/view?sense_no=609641
딸 없는 사위,직접적인 인연이나 관계가 끊어져 쓸데없거나 긴요하지 않게 된 것을 비유적으로 이르는 말. &lt;동의 속담&gt; ‘불 없는[꺼진] 화로 딸 없는[죽은] 사위’ ‘딸 죽은 사위 불 꺼진 화로’,relationship,1,1,violent:gray,609648,https://opendict.korean.go.kr/dictionary/view?sense_no=609648
딸은 옆집에 줘도 강아지는 옆집에 못 준다,"딸은 시집을 가면 그 집 사람이 되어 옆집이라도 돌아오지 않으나 강아지는 주인을 따르기에 옆집에 주면 늘 주인을 찾아와 산다는 데서, 키워 준 주인을 따르는 개의 습성을 이르는 말.",relationship,1,1,,609652,https://opendict.korean.go.kr/dictionary/view?sense_no=609652
딸의 굿에 가도 전대가 셋(이다),아무리 남을 위하여 하는 일이라도 자기의 이익을 바라게 된다는 말. &lt;동의 속담&gt; ‘딸의 굿에를 가도 자루 아홉을 가지고 간다’,relationship,1,1,,609656,https://opendict.korean.go.kr/dictionary/view?sense_no=609656
딸의 굿에를 가도 자루 아홉을 가지고 간다,아무리 남을 위하여 하는 일이라도 자기의 이익을 바라게 된다는 말. &lt;동의 속담&gt; ‘딸의 굿에 가도 전대가 셋(이다)’,relationship,1,1,,609657,https://opendict.korean.go.kr/dictionary/view?sense_no=609657
딸의 차반 재 넘어가고 며느리 차반 농 위에 둔다,"딸은 차반을 재를 넘어 시집으로 가져가고 며느리는 남편에게 주려고 차반을 제 방 농 위에 둔다는 뜻으로, 딸이나 며느리나 부모보다는 제 남편을 더 위하고 생각한다는 말.",relationship,1,1,sexual:gray,609660,https://opendict.korean.go.kr/dictionary/view?sense_no=609660
딸이 하나면 과하고 반이면 모자란다,딸은 하나만 되어도 과하다고 여길 만큼 부모의 부담이 크다는 말.,relationship,1,1,,609664,https://opendict.korean.go.kr/dictionary/view?sense_no=609664
딸자식 길러 시집보내면 륙촌이 된다,딸과 아들을 혼인시키고 나면 관계가 멀어진다는 말. &lt;동의 속담&gt; ‘아들은 말 태워 놓으면 사촌 되고 딸은 시집보내면 륙촌 된다’ ‘아들도 말 태워 놓으면 사촌 된다’,relationship,1,1,,602663,https://opendict.korean.go.kr/dictionary/view?sense_no=602663
딸 죽은 사위 불 꺼진 화로,직접적인 인연이나 관계가 끊어져 쓸데없거나 긴요하지 않게 된 것을 비유적으로 이르는 말. &lt;동의 속담&gt; ‘불 없는[꺼진] 화로 딸 없는[죽은] 사위’ ‘딸 없는 사위’,relationship,1,1,violent:gray,609649,https://opendict.korean.go.kr/dictionary/view?sense_no=609649
땅에서 솟았나 하늘에서 떨어졌나,전혀 기대하지 않던 것이 갑자기 나타남을 이르는 말.,relationship,1,1,,602556,https://opendict.korean.go.kr/dictionary/view?sense_no=602556
때리는 사람보다 말리는 놈이 더 밉다,겉으로는 위하여 주는 체하면서 속으로는 해하고 헐뜯는 사람이 더 밉다는 말. &lt;동의 속담&gt; ‘때리는 시어머니보다 말리는 시누이가 더 밉다’,relationship,1,1,violent:gray,609596,https://opendict.korean.go.kr/dictionary/view?sense_no=609596
때리는 시어머니보다 말리는 시누이가 더 밉다,겉으로는 위하여 주는 체하면서 속으로는 해하고 헐뜯는 사람이 더 밉다는 말. &lt;동의 속담&gt; ‘때리는 사람보다 말리는 놈이 더 밉다’,relationship,1,1,violent:gray,609598,https://opendict.korean.go.kr/dictionary/view?sense_no=609598
떡 다 건지는 며느리 없다,"시어머니 모르게 며느리가 딴 주머니를 차는 경우를 비유적으로 이르는 말로, 사람은 누구나 남의 눈을 속여 자기의 실속을 차리는 성향이 있다는 말.",relationship,1,1,,602604,https://opendict.korean.go.kr/dictionary/view?sense_no=602604
떡 사 먹을 양반은 눈꼴부터 다르다,참으로 그 일을 하려는 사람은 겉으로 보아도 알 수 있다는 말.,relationship,1,1,,602611,https://opendict.korean.go.kr/dictionary/view?sense_no=602611
떡으로 치면 떡으로 치고 돌로 치면 돌로 친다,남이 나를 대하는 것만큼 나도 남을 그만큼밖에는 대접하지 아니한다는 것을 비유적으로 이르는 말. &lt;동의 속담&gt; ‘돌로 치면 돌로 치고 떡으로 치면 떡으로 친다’ ‘욕은 욕으로 갚고 은혜는 은혜로 갚는다’,relationship,1,1,,602630,https://opendict.korean.go.kr/dictionary/view?sense_no=602630
떡잎에 황이 들다,사람이 맥을 못 추고 다 늙어 감을 비유적으로 이르는 말.,relationship,1,1,,602589,https://opendict.korean.go.kr/dictionary/view?sense_no=602589
떡 주고 뺨 맞는다,남을 위하여 좋은 일을 해 주고 도리어 욕을 보거나 화를 입게 되는 경우를 비유적으로 이르는 말.,relationship,1,1,,602616,https://opendict.korean.go.kr/dictionary/view?sense_no=602616
떨어진 주머니에 어패 들었다,"보기에 허름한 주머니에 어사또의 마패가 들었다는 뜻으로, 사람이나 물건이 외모를 보아서는 허름하고 못난 듯하나 실상은 비범한 가치와 훌륭한 재질을 지녔음을 비유적으로 이르는 말. &lt;동의 속담&gt; ‘베주머니에 의송 들었다’ ‘허리띠 속에 상고장(上告狀) 들었다’",relationship,1,1,sexual:gray|violent:gray,602653,https://opendict.korean.go.kr/dictionary/view?sense_no=602653
떫기는 오뉴월 산살구 같다,사람이 사귈 기분을 느끼게 하지 못하고 떨떠름한 경우를 이르는 말.,relationship,1,1,,609637,https://opendict.korean.go.kr/dictionary/view?sense_no=609637
똑똑한 사람도 몰아주면 머저리가 된다,아무리 똑똑한 사람도 여러 사람이 몰아내고 따돌리면 기를 펴지 못함을 이르는 말.,relationship,1,1,sexual:gray,602677,https://opendict.korean.go.kr/dictionary/view?sense_no=602677
똥 뀐 년이 바람맞이에 선다,미운 사람이 더욱 미운 짓을 함을 이르는 말.,relationship,1,1,,609503,https://opendict.korean.go.kr/dictionary/view?sense_no=609503
똥 누면 분칠하여 말려 두겠다,"사람의 똥에 분을 칠하여 하얗게 말려 두었다가 흰 개의 흰 똥을 약으로 구하는 사람이 있으면 팔아먹겠다는 뜻으로, 악독하고 인색한 사람을 이르는 말.",relationship,1,1,sexual:gray,609510,https://opendict.korean.go.kr/dictionary/view?sense_no=609510
똥 진 오소리,"오소리가 너구리 굴에서 함께 살면서 너구리의 똥까지 져 나른다는 데서, 남이 더러워서 하지 않는 일을 도맡아 하거나 남의 뒤치다꺼리를 하는 사람을 놀림조로 이르는 말.",relationship,1,1,,609530,https://opendict.korean.go.kr/dictionary/view?sense_no=609530
뜨거운 물에 덴 놈 숭늉 보고도 놀란다,어떤 사물에 몹시 놀란 사람은 비슷한 사물만 보아도 겁을 냄을 이르는 말. &lt;동의 속담&gt; ‘자라 보고 놀란 가슴 소댕[솥뚜껑] 보고 놀란다’ ‘더위 먹은 소 달만 보아도 헐떡인다’ ‘불에 놀란 놈이 부지깽이[화젓가락]만 보아도 놀란다’,relationship,1,1,sexual:gray,602658,https://opendict.korean.go.kr/dictionary/view?sense_no=602658
뜬 소 울 넘는다,"동작이 매우 느린 소가 울타리를 넘는다는 뜻으로, 평소에 동작이 느린 사람이 뜻밖에 장한 일을 이룸을 이르는 말.",relationship,1,1,violent:gray,609668,https://opendict.korean.go.kr/dictionary/view?sense_no=609668
띄엄띄엄 걸어도 황소걸음,속도는 느리나 오히려 믿음직스럽고 알차다는 말. &lt;동의 속담&gt; ‘드문드문 걸어도 황소걸음’ ‘느릿느릿 걸어도 황소걸음’,relationship,1,1,sexual:gray,602685,https://opendict.korean.go.kr/dictionary/view?sense_no=602685
마루 아래 강아지가 웃을 노릇,어떤 일이 경우에 몹시 어긋남을 이르는 말.,relationship,1,1,,602704,https://opendict.korean.go.kr/dictionary/view?sense_no=602704
마음잡아 개장사,방탕하던 사람이 마음을 다잡아서 생업을 하게 되었으나 결국 오래가지 못하여 헛일이 됨을 비유적으로 이르는 말.,relationship,1,1,sexual:gray,610014,https://opendict.korean.go.kr/dictionary/view?sense_no=610014
마음처럼 간사한 건 없다,사람의 마음이란 이해관계에 따라서 간사스럽게 변함을 이르는 말.,relationship,1,1,sexual:gray,610060,https://opendict.korean.go.kr/dictionary/view?sense_no=610060
마음 한번 잘 먹으면 북두칠성이 굽어보신다,마음을 바르게 쓰면 신명(神明)도 알아 보살핀다는 말. &lt;동의 속담&gt; ‘남을 위해 주는 일엔 북두칠성도 굽어본다’,relationship,1,1,sexual:gray,610046,https://opendict.korean.go.kr/dictionary/view?sense_no=610046
마지막 담배 한 대는 기생첩도 안 준다,마지막 남은 한 대의 담배는 남을 주기가 매우 아까움을 이르는 말.,relationship,1,1,sexual:gray|violent:gray,609817,https://opendict.korean.go.kr/dictionary/view?sense_no=609817
막다른 골목으로 쫓긴 짐승이 개구멍을 찾아 헤매듯,막다른 지경에 이른 사람이 거기서 헤어나 보려고 작은 가능성이라도 찾아 헤맨다는 말.,relationship,1,1,violent:gray,602712,https://opendict.korean.go.kr/dictionary/view?sense_no=602712
만만한 년은 제 서방 굿도 못 본다,사람이 변변치 못하면 응당 제가 차지하여야 할 것까지도 차지하지 못하고 놓친다는 말.,relationship,1,1,,602815,https://opendict.korean.go.kr/dictionary/view?sense_no=602815
만만한 놈은 성도 없나,사람은 다 인격을 가지고 있는 것이니 만만하다고 업신여기지 말라는 말.,relationship,1,1,,602816,https://opendict.korean.go.kr/dictionary/view?sense_no=602816
만승천자도 먹어야 산다,"사람은 안 먹고는 못 사니, 먹는 것이 중요하다는 말.",relationship,1,1,,602819,https://opendict.korean.go.kr/dictionary/view?sense_no=602819
말로는 속여도 눈길은 속이지 못한다,"말로는 별의별 소리로 사람을 속일 수 있으나 눈길에 나타나는 것은 속일 수 없다는 뜻으로, 사람의 마음이 눈길에 그대로 드러남을 이르는 말.",relationship,1,1,sexual:gray,609751,https://opendict.korean.go.kr/dictionary/view?sense_no=609751
말로 온 동네 다 겪는다,말로만 남을 대접하는 체한다는 말.,relationship,1,1,,609747,https://opendict.korean.go.kr/dictionary/view?sense_no=609747
말 발이 젖어야 잘 산다,"장가가는 신랑이 탄 말의 발이 젖을 정도로 촉촉하게 비가 내려야 그 부부가 잘 산다는 뜻으로, 결혼식 날에 비가 오는 것을 위로하는 말.",relationship,1,1,sexual:gray,602754,https://opendict.korean.go.kr/dictionary/view?sense_no=602754
맑은 물에 고기 안 논다,사람이 지나치게 결백하면 남이 따르지 않음을 비유적으로 이르는 말. &lt;동의 속담&gt; ‘물이 너무 맑으면 고기가 아니 모인다[산다]’,relationship,1,1,sexual:gray,610130,https://opendict.korean.go.kr/dictionary/view?sense_no=610130
망나니짓을 하여도 금관자 서슬에 큰기침한다,나쁜 짓을 하고도 벼슬아치라는 배짱으로 도리어 남을 야단치고 뽐내며 횡포를 부린다는 말. &lt;동의 속담&gt; ‘금관자 서슬에 큰기침한다’ ‘도둑질을 하더라도 사모 바람에 거드럭거린다’ ‘사모 바람에 거드럭거린다’,relationship,1,1,,602732,https://opendict.korean.go.kr/dictionary/view?sense_no=602732
매 위에 장사 있나,매로 때리는 데에는 견딜 사람이 없다는 말.,relationship,1,1,violent:gray,602835,https://opendict.korean.go.kr/dictionary/view?sense_no=602835
맺은 놈이 풀지,무엇이든 처음 하던 사람이 그 일의 끝을 내야 한다는 말. &lt;동의 속담&gt; ‘문 연 놈이 문 닫는다’,relationship,1,1,sexual:gray,609867,https://opendict.korean.go.kr/dictionary/view?sense_no=609867
먼 데 무당이 영하다,흔히 사람은 자신이 잘 알고 가까이 있는 것보다는 잘 모르고 멀리 있는 것을 더 좋은 것인 줄로 생각한다는 말. &lt;동의 속담&gt; ‘가까운 무당보다 먼 데 무당이 영하다’ ‘먼 데 점이 맞는다’,relationship,1,1,,609976,https://opendict.korean.go.kr/dictionary/view?sense_no=609976
먼 데 점이 맞는다,흔히 사람은 자신이 잘 알고 가까이 있는 것보다는 잘 모르고 멀리 있는 것을 더 좋은 것인 줄로 생각한다는 말. &lt;동의 속담&gt; ‘가까운 무당보다 먼 데 무당이 영하다’ ‘먼 데 무당이 영하다’,relationship,1,1,,609978,https://opendict.korean.go.kr/dictionary/view?sense_no=609978
먼저 꼬리 친 개 나중 먹는다,어떤 일이나 먼저 서두르는 사람이 뒤떨어짐을 이르는 말. &lt;동의 속담&gt; ‘꼬리 먼저 친 개가 밥은 나중에 먹는다’,relationship,1,1,,610157,https://opendict.korean.go.kr/dictionary/view?sense_no=610157
먼저 방망이를 들면 홍두깨가 안긴다,먼저 남을 해친 자는 반드시 더 큰 화를 입게 됨을 이르는 말.,relationship,1,1,,610164,https://opendict.korean.go.kr/dictionary/view?sense_no=610164
먼저 배 탄 놈이 나중 내린다,서두르는 사람이 도리어 뒤떨어짐을 이르는 말.,relationship,1,1,,610165,https://opendict.korean.go.kr/dictionary/view?sense_no=610165
메밀이 세 모라도 한 모는 쓴다더니,신통찮은 사람이라도 어느 한때는 긴요하게 쓰인다는 말.,relationship,1,1,,602883,https://opendict.korean.go.kr/dictionary/view?sense_no=602883
메밀이 있으면 뿌렸으면 좋겠다,"잡귀를 막기 위해 집 앞에 메밀을 뿌리던 민속에서 나온 말로, 왔다 간 사람이 다시는 오지 않게 했으면 좋겠다는 말.",relationship,1,1,,602884,https://opendict.korean.go.kr/dictionary/view?sense_no=602884
며느리가 미우면 손자까지 밉다,어떤 사람이 미우면 그에 딸린 사람까지도 밉게 보인다는 말. &lt;동의 속담&gt; ‘중이 미우면 가사(袈裟)도 밉다’,relationship,1,1,,609963,https://opendict.korean.go.kr/dictionary/view?sense_no=609963
멱 진 놈 섬 진 놈,"멱둥구미를 진 사람과 섬거적을 진 사람이라는 뜻으로, 가지각색의 어중이떠중이를 비유적으로 이르는 말. &lt;동의 속담&gt; ‘섬 진 놈 멱 진 놈’",relationship,1,1,sexual:gray,602885,https://opendict.korean.go.kr/dictionary/view?sense_no=602885
명공의 손에 잡히면 내버린 나무토막도 칼집이 된다,능력이 많고 재간이 있는 사람은 쓸모없이 보이는 것을 가지고도 쓸모 있는 물건을 만들어 낼 줄 안다는 말.,relationship,1,1,violent:gray,610185,https://opendict.korean.go.kr/dictionary/view?sense_no=610185
모난 돌이 정 맞는다,두각을 나타내는 사람이 남에게 미움을 받게 된다는 말.,relationship,1,1,,609997,https://opendict.korean.go.kr/dictionary/view?sense_no=609997
모진 년의 시어미 밥내 맡고 들어온다,미운 사람은 미운 짓만 골라 함을 비유적으로 이르는 말.,relationship,1,1,,610345,https://opendict.korean.go.kr/dictionary/view?sense_no=610345
목 짧은 강아지 겻섬 넘어다보듯 한다,키 작은 사람이 목을 빼 늘이고 발돋움하여 봄을 비유적으로 이르는 말.,relationship,1,1,,610335,https://opendict.korean.go.kr/dictionary/view?sense_no=610335
못 먹을 버섯은 삼월 달부터 안다,되지 않을 것은 일찍부터 그 징조가 나타남을 비유적으로 이르는 말.,relationship,1,1,,603023,https://opendict.korean.go.kr/dictionary/view?sense_no=603023
못 믿는 도둑개같이,남을 대놓고 의심하는 사람을 이르는 말.,relationship,1,1,,603024,https://opendict.korean.go.kr/dictionary/view?sense_no=603024
무게가 천 근이나 된다,사람됨이 묵직하여 믿음직스럽다는 말.,relationship,1,1,sexual:gray,610106,https://opendict.korean.go.kr/dictionary/view?sense_no=610106
무는 개는 소리 없이 문다,"무는 개는 짖지 않고 노리고 있다가 급작스레 문다는 뜻으로, 능력 있는 사람은 아무 군말 없이 자기가 할 일을 잘 처리함을 비유적으로 이르는 말.",relationship,1,1,,610732,https://opendict.korean.go.kr/dictionary/view?sense_no=610732
무는 말 있는 데에 차는 말 있다,고약한 사람이 있는 곳에는 그와 비슷한 부류의 사람들이 모임을 비유적으로 이르는 말.,relationship,1,1,,610735,https://opendict.korean.go.kr/dictionary/view?sense_no=610735
무당질 십 년에 목두기란 귀신은 처음 보았다,오랫동안 여러 사람을 겪어 보았으나 그 같은 사람이나 일은 처음임을 비유적으로 이르는 말. &lt;동의 속담&gt; ‘세 살 적부터 무당질을 하여도 목두기 귀신은 못 보았다’,relationship,1,1,sexual:gray,603038,https://opendict.korean.go.kr/dictionary/view?sense_no=603038
무른 땅에 말뚝 박기,세도 있는 사람이 힘없고 연약한 사람을 업신여기고 학대함을 비유적으로 이르는 말.,relationship,1,1,,603050,https://opendict.korean.go.kr/dictionary/view?sense_no=603050
무쇠 두멍을 쓰고 소(沼)에 가 빠졌다,죄지은 사람이 저도 모르는 사이에 스스로 화를 취한다는 말.,relationship,1,1,,603055,https://opendict.korean.go.kr/dictionary/view?sense_no=603055
묵은 거지보다 햇거지가 더 어렵다,무슨 일이나 오래 해 온 사람은 처음 시작한 사람보다 참을성이 많고 마음이 굳다는 말.,relationship,1,1,sexual:gray,610148,https://opendict.korean.go.kr/dictionary/view?sense_no=610148
문견이 좁으면 국량 배포도 좁아진다,사람은 지식과 경험이 많아야 함을 이르는 말.,relationship,1,1,,610194,https://opendict.korean.go.kr/dictionary/view?sense_no=610194
문서 없는 종,"계약 문서 없이 부리는 종과 같다는 뜻으로, 행랑살이하는 사람이나 아내 또는 며느리를 비유적으로 이르는 말.",relationship,1,1,sexual:gray,610192,https://opendict.korean.go.kr/dictionary/view?sense_no=610192
문 연 놈이 문 닫는다,무엇이든 처음 하던 사람이 그 일의 끝을 내야 한다는 말. &lt;동의 속담&gt; ‘맺은 놈이 풀지’,relationship,1,1,sexual:gray,603087,https://opendict.korean.go.kr/dictionary/view?sense_no=603087
문을 연 사람이 바로 문을 닫은 사람,원인에 따른 결과가 있기 마련이라는 말.,relationship,1,1,,603089,https://opendict.korean.go.kr/dictionary/view?sense_no=603089
묻은 불이 일어났다,뒤탈이 안 나도록 감춘 일이 드러남을 비유적으로 이르는 말.,relationship,1,1,,610176,https://opendict.korean.go.kr/dictionary/view?sense_no=610176
물에 빠진 사람이 죽을 때는 기어 나와 죽는다,죽는 순간까지 살려고 기를 쓰고 발버둥 치는 것이 사람의 상정임을 이르는 말.,relationship,1,1,violent:gray,610616,https://opendict.korean.go.kr/dictionary/view?sense_no=610616
물은 트는 대로 흐른다,"사람은 가르치는 대로 되고, 일은 주선하는 대로 된다는 말.",relationship,1,1,,610623,https://opendict.korean.go.kr/dictionary/view?sense_no=610623
물이 깊을수록 소리가 없다,덕이 높고 생각이 깊은 사람은 겉으로 떠벌리고 잘난 체하거나 뽐내지 않는다는 말.,relationship,1,1,,610632,https://opendict.korean.go.kr/dictionary/view?sense_no=610632
물이 너무 많으면 고기가 없다[안 모인다],"고기도 제가 놀기가 적당하여야 모여들지 물이 깊고 많기만 하면 잘 모여들지 않는다는 뜻으로, 실속이 없이 누구하고나 다 좋게만 지내는 사람에게는 가까운 친구도 없음을 비유적으로 이르는 말.",relationship,1,1,sexual:gray,610633,https://opendict.korean.go.kr/dictionary/view?sense_no=610633
물이 너무 맑으면 고기가 아니 모인다[산다],사람이 지나치게 결백하면 남이 따르지 않음을 비유적으로 이르는 말. &lt;동의 속담&gt; ‘맑은 물에 고기 안 논다’,relationship,1,1,sexual:gray,610634,https://opendict.korean.go.kr/dictionary/view?sense_no=610634
물 탄 꾀가 전(全) 꾀를 속이려 한다,"얕은꾀가 전체의 꾀를 망치게 한다는 뜻으로, 우둔한 사람이 도리어 영리한 사람을 속이려 함을 비유적으로 이르는 말.",relationship,1,1,,610601,https://opendict.korean.go.kr/dictionary/view?sense_no=610601
미꾸라지 용 됐다,미천하고 보잘것없던 사람이 크게 되었음을 비유적으로 이르는 말.,relationship,1,1,sexual:gray,603130,https://opendict.korean.go.kr/dictionary/view?sense_no=603130
미꾸라짓국 먹고 용트림한다,하잘것없는 사람이 잘난 체하는 것을 비유적으로 이르는 말. &lt;동의 속담&gt; ‘김칫국 먹고 수염 쓴다’,relationship,1,1,,610651,https://opendict.korean.go.kr/dictionary/view?sense_no=610651
미련한 놈 가슴의 고드름은 안 녹는다,둔하고 못난 사람이 한번 앙심을 품으면 좀처럼 누그러지지 않음을 비유적으로 이르는 말.,relationship,1,1,sexual:gray,610265,https://opendict.korean.go.kr/dictionary/view?sense_no=610265
미련한 놈 똥구멍에 불송곳이 안 들어간다,미련한 사람이 매우 고집이 세고 무뚝뚝하다는 말.,relationship,1,1,violent:gray,610267,https://opendict.korean.go.kr/dictionary/view?sense_no=610267
미운 놈 보려면 길 나는 밭 사라,길이 나는 밭을 사면 길 가는 사람들이 농작물을 밟고 가므로 길 나는 밭을 산 사람은 미운 사람들을 많이 보게 된다는 말.,relationship,1,1,,610956,https://opendict.korean.go.kr/dictionary/view?sense_no=610956
미운 파리 치려다 고운 파리 상한다,좋지 않은 사람을 치려다 도리어 그렇지 않은 사람이 누를 입는다는 말.,relationship,1,1,,610977,https://opendict.korean.go.kr/dictionary/view?sense_no=610977
미치광이 풋나물 캐듯,"미친 사람이 널리 널려 있는 풋나물을 닥치는 대로 쥐어뜯거나 여기저기 마구 쑤시며 돌아다닌다는 뜻으로, 일하는 솜씨가 매우 거칠고 어지러움을 비유적으로 이르는 말. &lt;동의 속담&gt; ‘미친년 달래 캐듯’ ‘미친년 방아 찧듯’",relationship,1,1,violent:gray,603163,https://opendict.korean.go.kr/dictionary/view?sense_no=603163
미친년 달래 캐듯,"미친 사람이 널리 널려 있는 달래를 닥치는 대로 쥐어뜯거나 여기저기 마구 쑤시며 돌아다닌다는 뜻으로, 일하는 솜씨가 매우 거칠고 어지러움을 비유적으로 이르는 말. &lt;동의 속담&gt; ‘미치광이 풋나물 캐듯’ ‘미친년 방아 찧듯’",relationship,1,1,violent:gray,610531,https://opendict.korean.go.kr/dictionary/view?sense_no=610531
미친년 방아 찧듯,"미친 사람이 방아를 닥치는 대로 찧는다는 뜻으로, 일하는 솜씨가 매우 거칠고 어지러움을 비유적으로 이르는 말. &lt;동의 속담&gt; ‘미치광이 풋나물 캐듯’ ‘미친년 달래 캐듯’",relationship,1,1,violent:gray,610532,https://opendict.korean.go.kr/dictionary/view?sense_no=610532
믿는 도끼에 발등 찍힌다,잘되리라고 믿고 있던 일이 어긋나거나 믿고 있던 사람이 배반하여 오히려 해를 입음을 비유적으로 이르는 말. &lt;동의 속담&gt; ‘낯익은 도끼에 발등 찍힌다’ ‘믿던 발에 돌 찍힌다’ ‘믿었던 돌에 발부리 채었다’ ‘아는 도끼에 발등 찍힌다’,relationship,1,1,sexual:gray,610683,https://opendict.korean.go.kr/dictionary/view?sense_no=610683
믿던 발에 돌 찍힌다,잘되리라고 믿고 있던 일이 어긋나거나 믿고 있던 사람이 배반하여 오히려 해를 입음을 비유적으로 이르는 말. &lt;동의 속담&gt; ‘믿는 도끼에 발등 찍힌다’ ‘낯익은 도끼에 발등 찍힌다’ ‘믿었던 돌에 발부리 채었다’ ‘아는 도끼에 발등 찍힌다’,relationship,1,1,sexual:gray,610684,https://opendict.korean.go.kr/dictionary/view?sense_no=610684
믿었던 돌에 발부리 채었다,잘되리라고 믿고 있던 일이 어긋나거나 믿고 있던 사람이 배반하여 오히려 해를 입음을 비유적으로 이르는 말. &lt;동의 속담&gt; ‘믿는 도끼에 발등 찍힌다’ ‘낯익은 도끼에 발등 찍힌다’ ‘믿던 발에 돌 찍힌다’ ‘아는 도끼에 발등 찍힌다’,relationship,1,1,sexual:gray,610685,https://opendict.korean.go.kr/dictionary/view?sense_no=610685
밀기름 새옹에 밥을 지어 귀이개로 퍼서 먹겠다,사람이 매우 잘거나 약아빠졌음을 비유적으로 이르는 말.,relationship,1,1,sexual:gray|violent:gray,603143,https://opendict.korean.go.kr/dictionary/view?sense_no=603143
밉다니까 마주 선다,"보기도 싫다니까 바득바득 마주 서며 보자고 한다는 뜻으로, 미운 사람이 더욱 밉살스럽게 노는 경우를 비유적으로 이르는 말.",relationship,1,1,,610984,https://opendict.korean.go.kr/dictionary/view?sense_no=610984
바느질하는 사람은 썰어 버리는 솜씨가 있고 짚신 삼는 이는 골 치는 솜씨가 있어 어렵게 산다,삯바느질하는 사람과 짚신 장사 하는 사람의 살림이 피지 못함을 비꼬는 말.,relationship,1,1,violent:gray,603180,https://opendict.korean.go.kr/dictionary/view?sense_no=603180
바늘 가진 사람이 도끼 가진 사람 이긴다,도끼같이 큰 무기를 가지고 있다고 하여 상대편의 사정을 봐주다가는 도리어 바늘을 가지고 있는 사람에게 진다는 말. &lt;동의 속담&gt; ‘도끼 가진 놈이 바늘 가진 놈을 못 당한다’,relationship,1,1,,603211,https://opendict.korean.go.kr/dictionary/view?sense_no=603211
바늘 도둑이 소도둑 된다,"바늘을 훔치던 사람이 계속 반복하다 보면 결국은 소까지도 훔친다는 뜻으로, 작은 나쁜 짓도 자꾸 하게 되면 큰 죄를 저지르게 됨을 비유적으로 이르는 말. &lt;동의 속담&gt; ‘바늘 쌈지[상자]에서 도둑이 난다’",relationship,1,1,,603215,https://opendict.korean.go.kr/dictionary/view?sense_no=603215
바늘로 찔러도 피 한 방울 안 난다,사람이 매우 단단하고 야무지게 생겼음을 비유적으로 이르는 말.,relationship,1,1,sexual:gray|violent:gray,603222,https://opendict.korean.go.kr/dictionary/view?sense_no=603222
바늘보다 실이 굵다,"바늘에 꿰야 할 실이 바늘보다 굵다는 뜻으로, 커야 할 것이 작고 작아야 할 것이 커서 사리에 어긋남을 비유적으로 이르는 말.",relationship,1,1,,603226,https://opendict.korean.go.kr/dictionary/view?sense_no=603226
바늘 쌈지[상자]에서 도둑이 난다,"바늘을 훔치던 사람이 계속 반복하다 보면 결국은 큰 물건을 훔치는 도둑이 된다는 뜻으로, 작은 나쁜 짓도 자꾸 하게 되면 큰 죄를 저지르게 됨을 비유적으로 이르는 말. &lt;동의 속담&gt; ‘바늘 도둑이 소도둑 된다’",relationship,1,1,,603218,https://opendict.korean.go.kr/dictionary/view?sense_no=603218
바람도 올바람이 낫다,사람이 어차피 바람이 날 바에는 아주 젊었을 때에 나고 빨리 잦아드는 것이 나음을 비유적으로 이르는 말.,relationship,1,1,sexual:gray|violent:gray,610388,https://opendict.korean.go.kr/dictionary/view?sense_no=610388
바람도 지난 바람이 낫다,사람은 무엇이나 과거의 것을 더 좋게 여긴다는 말.,relationship,1,1,,610389,https://opendict.korean.go.kr/dictionary/view?sense_no=610389
바른말 하는 사람 귀염 못 받는다,"남의 잘못을 따지고 곧은 이야기를 하는 사람은 모두들 꺼린다는 뜻으로, 남의 비위를 건드리는 말은 삼가라는 말.",relationship,1,1,,603190,https://opendict.korean.go.kr/dictionary/view?sense_no=603190
바보는 약으로 못 고친다,날 때부터 못나고 어리석은 사람은 어쩔 수 없다는 말.,relationship,1,1,,610400,https://opendict.korean.go.kr/dictionary/view?sense_no=610400
반반한 숫돌은 부엌에 두어도 얽은 망은 방 안에 둔다,"숫돌은 보기 좋게 반반하지만 쓰는 편리에 따라 부엌에 두고 맷돌은 그와 반대로 우툴두툴 얽었지만 쓰는 편리를 보아 방 안에 둔다는 뜻으로, 사람이나 물건도 쓸모에 따라 놓는 자리가 다 따로 있음을 비유적으로 이르는 말.",relationship,1,1,sexual:gray,603206,https://opendict.korean.go.kr/dictionary/view?sense_no=603206
받는 소는 소리 치지 않는다,능히 할 수 있는 능력을 가진 사람은 공연한 큰소리를 치지 않음을 비유적으로 이르는 말.,relationship,1,1,sexual:gray,610537,https://opendict.korean.go.kr/dictionary/view?sense_no=610537
발가락의 티눈만큼도 안 여긴다,"발가락에 난 귀찮은 티눈만큼도 여기지 아니한다는 뜻으로, 남을 몹시 업신여김을 비유적으로 이르는 말. &lt;동의 속담&gt;‘발새 티눈만도 못하다’",relationship,1,1,,610638,https://opendict.korean.go.kr/dictionary/view?sense_no=610638
발새 티눈만도 못하다,"발가락 사이에 난 귀찮은 티눈만큼도 여기지 아니한다는 뜻으로, 남을 몹시 업신여김을 비유적으로 이르는 말. &lt;동의 속담&gt;‘발가락의 티눈만큼도 안 여긴다’",relationship,1,1,,603290,https://opendict.korean.go.kr/dictionary/view?sense_no=603290
발 큰 놈이 득이다,무슨 일이고 동작이 날쌘 사람이 이로움을 비유적으로 이르는 말.,relationship,1,1,,603271,https://opendict.korean.go.kr/dictionary/view?sense_no=603271
밤밥 먹었다,아무도 모르게 밤중에 달아남을 비유적으로 이르는 말. &lt;동의 속담&gt; ‘저녁 두 번 먹었다’,relationship,1,1,,603358,https://opendict.korean.go.kr/dictionary/view?sense_no=603358
밤에 보아도 낫자루 낮에 보아도 밤나무,"낫자루는 낮이 아닌 밤에 보아도 낫자루이고, 밤나무는 밤이 아닌 낮에 보아도 밤나무란 뜻으로, 무슨 물건이고 그 본색은 어디서나 드러남을 비유적으로 이르는 말.",relationship,1,1,sexual:gray,610519,https://opendict.korean.go.kr/dictionary/view?sense_no=610519
밥 팔아 똥 사 먹겠다,사람이 미련하고 부족한 것을 비꼬는 말.,relationship,1,1,,611080,https://opendict.korean.go.kr/dictionary/view?sense_no=611080
밥 퍼 주고 밥 못 얻어먹는다,남을 위하여 좋은 일을 해 주고 도리어 피해를 입음을 비유적으로 이르는 말. &lt;동의 속담&gt; ‘밥 퍼 주고 주걱으로 뺨 맞는다’,relationship,1,1,sexual:gray|violent:gray,611082,https://opendict.korean.go.kr/dictionary/view?sense_no=611082
밥 퍼 주고 주걱으로 뺨 맞는다,남을 위하여 좋은 일을 해 주고 도리어 피해를 입음을 비유적으로 이르는 말. &lt;동의 속담&gt; ‘밥 퍼 주고 밥 못 얻어먹는다’,relationship,1,1,sexual:gray|violent:gray,611083,https://opendict.korean.go.kr/dictionary/view?sense_no=611083
밭도랑을 베개 하고 죽을 놈,"제집에서 고이 세상을 떠나지 못하고 여기저기 떠돌아다니며 괴로운 말년을 보내다가 죽으라는 뜻으로, 남을 저주하는 말.",relationship,1,1,violent:gray,603352,https://opendict.korean.go.kr/dictionary/view?sense_no=603352
배값 없는 나그네가 배에 먼저 오른다,갖추어야 할 차비나 조건을 갖추지 못한 사람이 오히려 먼저 서두름을 비난조로 이르는 말.,relationship,1,1,,603403,https://opendict.korean.go.kr/dictionary/view?sense_no=603403
배고픈 놈이 흰쌀밥 조밥 가리랴,"배고픈 사람이 흰밥 조밥을 가리겠느냐는 뜻으로, 사정이 급할 때는 좋고 나쁜 것을 가리지 아니하고 덤벼듦을 비유적으로 이르는 말. &lt;동의 속담&gt; ‘굶은 개가 언 똥을 나무라겠는가’ ‘굶은 놈이 흰밥 조밥을 가릴까’",relationship,1,1,,611179,https://opendict.korean.go.kr/dictionary/view?sense_no=611179
배꼽에 노송나무 나거든,"사람이 죽은 뒤 무덤 위에 소나무가 나서 노송이 된다는 뜻으로, 기약할 수 없음을 비유적으로 이르는 말. &lt;동의 속담&gt; ‘절로 죽은 고목(枯木)에 꽃 피거든’",relationship,1,1,sexual:gray|violent:gray,603348,https://opendict.korean.go.kr/dictionary/view?sense_no=603348
배꼽은 작아도 동지 팥죽은 잘 먹는다,얼핏 보기에는 사람이 변변치 않은 것 같으나 하는 일이 녹록하지 않음을 비유적으로 이르는 말.,relationship,1,1,sexual:gray|violent:gray,603350,https://opendict.korean.go.kr/dictionary/view?sense_no=603350
배안엣[배안에] 조부는 있어도 배안엣[배안에] 형은 없다,"자기보다 나이가 어린 사람이 할아버지뻘은 될 수 있으나, 자기보다 나이가 어린 사람에게 형이라고 할 수는 없음을 비유적으로 이르는 말.",relationship,1,1,sexual:gray,610757,https://opendict.korean.go.kr/dictionary/view?sense_no=610757
배에 발기름이 꼈다[끼다],"배에 기름살이 끼어 불룩하게 나왔다는 뜻으로, 없이 지내던 사람이 생활이 넉넉해져서 호기를 부리고 떵떵거림을 비유적으로 이르는 말.",relationship,1,1,violent:gray,610767,https://opendict.korean.go.kr/dictionary/view?sense_no=610767
배추 밑에 바람이 들었다,남 보기에 절대로 그럴 것 같지 않은 사람이 좋지 못한 짓을 하는 경우를 비유적으로 이르는 말.,relationship,1,1,,611231,https://opendict.korean.go.kr/dictionary/view?sense_no=611231
백 년을 다 살아야 삼만육천 일,사람이 아무리 오래 산다고 하여도 헤아려 보면 사람의 일생이란 어이없이 짧다는 말.,relationship,1,1,,610902,https://opendict.korean.go.kr/dictionary/view?sense_no=610902
백옥이 진토에 묻힌다,"흰 구슬이 흙먼지 속에 파묻혀 빛을 내지 못한다는 뜻으로, 유능한 사람이 재능을 드러내지 못하고 묻혀 있음을 비유적으로 이르는 말.",relationship,1,1,sexual:gray,610787,https://opendict.korean.go.kr/dictionary/view?sense_no=610787
백장이 버들잎 물고 죽는다,"고리백장은 죽을 때 제가 늘 쓰던 버들잎을 물고 죽는다는 뜻으로, 사람은 죽는 날까지 늘 하던 짓을 버리지 못함을 이르는 말.",relationship,1,1,violent:gray,610854,https://opendict.korean.go.kr/dictionary/view?sense_no=610854
백지장에 물 한 방울 떨어지듯,매우 사소하지만 흔적이 남을 때 이르는 말.,relationship,1,1,violent:gray,610870,https://opendict.korean.go.kr/dictionary/view?sense_no=610870
뱀이 용 되어 큰소리한다,변변찮거나 하찮은 사람이 신분이 귀하게 되어 아니꼽게 큰소리를 친다는 말.,relationship,1,1,,611204,https://opendict.korean.go.kr/dictionary/view?sense_no=611204
버들치가 룡 될 수 없다,"하찮은 민물고기가 아무리 기를 쓴다고 해도 용이 되어 하늘을 오를 수 없다는 뜻으로, 본바탕이나 품성이 변변하지 못한 사람은 별의별 수를 다 해도 훌륭한 인물이 될 수 없음을 비유적으로 이르는 말.",relationship,1,1,sexual:gray,610900,https://opendict.korean.go.kr/dictionary/view?sense_no=610900
번연히 알면서 새 바지에 똥 싼다,사리 판단을 할 줄 아는 사람이 실수를 저지르는 경우를 비유적으로 이르는 말.,relationship,1,1,sexual:gray,603488,https://opendict.korean.go.kr/dictionary/view?sense_no=603488
벌레는 배꼽 떨어지자 저 살아갈 줄 안다,"벌레 같은 미물도 세상에 나자마자 스스로 살아갈 줄 안다는 뜻으로, 사람이 제구실을 똑똑히 하지 못하는 경우를 빗대어 이르는 말.",relationship,1,1,,603482,https://opendict.korean.go.kr/dictionary/view?sense_no=603482
범도 제 말[소리] 하면 온다,"깊은 산에 있는 호랑이조차도 저에 대하여 이야기하면 찾아온다는 뜻으로, 어느 곳에서나 그 자리에 없다고 남을 흉보아서는 안 된다는 말. &lt;동의 속담&gt; ‘호랑이도 제 말 하면 온다’ ‘시골 놈 제 말 하면 온다’",relationship,1,1,,610464,https://opendict.korean.go.kr/dictionary/view?sense_no=610464
범도 제 새끼 사랑할 줄 안다,‘범도 새끼 둔 골을 두남둔다’의 북한 속담.,relationship,1,1,,610467,https://opendict.korean.go.kr/dictionary/view?sense_no=610467
범도 제 소리 하면 오고 사람도 제 말 하면 온다,다른 사람에 관한 이야기를 하는데 공교롭게 그 사람이 나타나는 경우를 이르는 말. &lt;동의 속담&gt; ‘호랑이도 제 말 하면 온다’ ‘까마귀 제 소리 하면 온다’ ‘범도 제 말[소리] 하면 온다’,relationship,1,1,,610468,https://opendict.korean.go.kr/dictionary/view?sense_no=610468
범 무서워하는 놈 산에 못 간다,"범이라고 하면 벌벌 떠는 사람은 산에 들어가기도 전에 어려워한다는 뜻으로, 어떤 일을 하기도 전에 겁부터 먹으면 그 일을 해내지 못함을 비유적으로 이르는 말.",relationship,1,1,,610443,https://opendict.korean.go.kr/dictionary/view?sense_no=610443
범 아가리에 날고기 넣은 셈,염치와 예의도 모르는 사람에게 그 사람이 좋아하는 물건을 맡겨 놓으면 영락없이 그 물건을 잃게 됨을 비유적으로 이르는 말. &lt;동의 속담&gt; ‘호랑이더러 날고기 봐 달란다’ ‘범에게 개를 빌려준 셈’ ‘호랑이에게 개 뀌어준 셈’,relationship,1,1,,610447,https://opendict.korean.go.kr/dictionary/view?sense_no=610447
범에게 개를 빌려준 셈,염치와 예의도 모르는 사람에게 그 사람이 좋아하는 물건을 맡겨 놓으면 영락없이 그 물건을 잃게 됨을 비유적으로 이르는 말. &lt;동의 속담&gt; ‘호랑이더러 날고기 봐 달란다’ ‘범 아가리에 날고기 넣은 셈’ ‘호랑이에게 개 뀌어준 셈’,relationship,1,1,,610470,https://opendict.korean.go.kr/dictionary/view?sense_no=610470
범에게 날개,"힘이 세고 사나운 범이 날개까지 돋쳐 하늘을 날게 되었으니 아무것도 무서울 것이 없게 되었다는 뜻으로, 힘이나 능력이 있는 사람이 더욱 힘을 얻게 된 경우를 비유적으로 이르는 말.",relationship,1,1,,610472,https://opendict.korean.go.kr/dictionary/view?sense_no=610472
범이 사납다고 제 새끼 잡아먹으랴,"아무리 성질이 포악한 범이라고 해서 제 새끼를 잡아먹을 수 있겠느냐는 뜻으로, 제 새끼에 대한 어미의 사랑은 어떤 짐승이나 마찬가지임을 비유적으로 이르는 말.",relationship,1,1,,610496,https://opendict.korean.go.kr/dictionary/view?sense_no=610496
벗 따라 강남 간다,자기는 하고 싶지 아니하나 남에게 끌려서 덩달아 하게 됨을 이르는 말. &lt;동의 속담&gt; ‘친구 따라[친해] 강남 간다’ ‘동무 따라 강남 간다’,relationship,1,1,,611012,https://opendict.korean.go.kr/dictionary/view?sense_no=611012
벙어리 속은 벙어리가 안다,같은 처지에 있는 사람이라야 그 마음을 알 수 있음을 비유적으로 이르는 말.,relationship,1,1,sexual:gray,611025,https://opendict.korean.go.kr/dictionary/view?sense_no=611025
베돌던 닭도 때가 되면 홰 안에 찾아든다,때가 되면 찾아올 사람은 다 찾아오는 법임을 비유적으로 이르는 말.,relationship,1,1,,610941,https://opendict.korean.go.kr/dictionary/view?sense_no=610941
베주머니에 의송 들었다,"보기에는 허름한 베주머니에 기밀한 서류가 들었다는 뜻으로, 사람이나 물건이 외모를 보아서는 허름하고 못난 듯하나 실상은 비범한 가치와 훌륭한 재질을 지녔음을 비유적으로 이르는 말. &lt;동의 속담&gt; ‘떨어진 주머니에 어패 들었다’ ‘허리띠 속에 상고장(上告狀) 들었다’",relationship,1,1,sexual:gray|violent:gray,611136,https://opendict.korean.go.kr/dictionary/view?sense_no=611136
벼룩도 낯짝이 있다,매우 작은 벼룩조차도 낯짝이 있는데 하물며 사람이 체면이 없어서야 되겠느냐는 말.,relationship,1,1,violent:gray,611045,https://opendict.korean.go.kr/dictionary/view?sense_no=611045
보따리 갖다 놓은 집이 주인이다,"제 보따리를 가져다 풀어 놓거나 맡겨 둔 집이 바로 주인집이 된다는 뜻으로, 자기 물건이 있는 데에 따라 인연이 맺어짐을 이르는 말.",relationship,1,1,,611193,https://opendict.korean.go.kr/dictionary/view?sense_no=611193
보리누름에 설늙은이 얼어 죽는다,"보리가 누렇게 익을 무렵에는 따뜻해야 하나 오히려 추워서 기운이 쇠한 사람이 얼어 죽는다는 뜻으로, 더워야 할 계절에 도리어 춥게 느껴지는 때를 비유적으로 이르는 말.",relationship,1,1,violent:gray,611134,https://opendict.korean.go.kr/dictionary/view?sense_no=611134
보리방아 찧을 때면 시어머니 생각난다,"힘든 보리방아를 찧을 때면 한몫 맡아 일을 도와주시던 시어머니 생각이 난다는 뜻으로, 힘든 일에 부닥치면 그전에 밉게 보이던 사람도 그리워짐을 비유적으로 이르는 말.",relationship,1,1,,611350,https://opendict.korean.go.kr/dictionary/view?sense_no=611350
보채는 아이 밥 한 술 더 준다,"보채면서 자꾸 시끄럽게 구는 아이에게는 달래느라고 밥 한 술이라도 더 주게 된다는 뜻으로, 조르며 서두르는 사람이나 열심히 구하는 사람에게는 더 잘해 주게 됨을 비유적으로 이르는 말. &lt;동의 속담&gt; ‘보채는 아이 젖 준다’ ‘젖은 보채는 아이한테 먼저 준다’",relationship,1,1,sexual:gray,603500,https://opendict.korean.go.kr/dictionary/view?sense_no=603500
보채는 아이 젖 준다,"보채면서 자꾸 시끄럽게 구는 아이에게는 달래느라고 젖 한 번이라도 더 주게 된다는 뜻으로, 조르며 서두르는 사람이나 열심히 구하는 사람에게는 더 잘해 주게 됨을 비유적으로 이르는 말. &lt;동의 속담&gt; ‘보채는 아이 밥 한 술 더 준다’ ‘젖은 보채는 아이한테 먼저 준다’",relationship,1,1,sexual:gray,603501,https://opendict.korean.go.kr/dictionary/view?sense_no=603501
복 있는 과부는 앉아도 요강 꼭지에 앉는다,운수 좋은 사람은 저절로 좋은 일만 생기게 됨을 비유적으로 이르는 말.,relationship,1,1,,611222,https://opendict.korean.go.kr/dictionary/view?sense_no=611222
본 놈이 도둑질한다,"자세한 내용을 모르는 사람은 도둑질을 못한다는 뜻으로, 무슨 일이나 실정을 알아야 그 일을 감당할 수 있음을 이르는 말.",relationship,1,1,sexual:gray,603552,https://opendict.korean.go.kr/dictionary/view?sense_no=603552
봉사 기름값 물어 주나 중이 횟값 물어 주나 일반,"기름불을 밝힐 필요가 없는 봉사가 기름값을 물어 주거나 고기를 먹지 아니하는 중이 횟값을 물어 주거나 마찬가지라는 뜻으로, 이해관계가 없는 지출임은 마찬가지임을 비유적으로 이르는 말.",relationship,1,1,,603559,https://opendict.korean.go.kr/dictionary/view?sense_no=603559
봉사 문고리 잡기,"눈먼 봉사가 요행히 문고리를 잡은 것과 같다는 뜻으로, 그럴 능력이 없는 사람이 어쩌다가 요행수로 어떤 일을 이룬 경우를 비유적으로 이르는 말. &lt;동의 속담&gt; ‘소경 문고리 잡듯[잡은 격]’ ‘장님 문고리 잡기’",relationship,1,1,,603566,https://opendict.korean.go.kr/dictionary/view?sense_no=603566
봉사 제 점 못 한다,"남의 점을 쳐 주는 봉사가 자기의 앞일에 대해서는 점을 못 친다는 뜻으로, 남을 위해서는 할 수 있는 일도 자기가 직접 당하였을 때는 스스로 처리하지 못하는 경우를 비유적으로 이르는 말.",relationship,1,1,,603573,https://opendict.korean.go.kr/dictionary/view?sense_no=603573
부르기 좋은 개똥쇠,"부르기 좋아서 자꾸 개똥쇠 개똥쇠 하고 부르며 찾느냐는 뜻으로, 반갑지도 아니한 사람이 시끄럽게 자기를 자주 찾는 경우를 비꼬는 말.",relationship,1,1,,611116,https://opendict.korean.go.kr/dictionary/view?sense_no=611116
부서진 갓모자가 되었다,사람이 남에게 꾸지람을 듣고 무안을 당하였음을 비유적으로 이르는 말.,relationship,1,1,sexual:gray,611589,https://opendict.korean.go.kr/dictionary/view?sense_no=611589
부아 돋는 날 의붓아비 온다,가뜩이나 화가 나서 참지 못하고 있는데 미운 사람이 찾아와 더욱 화를 돋우는 경우를 비유적으로 이르는 말. &lt;동의 속담&gt; ‘골난 날 의붓아비 온다’,relationship,1,1,,611558,https://opendict.korean.go.kr/dictionary/view?sense_no=611558
부잣집 가운데 자식 (같다),"부잣집 둘째 아들이 흔히 무위도식하며 방탕하다는 데서, 일은 하지 아니하고 놀고먹는 사람을 비유적으로 이르는 말.",relationship,1,1,,603733,https://opendict.korean.go.kr/dictionary/view?sense_no=603733
부조는 않더라도 제상이나 치지 말라,도와주지 못할망정 방해는 하지 말라는 것을 비유적으로 이르는 말.,relationship,1,1,,603507,https://opendict.korean.go.kr/dictionary/view?sense_no=603507
부조도 말고 제상 다리도 치지 말라,도와주지도 말고 방해도 하지 말라는 것을 비유적으로 이르는 말.,relationship,1,1,,603508,https://opendict.korean.go.kr/dictionary/view?sense_no=603508
부처님 공양 말고 배고픈 사람 밥을 먹여라,"부처에게 재물을 바쳐 가며 보람도 없는 공양을 할 것이 아니라 그 재물을 가지고 굶주린 사람들을 조금이라도 도와서 밥을 먹이는 것이 참된 길이라는 뜻으로, 남에게 어진 일을 하여 덕을 쌓으면 복이 저절로 옴을 이르는 말.",relationship,1,1,,603630,https://opendict.korean.go.kr/dictionary/view?sense_no=603630
불난 강변에 덴 소 날뛰듯,"불이 난 강변에 불에 덴 소가 이리 뛰고 저리 뛰며 날뛰듯 한다는 뜻으로, 위급한 경우를 당하여 황망하게 날뛰는 사람이나 모양을 비유적으로 이르는 말.",relationship,1,1,,611053,https://opendict.korean.go.kr/dictionary/view?sense_no=611053
불난 데서 불이야 한다,잘못을 저지른 사람이 그것을 가리기 위하여 남보다 먼저 떠들어 대는 경우를 비유적으로 이르는 말.,relationship,1,1,,611056,https://opendict.korean.go.kr/dictionary/view?sense_no=611056
불 없는[꺼진] 화로 딸 없는[죽은] 사위,직접적인 인연이나 관계가 끊어져 쓸데없거나 긴요하지 않게 된 것을 비유적으로 이르는 말. &lt;동의 속담&gt; ‘딸 없는 사위’ ‘딸 죽은 사위 불 꺼진 화로’,relationship,1,1,violent:gray,611341,https://opendict.korean.go.kr/dictionary/view?sense_no=611341
불에 놀란 놈이 부지깽이[화젓가락]만 보아도 놀란다,어떤 사물에 몹시 놀란 사람은 비슷한 사물만 보아도 겁을 냄을 이르는 말. &lt;동의 속담&gt; ‘자라 보고 놀란 가슴 소댕[솥뚜껑] 보고 놀란다’ ‘더위 먹은 소 달만 보아도 헐떡인다’ ‘뜨거운 물에 덴 놈 숭늉 보고도 놀란다’,relationship,1,1,sexual:gray,611342,https://opendict.korean.go.kr/dictionary/view?sense_no=611342
비둘기는 하늘을 날아도 콩밭을 못 잊는다,비둘기가 콩밭에만 마음을 두듯이 사람은 아무리 좋은 곳을 떠돌아다녀도 자기가 살던 고장을 잊지 못함을 비유적으로 이르는 말.,relationship,1,1,sexual:gray,611484,https://opendict.korean.go.kr/dictionary/view?sense_no=611484
비루 오른 강아지 범 복장거리 시킨다,못난 사람이 때로 유능한 사람에게 의외의 타격을 줌을 비유적으로 이르는 말.,relationship,1,1,,603743,https://opendict.korean.go.kr/dictionary/view?sense_no=603743
비 맞은 용대기 같다,득의양양하던 사람이 맥없이 풀이 죽은 모양을 비유적으로 이르는 말. &lt;동의 속담&gt; ‘비 맞은 장닭 같다’,relationship,1,1,violent:gray,603701,https://opendict.korean.go.kr/dictionary/view?sense_no=603701
비 맞은 장닭 같다,득의양양하던 사람이 맥없이 풀이 죽은 모양을 비유적으로 이르는 말. &lt;동의 속담&gt; ‘비 맞은 용대기 같다’,relationship,1,1,violent:gray,603702,https://opendict.korean.go.kr/dictionary/view?sense_no=603702
비자루로는 개도 안 때린다,"빗자루로는 개조차도 안 때리는 법인데 인격을 존중하여야 할 사람을 빗자루로 때릴 수 없다는 뜻으로, 빗자루로 사람을 때리는 것을 말리는 경우에 이르는 말.",relationship,1,1,violent:gray,603730,https://opendict.korean.go.kr/dictionary/view?sense_no=603730
빈말이 랭수 한 그릇만 못하다,"말만 번지르르하게 하는 것보다는 목마른 사람에게 냉수 한 그릇을 대접하는 것이 낫다는 뜻으로, 말로만 하는 것보다는 실질적으로 도와주는 것이 훨씬 나음을 비유적으로 이르는 말.",relationship,1,1,sexual:gray,603776,https://opendict.korean.go.kr/dictionary/view?sense_no=603776
빈 수레가[달구지가] 요란하다,실속 없는 사람이 겉으로 더 떠들어 댐을 비유적으로 이르는 말. &lt;동의 속담&gt; ‘속이 빈 깡통이 소리만 요란하다’,relationship,1,1,,611417,https://opendict.korean.go.kr/dictionary/view?sense_no=611417
빌려 온 고양이같이,여러 사람이 모여 떠드는 데서 사람들과 어울리지 아니한 채 혼자 덤덤히 있는 경우를 이르는 말.,relationship,1,1,,611516,https://opendict.korean.go.kr/dictionary/view?sense_no=611516
빚 보인하는[보증하는] 자식은 낳지도 말라,빚보증 서는 것은 지극히 위험한 일임을 비유적으로 이르는 말.,relationship,1,1,,611489,https://opendict.korean.go.kr/dictionary/view?sense_no=611489
빚 준 상전이요 빚 쓴 종이라,빚진 사람은 빚 준 사람의 종이나 다름이 없다는 말.,relationship,1,1,,611492,https://opendict.korean.go.kr/dictionary/view?sense_no=611492
빚진 죄인[종](이라),빚진 사람은 빚 준 사람에게 죄인이나 종처럼 기를 펴지 못하고 구속받게 됨을 비유적으로 이르는 말.,relationship,1,1,,611425,https://opendict.korean.go.kr/dictionary/view?sense_no=611425
빠른 말이 뛰면 굼뜬 소도 간다,일 잘하는 사람이 있으면 굼뜬 사람도 자연히 그를 따라가기 마련이라는 말.,relationship,1,1,,603683,https://opendict.korean.go.kr/dictionary/view?sense_no=603683
빨래 이웃은 안 한다,빨래할 때 가까이 있으면 구정물이나 튀지 좋은 일은 없다는 말.,relationship,1,1,,603694,https://opendict.korean.go.kr/dictionary/view?sense_no=603694
빨리 다는 화로가 빨리 식는다,빨리 흥분하는 사람은 또한 그 흥분을 쉽게 가라앉힘을 비유적으로 이르는 말.,relationship,1,1,,611690,https://opendict.korean.go.kr/dictionary/view?sense_no=611690
뺨 맞는 데 구레나룻이 한 부조,"쓸모없어 보이던 구레나룻도 뺨을 맞을 경우에는 아픔을 덜어 준다는 뜻으로, 아무 소용 없는 듯한 물건이 뜻밖에 도움을 주게 됨을 비유적으로 이르는 말.",relationship,1,1,,611461,https://opendict.korean.go.kr/dictionary/view?sense_no=611461
뽕도 따고 임도 보고[본다],"뽕 따러 나가니 누에 먹이를 장만할 뿐만 아니라 사랑하는 애인도 만나 정을 나눈다는 뜻으로, 두 가지 일을 동시에 이룸을 비유적으로 이르는 말. &lt;동의 속담&gt; ‘원(도) 보고 송사(도) 본다’ ‘원님도 보고 환자(還子)도 탄다’ ‘임도 보고 뽕도 딴다’",relationship,1,1,,603759,https://opendict.korean.go.kr/dictionary/view?sense_no=603759
사내자식은 수리개 넋이다,남자들은 솔개처럼 잘 떠돌아다님을 비유적으로 이르는 말.,relationship,1,1,sexual:gray,603803,https://opendict.korean.go.kr/dictionary/view?sense_no=603803
사또님 말씀이야 다[늘] 옳습지,아랫사람이 윗사람의 말을 빈정거리는 경우를 이르는 말.,relationship,1,1,,611477,https://opendict.korean.go.kr/dictionary/view?sense_no=611477
사또 덕분에 나팔 분다,"사또와 동행한 덕분에 나팔 불고 요란히 맞아 주는 호화로운 대접을 받는다는 뜻으로, 남의 덕으로 당치도 아니한 행세를 하게 되거나 그런 대접을 받고 우쭐대는 모양을 비유적으로 이르는 말. &lt;동의 속담&gt; ‘원님 덕에 나팔[나발] 분다’",relationship,1,1,,611467,https://opendict.korean.go.kr/dictionary/view?sense_no=611467
사람마다 저 잘난 맛에 산다,남이야 어떻게 보든 사람은 다 자기가 잘났다는 긍지와 자존심이 있다는 것을 이르는 말.,relationship,1,1,,611622,https://opendict.korean.go.kr/dictionary/view?sense_no=611622
사람마다 한 가지 버릇은 있다,사람은 누구나 한두 가지의 좋지 못한 버릇이 있음을 이르는 말.,relationship,1,1,sexual:gray,611623,https://opendict.korean.go.kr/dictionary/view?sense_no=611623
사람 밥 빌어먹는 구멍은 삼천몇 가지,사람이 먹고살아 나가기 위한 생활 수단이 매우 다양함을 비유적으로 이르는 말.,relationship,1,1,violent:gray,611602,https://opendict.korean.go.kr/dictionary/view?sense_no=611602
사람으로 콩나물을 길렀다[길렀나],콩나물시루에 콩나물이 촘촘히 들어선 것처럼 좁은 곳에 많은 사람이 빽빽이 들어찬 모양을 비유적으로 이르는 말.,relationship,1,1,,611626,https://opendict.korean.go.kr/dictionary/view?sense_no=611626
사람은 늙어지고 시집은[시집살이는] 젊어진다,나이는 들어 늙어 가는데 시집살이는 덜어지지 아니하고 오히려 더 힘들어지는 경우를 이르는 말.,relationship,1,1,,611631,https://opendict.korean.go.kr/dictionary/view?sense_no=611631
사람은 얼굴보다 마음이 고와야 한다,사람에게 있어서 인물이 잘생긴 것보다 마음씨가 훌륭한 것이 더 중요함을 이르는 말.,relationship,1,1,sexual:gray,611634,https://opendict.korean.go.kr/dictionary/view?sense_no=611634
산 눈깔 빼 먹을 놈,"살아 있는 사람의 눈알을 빼 먹을 만큼 지독한 놈이라는 뜻으로, 남을 속이고 자기의 이익만 차리려는 악독하고 교활한 사람을 낮잡아 이르는 말.",relationship,1,1,violent:gray,611795,https://opendict.korean.go.kr/dictionary/view?sense_no=611795
산 닭 주고 죽은 닭 바꾸기도 어렵다,원래 변변하지 못한 것을 구하여 오는 사람은 귀한 것을 가지고도 변변하지 못한 것조차 구하지 못하여 결국 귀한 것의 값어치만 천하여짐을 비유적으로 이르는 말.,relationship,1,1,violent:gray,611798,https://opendict.korean.go.kr/dictionary/view?sense_no=611798
산중 놈은 도끼질 야지(野地) 놈은 괭이질,사람은 각기 자신의 환경에 따라 하는 일이 다름을 비유적으로 이르는 말.,relationship,1,1,,604038,https://opendict.korean.go.kr/dictionary/view?sense_no=604038
살결이 희면 열 허물 가린다,살결이 흰 사람은 대체로 아름다워 보인다는 말.,relationship,1,1,,611744,https://opendict.korean.go.kr/dictionary/view?sense_no=611744
살림은 오장 같다,"뱃속의 오장이 모두 제 기능을 다해야 사람이 살아갈 수 있는 것처럼 아무리 많은 살림살이도 빠짐없이 모두 소용되기 마련이며, 또한 그 많은 살림살이가 모두 제 기능을 다하여 서로 손이 맞아떨어져야 함을 비유적으로 이르는 말.",relationship,1,1,,612204,https://opendict.korean.go.kr/dictionary/view?sense_no=612204
살아 삼 배 죽어 삼 배,"사람은 죽은 다음에도 자손들이 제사를 지낼 때 술 석 잔은 부어 주는 법인데 살아 있을 때 석 잔 술도 못 마시겠느냐는 뜻으로, 술 마시는 자리에서 석 잔도 마시지 않고 사양하는 사람에게 술을 권하면서 하는 말.",relationship,1,1,sexual:gray|violent:gray,611807,https://opendict.korean.go.kr/dictionary/view?sense_no=611807
살을 째고 소금을 치는 사람이다,남의 살을 째고 거기다가 소금을 칠 만큼 성질이 몹시 모질고 악착스러운 사람을 비유적으로 이르는 말.,relationship,1,1,,611732,https://opendict.korean.go.kr/dictionary/view?sense_no=611732
삼남이 풍년이면 천하는 굶주리지 않는다,"충청도, 전라도, 경상도 땅이 풍년이면 우리나라 사람은 굶주리지 않는다는 말.",relationship,1,1,,603920,https://opendict.korean.go.kr/dictionary/view?sense_no=603920
삼 년 남의집살고 주인 성 묻는다,"삼 년 동안이나 한집에서 살면서 주인 성을 몰라서 묻는다는 뜻으로, 주위에서 벌어지는 일에 전혀 무관심한 사람이 어쩌다가 관심을 가지는 경우를 비유적으로 이르는 말.",relationship,1,1,,603991,https://opendict.korean.go.kr/dictionary/view?sense_no=603991
삼 년 친구 성밖에 모른다,‘삼 년 남의집살고 주인 성 묻는다’의 북한 속담.,relationship,1,1,,603999,https://opendict.korean.go.kr/dictionary/view?sense_no=603999
삼대 적선을 해야 동네 혼사를 한다,"대를 이어 사람들에게 착한 일을 해서 좋게 보여야 한동네 사람과 혼사를 할 수 있다는 뜻으로, 한동네 이웃끼리는 서로 집안 내용을 샅샅이 알기 때문에 혼사가 매우 어려움을 비유적으로 이르는 말.",relationship,1,1,violent:gray,604007,https://opendict.korean.go.kr/dictionary/view?sense_no=604007
삼천갑자 동방삭이도 저 죽을 날은 몰랐다,"오래오래 살았다는 동방삭이도 저 죽을 날은 몰랐다는 뜻으로, 아무리 현명하다고 해도 사람은 누구나 자기에게 닥쳐올 운명에 대해서는 잘 알지 못함을 비유적으로 이르는 말.",relationship,1,1,violent:gray,603914,https://opendict.korean.go.kr/dictionary/view?sense_no=603914
삼촌 못난이 조카 장물 짐 진다,"못난 삼촌이 조카가 훔친 물건을 지고 따라간다는 뜻으로, 덩치는 큰 사람이 못난 짓을 하는 경우를 비유적으로 이르는 말.",relationship,1,1,,603958,https://opendict.korean.go.kr/dictionary/view?sense_no=603958
상덕을 바라지 하덕을 바라랴,사랑과 은덕은 으레 윗사람에게서 받기 마련이지 아랫사람에게서 받는 일은 없음을 이르는 말.,relationship,1,1,sexual:gray,603917,https://opendict.korean.go.kr/dictionary/view?sense_no=603917
상여 뒤에 약방문,"사람이 죽은 다음에야 약을 구한다는 뜻으로, 때가 지나 일이 다 틀어진 후에야 뒤늦게 대책을 세움을 비유적으로 이르는 말. &lt;동의 속담&gt; ‘사후 약방문[청심환]’ ‘성복 뒤에 약방문[약 공론]’ ‘성복제 지내는데 약 공론 한다’ ‘죽은 다음에 청심환’ ‘죽은 뒤에 약방문’",relationship,1,1,sexual:gray|violent:gray,604193,https://opendict.korean.go.kr/dictionary/view?sense_no=604193
상인은 설워 아니 하는데 복인이 더 설워한다,직접 일을 당한 사람보다도 오히려 다른 사람이 더 걱정하고 있음을 비유적으로 이르는 말. &lt;동의 속담&gt; ‘상제보다 복재기가 더 설워한다’,relationship,1,1,sexual:gray,604144,https://opendict.korean.go.kr/dictionary/view?sense_no=604144
상전은 말은 믿고 살아도 종은 믿고 못 산다,"상전은 제집에서 부리는 말과 같은 동물은 믿으나 종은 믿지 아니한다는 뜻으로, 사람은 동물만큼도 믿을 수 없음을 비유적으로 이르는 말.",relationship,1,1,sexual:gray,611908,https://opendict.korean.go.kr/dictionary/view?sense_no=611908
상제보다 복재기가 더 설워한다,직접 일을 당한 사람보다도 오히려 다른 사람이 더 걱정하고 있음을 비유적으로 이르는 말. &lt;동의 속담&gt; ‘상인은 설워 아니 하는데 복인이 더 설워한다’,relationship,1,1,sexual:gray,612003,https://opendict.korean.go.kr/dictionary/view?sense_no=612003
상추쌈에 고추장이 빠질까,"상추쌈에 고추장을 빼놓을 수 없다는 뜻으로, 사람이나 사물이 긴밀하게 관련되어 있어 언제나 따라다니고 붙어 다니는 경우를 비유적으로 이르는 말.",relationship,1,1,,604097,https://opendict.korean.go.kr/dictionary/view?sense_no=604097
새도 염불(을) 하고 쥐도 방귀를 뀐다,여러 사람이 모여 노는 데에서 수줍어서 노래나 춤을 하지 못하는 사람을 놀리는 말.,relationship,1,1,,604190,https://opendict.korean.go.kr/dictionary/view?sense_no=604190
새 사람 들어와 삼 년이요 새 집 지어 삼 년이라,사람의 속을 깊이 알려면 몇 해 동안 함께 지내보아야 하며 새로 지은 집은 몇 해 지나서야 자리가 잡힌다는 뜻으로 이르는 말.,relationship,1,1,,611824,https://opendict.korean.go.kr/dictionary/view?sense_no=611824
새알 멜빵 하겠다,사람이 매우 약음을 이르는 말.,relationship,1,1,sexual:gray|violent:gray,612151,https://opendict.korean.go.kr/dictionary/view?sense_no=612151
새침데기 골로 빠진다,"새침데기는 꾀바르게 골짜기로 빠져나간다는 뜻으로, 겉으로 떠벌리는 사람보다 얌전한 척하는 사람이 오히려 나쁜 마음을 품는 경우가 많다는 것을 비유적으로 이르는 말. &lt;동의 속담&gt; ‘시시덕이는 재를 넘어도 새침데기는 골로 빠진다’",relationship,1,1,sexual:gray,604050,https://opendict.korean.go.kr/dictionary/view?sense_no=604050
새 한 마리도 백 놈이 갈라 먹는다,아무리 작은 것이라도 서로 의만 좋으면 여러 사람이 나누어 먹거나 나누어 가질 수 있음을 비유적으로 이르는 말.,relationship,1,1,sexual:gray,604181,https://opendict.korean.go.kr/dictionary/view?sense_no=604181
샛바리 짚바리 나무란다,"새가 짚보다 나을 것이 없는데도 새를 실은 바리가 짚을 실은 바리를 나무란다는 뜻으로, 남을 자기보다 못하다고 하지만 실은 둘 다 마찬가지임을 비유적으로 이르는 말.",relationship,1,1,,604171,https://opendict.korean.go.kr/dictionary/view?sense_no=604171
생가시아비 묶듯,"살아 있는 장인을 죽은 사람 다루듯 묶는다는 뜻으로, 엄하여야 할 자리에 있는 사람은 너그럽게 대하는데 그 상대편이 도리어 버릇없이 굴어 도리에 어긋나게 됨을 비유적으로 이르는 말.",relationship,1,1,violent:gray,604197,https://opendict.korean.go.kr/dictionary/view?sense_no=604197
생선 망신은 꼴뚜기가 시킨다,지지리 못난 사람일수록 같이 있는 동료를 망신시킨다는 말. &lt;동의 속담&gt; ‘어물전 망신은 꼴뚜기가 시킨다’ ‘과물전 망신은 모과가 시킨다’ ‘과실 망신은 모과가 (다) 시킨다’ ‘과일 망신은 모과가 (다) 시킨다’ ‘실과 망신은 모과가 시킨다’,relationship,1,1,,612201,https://opendict.korean.go.kr/dictionary/view?sense_no=612201
생초목에 불붙는다,시퍼렇게 젊은 아까운 사람이 갑자기 죽었음을 비유적으로 이르는 말.,relationship,1,1,sexual:gray|violent:gray,604142,https://opendict.korean.go.kr/dictionary/view?sense_no=604142
서울 가는 놈 감투 부탁 받은 격,"서울 가는 사람이 남에게서 감투를 구해다 달라고 부탁을 받고는 건성으로 구해다 주겠다고 대답하는 식이란 뜻으로, 남의 부탁을 받고서도 거기에는 관심이 전혀 없는 경우를 비유적으로 이르는 말.",relationship,1,1,,612103,https://opendict.korean.go.kr/dictionary/view?sense_no=612103
서울 김 서방 집도 찾아간다,어디에 있는지를 잘 모르는 사람이나 물건도 찾으려고만 하면 어떻게든 찾아낼 수 있음을 비유적으로 이르는 말.,relationship,1,1,sexual:gray,612107,https://opendict.korean.go.kr/dictionary/view?sense_no=612107
서울 사람[놈]은 비만 오면 풍년이란다,서울 사람이 농사일에 대하여 전혀 모름을 놀림조로 이르는 말.,relationship,1,1,,612110,https://opendict.korean.go.kr/dictionary/view?sense_no=612110
서울 소식은 시골 가서 들어라,"서울에서 벌어진 사건에 대한 소식 중의 어떤 것은 시골에 먼저 퍼진다는 뜻으로, 자기 주위의 일은 먼 데 사람이 더 잘 아는 경우가 많음을 비유적으로 이르는 말.",relationship,1,1,sexual:gray,612113,https://opendict.korean.go.kr/dictionary/view?sense_no=612113
서울 혼인에 깍쟁이 오듯,"서울 집 혼인에 지나가던 깍쟁이들이 얻어먹겠다고 모여든다는 뜻으로, 관계도 없는 사람이 많이 모여든 경우를 두고 이르는 말.",relationship,1,1,,612115,https://opendict.korean.go.kr/dictionary/view?sense_no=612115
서투른 시객이 평측을 가리랴,"한시를 잘 못 짓는 사람이 한자음의 높낮이를 맞추어서 시를 지을 수 있겠는가라는 뜻으로, 일을 잘 못하는 주제에 까다로운 법칙까지 다 알아서 할 수 있을 리 없음을 비유적으로 이르는 말.",relationship,1,1,sexual:gray,611999,https://opendict.korean.go.kr/dictionary/view?sense_no=611999
선봉대장 투구 쓰듯,옛날 군대의 선봉대장이 굉장히 큰 투구를 뒤집어쓰고 완전 무장을 했듯이 무엇을 머리 위로부터 푹 내려 쓴 모양을 비유적으로 이르는 말.,relationship,1,1,,604250,https://opendict.korean.go.kr/dictionary/view?sense_no=604250
선손질 후 방망이,"먼저 손을 쓰면 뒤에 방망이를 맞는다는 뜻으로, 남을 해롭게 하면 뒤에 자신은 그보다 더 큰 해를 입게 됨을 비유적으로 이르는 말.",relationship,1,1,,604114,https://opendict.korean.go.kr/dictionary/view?sense_no=604114
설음 중에도 배고픈 설음이 크다,사람이 살아 나가는 데 먹을 것 없어 배곯는 것보다 더 서러운 일은 없다는 말.,relationship,1,1,sexual:gray,604199,https://opendict.korean.go.kr/dictionary/view?sense_no=604199
섬 진 놈 멱 진 놈,"섬거적을 진 사람과 멱둥구미를 진 사람이라는 뜻으로, 가지각색의 어중이떠중이를 비유적으로 이르는 말. &lt;동의 속담&gt; ‘멱 진 놈 섬 진 놈’",relationship,1,1,sexual:gray,604282,https://opendict.korean.go.kr/dictionary/view?sense_no=604282
성복 뒤에 약방문[약 공론],"사람이 죽은 다음에야 약을 구한다는 뜻으로, 때가 지나 일이 다 틀어진 후에야 뒤늦게 대책을 세움을 비유적으로 이르는 말. &lt;동의 속담&gt; ‘사후 약방문[청심환]’ ‘상여 뒤에 약방문’ ‘성복제 지내는데 약 공론 한다’ ‘죽은 다음에 청심환’ ‘죽은 뒤에 약방문’",relationship,1,1,sexual:gray|violent:gray,611709,https://opendict.korean.go.kr/dictionary/view?sense_no=611709
성복제 지내는데 약 공론 한다,"사람이 죽은 다음에야 약을 구한다는 뜻으로, 때가 지나 일이 다 틀어진 후에야 뒤늦게 대책을 세움을 비유적으로 이르는 말. &lt;동의 속담&gt; ‘사후 약방문[청심환]’ ‘상여 뒤에 약방문’ ‘성복 뒤에 약방문[약 공론]’ ‘죽은 다음에 청심환’ ‘죽은 뒤에 약방문’",relationship,1,1,sexual:gray|violent:gray,604221,https://opendict.korean.go.kr/dictionary/view?sense_no=604221
성은 피가(皮哥)라도 옥관자[동지] 맛에 다닌다,"성은 비록 양반이 못 되는 피씨 성을 가졌을지라도 옥관자를 망건에 단 멋에 우쭐대며 다닌다는 뜻으로, 본바탕은 변변치 않은 사람이 겉모양을 뽐내며 거들먹거리는 경우를 비꼬는 말.",relationship,1,1,violent:gray,612541,https://opendict.korean.go.kr/dictionary/view?sense_no=612541
성인도 시속을 따른다,"성인군자도 시대적 풍속을 따라 임기응변을 하며 산다는 뜻으로, 보통 사람이 시속에 따라 사는 것은 더 말할 나위가 없음을 비유적으로 이르는 말.",relationship,1,1,sexual:gray,612262,https://opendict.korean.go.kr/dictionary/view?sense_no=612262
성인도 제 그름을 모른다,보통 사람이 자기의 결점을 알기가 매우 어려움을 비유적으로 이르는 말.,relationship,1,1,violent:gray,612263,https://opendict.korean.go.kr/dictionary/view?sense_no=612263
세난 장사 말랬다,한창 재미를 보는 장사는 많은 사람이 하려고 하기 때문에 뒤늦게 그것을 모방하다가는 실패하기 쉽다는 말.,relationship,1,1,violent:gray,604285,https://opendict.korean.go.kr/dictionary/view?sense_no=604285
세 살 먹은 아이도 제 손의 것 안 내놓는다,"세 살 난 아이조차도 제가 쥔 것은 내놓으려 하지 아니한다는 뜻으로, 사람은 누구나 제 것은 내놓기 싫어함을 비유적으로 이르는 말.",relationship,1,1,,604332,https://opendict.korean.go.kr/dictionary/view?sense_no=604332
세 살 적부터 무당질을 하여도 목두기 귀신은 못 보았다,오랫동안 여러 사람을 겪어 보았으나 그 같은 사람이나 일은 처음임을 비유적으로 이르는 말. &lt;동의 속담&gt; ‘무당질 십 년에 목두기란 귀신은 처음 보았다’,relationship,1,1,sexual:gray,604334,https://opendict.korean.go.kr/dictionary/view?sense_no=604334
세상모르고 약은 것이 세상 넓은 못난이만 못하다,"아무리 약아도 보고 들은 것이 별로 없는 사람은 보고 들은 것이 많은 못난이를 이길 수 없다는 뜻으로, 많이 보고 듣는 것이 중요하다는 말.",relationship,1,1,,604293,https://opendict.korean.go.kr/dictionary/view?sense_no=604293
세 치 혀가 사람 잡는다[죽인다],"세 치밖에 안 되는 짧은 혀라도 잘못 놀리면 사람이 죽게 되는 수가 있다는 뜻으로, 말을 함부로 하여서는 안 됨을 비유적으로 이르는 말.",relationship,1,1,violent:gray,604337,https://opendict.korean.go.kr/dictionary/view?sense_no=604337
소가 말이 없어도 열두 가지 덕이 있다,말이 없어 입이 무거운 사람이 덕이 있다는 말.,relationship,1,1,,612621,https://opendict.korean.go.kr/dictionary/view?sense_no=612621
소경더러 눈멀었다 하면 노여워한다,사람은 자기가 알고 있는 부족한 점이라도 남이 그 결점을 들어 지적하면 싫어함을 비유적으로 이르는 말.,relationship,1,1,,611967,https://opendict.korean.go.kr/dictionary/view?sense_no=611967
소경 문고리 잡듯[잡은 격],"눈먼 소경이 요행히 문고리를 잡은 것과 같다는 뜻으로, 그럴 능력이 없는 사람이 어쩌다가 요행수로 어떤 일을 이룬 경우를 비유적으로 이르는 말. &lt;동의 속담&gt; ‘봉사 문고리 잡기’ ‘장님 문고리 잡기’",relationship,1,1,,611949,https://opendict.korean.go.kr/dictionary/view?sense_no=611949
소경의 속구구[구구],"소경이 앞으로 잘살아 보겠다고 타산에 골몰하여 정신없이 걸어가다가 물웅덩이에 빠져 버렸다는 옛말에서 나온 말로, 현실성 없는 이해타산에만 골몰하다가 그 타산이 허무하게 깨진 경우를 비유적으로 이르는 말.",relationship,1,1,,611969,https://opendict.korean.go.kr/dictionary/view?sense_no=611969
소경이 넘어지면 막대[지팡이] 탓이다,제가 저지른 실수나 잘못의 원인을 자기 자신한테서 찾지 아니하고 애꿎은 사람이나 조건만 탓하는 경우를 비유적으로 이르는 말. &lt;동의 속담&gt; ‘넘어지면 막대 타령이라’,relationship,1,1,,611974,https://opendict.korean.go.kr/dictionary/view?sense_no=611974
소경이 셋이 모이면 못 보는 편지를 뜯어본다,"개개인으로 보면 어떤 일을 할 능력이 없지만 여럿이 모이면 그 일을 할 능력이 된다는 뜻으로, 여러 사람이 지혜를 합쳐 나가면 그 어떤 어렵고 힘든 일이라도 해낼 수 있다는 말. &lt;동의 속담&gt; ‘장님이 셋이면 편지를 본다’",relationship,1,1,,611976,https://opendict.korean.go.kr/dictionary/view?sense_no=611976
소금에 아니 전 놈이 장에 절까,"소금에 절여도 그대로인 것이 소금기가 덜한 장으로 절인다고 절여지겠느냐는 뜻으로, 더 큰 흉계나 모략도 이겨 낸 사람이 그보다 작은 어지간한 일에 못 견딜 리가 없다는 말.",relationship,1,1,,612052,https://opendict.korean.go.kr/dictionary/view?sense_no=612052
소나기 삼 형제,소나기가 대체로 내렸다 멎었다 하면서 세 줄기로 오는 것을 비유적으로 이르는 말.,relationship,1,1,,611989,https://opendict.korean.go.kr/dictionary/view?sense_no=611989
속에 구렝이가 들어앉다,주로 어린이나 어리숙하게 보이는 사람이 겉보기와는 다르게 아는 것이 많거나 속궁리가 큼을 비유적으로 이르는 말. &lt;동의 속담&gt; ‘속에 령감이 들었다[들어앉다]’,relationship,1,1,,612381,https://opendict.korean.go.kr/dictionary/view?sense_no=612381
속에 령감이 들었다[들어앉다],주로 어린이나 어리숙하게 보이는 사람이 겉보기와는 다르게 아는 것이 많거나 속궁리가 큼을 비유적으로 이르는 말. &lt;동의 속담&gt; ‘속에 구렝이가 들어앉다’,relationship,1,1,,612384,https://opendict.korean.go.kr/dictionary/view?sense_no=612384
속이 빈 깡통이 소리만 요란하다,실속 없는 사람이 겉으로 더 떠들어 댐을 비유적으로 이르는 말. &lt;동의 속담&gt; ‘빈 수레가[달구지가] 요란하다’,relationship,1,1,,612393,https://opendict.korean.go.kr/dictionary/view?sense_no=612393
속환이 되 동냥 안 준다,사정을 알고 협조하여 줄 만한 사람이 오히려 그렇지 못함을 비유적으로 이르는 말.,relationship,1,1,,604482,https://opendict.korean.go.kr/dictionary/view?sense_no=604482
손에 붙은 밥[밥풀] 아니 먹을까,절로 굴러 들어와 이미 자기 차지가 된 행운을 잡지 아니할 사람은 없음을 비유적으로 이르는 말.,relationship,1,1,sexual:gray,612524,https://opendict.korean.go.kr/dictionary/view?sense_no=612524
손이 많으면 일도 쉽다,무슨 일이나 여러 사람이 같이 힘을 합하면 쉽게 잘 이룰 수 있다는 말.,relationship,1,1,,612529,https://opendict.korean.go.kr/dictionary/view?sense_no=612529
손톱 발톱이 젖혀지도록 벌어 먹인다,남을 위하여 몹시 수고함을 비유적으로 이르는 말.,relationship,1,1,sexual:gray,612276,https://opendict.korean.go.kr/dictionary/view?sense_no=612276
솜뭉치로 사람 때린다,대수롭지 않은 듯 슬쩍 남을 골려 줌을 비유적으로 이르는 말. &lt;동의 속담&gt; ‘솜방망이로 허구리를 찌른다’,relationship,1,1,,604415,https://opendict.korean.go.kr/dictionary/view?sense_no=604415
솜방망이로 허구리를 찌른다,대수롭지 않은 듯 슬쩍 남을 골려 줌을 비유적으로 이르는 말. &lt;동의 속담&gt; ‘솜뭉치로 사람 때린다’,relationship,1,1,,604417,https://opendict.korean.go.kr/dictionary/view?sense_no=604417
송도가 망하려니까 불가사리가 나왔다,어떤 좋지 못한 일이 생기기 전에 불길한 징조가 나타남을 비유적으로 이르는 말. 고려가 망하게 되었을 때 송도에 불가사리가 나타나서 못된 장난질을 하였다는 전설에서 유래한다.,relationship,1,1,,604381,https://opendict.korean.go.kr/dictionary/view?sense_no=604381
송장 빼놓고 장사 지낸다,사람이 어리석어 가장 중요한 것을 잊거나 잃어버리고 일에 임하는 경우를 비유적으로 이르는 말. &lt;동의 속담&gt; ‘장사 지내러 가는 놈이 시체 두고 간다’,relationship,1,1,,612088,https://opendict.korean.go.kr/dictionary/view?sense_no=612088
송파장 웃머리,"이름난 우시장인 송파장에 나온 소 가운데서 제일 나이 먹은 늙은 소라는 뜻으로, 나이 적은 사람이 연장자인 체함을 놀림조로 이르는 말.",relationship,1,1,,604420,https://opendict.korean.go.kr/dictionary/view?sense_no=604420
숙맥이 상팔자,"콩인지 보리인지를 구별하지 못하는 사람이 팔자가 좋다는 뜻으로, 모르는 것이 마음 편함을 비유적으로 이르는 말.",relationship,1,1,sexual:gray,612769,https://opendict.korean.go.kr/dictionary/view?sense_no=612769
순임금이 독 장사를 했을까,"일이 천해서 못 하겠다고 할 때에, 참고 견디라고 격려하는 말.",relationship,1,1,,604475,https://opendict.korean.go.kr/dictionary/view?sense_no=604475
술과 안주를 보면 맹세도 잊는다,술을 즐기는 사람은 술을 보면 안 먹고는 못 배긴다는 말.,relationship,1,1,,604452,https://opendict.korean.go.kr/dictionary/view?sense_no=604452
술 받아 주고 뺨 맞는다,"술을 받아서 대접해 주고는 오히려 뺨을 맞는다는 뜻으로, 남을 잘 대접하고 나서 오히려 그에게 해를 입는 경우를 비유적으로 이르는 말. &lt;동의 속담&gt; ‘술 사 주고 뺨 맞는다’",relationship,1,1,,604445,https://opendict.korean.go.kr/dictionary/view?sense_no=604445
술 사 주고 뺨 맞는다,"술을 사서 대접해 주고는 오히려 뺨을 맞는다는 뜻으로, 남을 잘 대접하고 나서 오히려 그에게 해를 입는 경우를 비유적으로 이르는 말. &lt;동의 속담&gt; ‘술 받아 주고 뺨 맞는다’",relationship,1,1,,604446,https://opendict.korean.go.kr/dictionary/view?sense_no=604446
술에 물 탄 것 같다,"술에 물을 타서 아무 맛도 없게 만든 맹물과 같은 사람이라는 뜻으로, 성격이나 품성 같은 것이 뜨뜻미지근하여 똑똑지 않은 사람을 비유적으로 이르는 말. &lt;동의 속담&gt; ‘술에 물 탄 이’ ‘술에 술 탄 이’",relationship,1,1,,604454,https://opendict.korean.go.kr/dictionary/view?sense_no=604454
술에 물 탄 이,"술에 물을 타서 아무 맛도 없게 만든 맹물과 같은 사람이라는 뜻으로, 성격이나 품성 같은 것이 뜨뜻미지근하여 똑똑지 않은 사람을 비유적으로 이르는 말. &lt;동의 속담&gt; ‘술에 물 탄 것 같다’ ‘술에 술 탄 이’",relationship,1,1,,604455,https://opendict.korean.go.kr/dictionary/view?sense_no=604455
술은 어른 앞에서 배워야 점잖게 배운다,술은 윗사람과 함께 마시기 시작해야 나쁜 술버릇이 생기지 않는다는 말.,relationship,1,1,,604461,https://opendict.korean.go.kr/dictionary/view?sense_no=604461
술을 먹으면 사촌한테 기와집도 사 준다,술 취한 사람이 뒷감당도 못할 호언장담을 함을 비유적으로 이르는 말. &lt;동의 속담&gt; ‘술 취한 사람 사촌 집 사 준다’,relationship,1,1,,604463,https://opendict.korean.go.kr/dictionary/view?sense_no=604463
술 취한 사람 사촌 집 사 준다,술 취한 사람이 뒷감당도 못할 호언장담을 함을 비유적으로 이르는 말. &lt;동의 속담&gt; ‘술을 먹으면 사촌한테 기와집도 사 준다’,relationship,1,1,,604450,https://opendict.korean.go.kr/dictionary/view?sense_no=604450
숭늉에 물 탄 격,사람이 매우 싱거움을 비유적으로 이르는 말.,relationship,1,1,violent:gray,604479,https://opendict.korean.go.kr/dictionary/view?sense_no=604479
숲속의 호박은 잘 자란다,"집 근처 호박은 매일 보니까 자라는 줄 모르지만 숲속의 호박은 오랜만에 보기 때문에 많이 커 있는 것을 금방 알아보게 된다는 뜻으로, 한창 자랄 때의 사람이나 생물은 오랜만에 보면 몰라볼 만큼 잘 자라 보임을 비유적으로 이르는 말.",relationship,1,1,violent:gray,612223,https://opendict.korean.go.kr/dictionary/view?sense_no=612223
숲이 커야 짐승이 나온다[든다],체격이 큰 사람이 마음도 그만큼 넓음을 비유적으로 이르는 말.,relationship,1,1,sexual:gray,612231,https://opendict.korean.go.kr/dictionary/view?sense_no=612231
승냥이가 양으로 될 수 없다,"승냥이가 아무리 변신을 하여도 양이 될 수 없다는 뜻으로, 나쁜 본성을 가진 사람은 본성을 바꿀 수 없음을 비유적으로 이르는 말. &lt;동의 속담&gt; ‘이리가 양으로 될 수 없다’",relationship,1,1,sexual:gray,604511,https://opendict.korean.go.kr/dictionary/view?sense_no=604511
승냥이는 매로 다스려야 한다,남을 침략하는 자에게는 힘으로 맞서야 함을 비유적으로 이르는 말.,relationship,1,1,violent:gray,604513,https://opendict.korean.go.kr/dictionary/view?sense_no=604513
시거든 떫지나 말고 얽거든 검지나 말지,"사람이 못났으면 착실하기나 하거나 재주가 없으면 소박하기라도 했으면 좋겠다는 뜻으로, 아무짝에도 쓸모가 없는 경우를 비유적으로 이르는 말.",relationship,1,1,,604557,https://opendict.korean.go.kr/dictionary/view?sense_no=604557
시골 깍쟁이 서울 곰만 못하다,서울 사람이 시골 사람보다 몹시 인색하고 박정함을 비유적으로 이르는 말.,relationship,1,1,sexual:gray,612325,https://opendict.korean.go.kr/dictionary/view?sense_no=612325
시골 놈 제 말 하면 온다,"깊은 시골에 있는 사람조차도 저에 대하여 이야기하면 찾아온다는 뜻으로, 어느 곳에서나 그 자리에 없다고 남을 흉보아서는 안 된다는 말. &lt;동의 속담&gt; ‘호랑이도 제 말 하면 온다’ ‘범도 제 말[소리] 하면 온다’",relationship,1,1,,612326,https://opendict.korean.go.kr/dictionary/view?sense_no=612326
시궁에서 용 난다,미천한 집안이나 변변하지 못한 부모에게서 훌륭한 인물이 나는 경우를 이르는 말. &lt;동의 속담&gt; ‘개천에서 용 난다’ ‘개똥밭에 인물 난다’ ‘시궁창에서 용이 났다’,relationship,1,1,violent:gray,612418,https://opendict.korean.go.kr/dictionary/view?sense_no=612418
시궁창에서 용이 났다,미천한 집안이나 변변하지 못한 부모에게서 훌륭한 인물이 나는 경우를 이르는 말. &lt;동의 속담&gt; ‘개천에서 용 난다’ ‘개똥밭에 인물 난다’ ‘시궁에서 용 난다’,relationship,1,1,violent:gray,604496,https://opendict.korean.go.kr/dictionary/view?sense_no=604496
시루 안의 콩나물처럼,사람이나 어떤 물건이 빈틈없이 꽉 들어선 모양을 비유적으로 이르는 말.,relationship,1,1,,612758,https://opendict.korean.go.kr/dictionary/view?sense_no=612758
시부모에게 역정 나서 개의 옆구리 찬다,‘시어머니에게 역정 나서 개 배때기 찬다’의 북한 속담.,relationship,1,1,,604593,https://opendict.korean.go.kr/dictionary/view?sense_no=604593
시시덕이는 재를 넘어도 새침데기는 골로 빠진다,"시시덕이는 힘을 들여 고개를 넘는데 새침데기는 꾀바르게 골짜기로 빠져나간다는 뜻으로, 겉으로 떠벌리는 사람보다 얌전한 척하는 사람이 오히려 나쁜 마음을 품는 경우가 많다는 것을 비유적으로 이르는 말. &lt;동의 속담&gt; ‘새침데기 골로 빠진다’",relationship,1,1,sexual:gray,604585,https://opendict.korean.go.kr/dictionary/view?sense_no=604585
시시덕이 재를 넘는다,쾌활하게 시시덕거리는 사람이 생활에서는 어려운 고비를 겪게 됨을 비유적으로 이르는 말.,relationship,1,1,violent:gray,604584,https://opendict.korean.go.kr/dictionary/view?sense_no=604584
시아버지 죽으라고 축수했더니 동지섣달 맨발 벗고 물 길을 때 생각난다,"시아버지가 미워서 죽기를 빌었으나 막상 동지섣달에 짚신 삼아 줄 사람이 없어서 맨발로 물을 긷고 보니 죽은 시아버지가 그리워진다는 뜻으로, 미워하고 싫어하던 물건이나 사물도 막상 없어지고 나면 아쉽고 생각날 때가 있음을 비유적으로 이르는 말. &lt;동의 속담&gt; ‘시어머니 죽으라고 축수했더니 보리방아 물 부어 놓고 생각난다’",relationship,1,1,sexual:gray|violent:gray,612748,https://opendict.korean.go.kr/dictionary/view?sense_no=612748
시어머니가 오래 살자니까 며느리가 방아 동티에 죽는 걸 본다,사람이 오래 살게 되면 망측한 꼴도 보게 됨을 비유적으로 이르는 말.,relationship,1,1,violent:gray,612676,https://opendict.korean.go.kr/dictionary/view?sense_no=612676
시어머니한테 괄시를 받아 본 며느리라야 후에 며느리를 삼아도 괄시하지 않는다,어떤 일을 직접 경험해 본 사람이 그 실정이나 사정을 잘 알게 됨을 비유적으로 이르는 말.,relationship,1,1,,612678,https://opendict.korean.go.kr/dictionary/view?sense_no=612678
시어미가 오래 살다가 며느리 환갑날 국수 양푼에 빠져 죽는다,사람이 너무 오래 살게 되면 못 할 일을 하게 됨을 비유적으로 이르는 말.,relationship,1,1,violent:gray,604574,https://opendict.korean.go.kr/dictionary/view?sense_no=604574
시원찮은 귀신이 사람 잡아간다,변변하지 못하고 미련하여 보이는 사람이 도리어 큰일을 저지름을 비유적으로 이르는 말.,relationship,1,1,,612693,https://opendict.korean.go.kr/dictionary/view?sense_no=612693
시지도 않아서 군내부터 먼저 난다,"김치가 익지도 않은 것이 군내가 난다는 뜻으로, 사람이 장성하기도 전에 못된 버릇부터 배워 바람을 피우는 경우를 비꼬는 말. &lt;동의 속담&gt; ‘열무김치 맛도 안 들어서 군내부터 난다’",relationship,1,1,violent:gray,604561,https://opendict.korean.go.kr/dictionary/view?sense_no=604561
시집가(서) 석 달 장가가(서) 석 달 같으면 살림 못할 사람 없다,결혼 생활 처음처럼 애정이 지속되면 살림 못하고 이혼할 사람은 하나도 없음을 비유적으로 이르는 말.,relationship,1,1,sexual:gray|violent:gray,612687,https://opendict.korean.go.kr/dictionary/view?sense_no=612687
식은 국도 불고 먹는다,"뜨거운 국에 덴 경험이 있는 사람은 식은 국도 불면서 먹는다는 뜻으로, 한 번 놀란 후에는 조심을 하게 됨을 이르는 말.",relationship,1,1,,612711,https://opendict.korean.go.kr/dictionary/view?sense_no=612711
신세도 신세같이 못 지면서 누이네 폐만 끼친다,별로 도움이나 대접도 못 받으면서 폐를 끼쳤다는 인사만 하게 된 경우를 비유적으로 이르는 말.,relationship,1,1,,604589,https://opendict.korean.go.kr/dictionary/view?sense_no=604589
실과 망신은 모과가 시킨다,지지리 못난 사람일수록 같이 있는 동료를 망신시킨다는 말. &lt;동의 속담&gt; ‘어물전 망신은 꼴뚜기가 시킨다’ ‘과물전 망신은 모과가 시킨다’ ‘과실 망신은 모과가 (다) 시킨다’ ‘과일 망신은 모과가 (다) 시킨다’ ‘생선 망신은 꼴뚜기가 시킨다’,relationship,1,1,,604652,https://opendict.korean.go.kr/dictionary/view?sense_no=604652
싫은 밥은 있어도 싫은 술은 없다,술을 몹시 좋아하는 사람이 술이 최고임을 비유적으로 이르는 말.,relationship,1,1,,612782,https://opendict.korean.go.kr/dictionary/view?sense_no=612782
심덕을 바로 가지면 하늘도 굽어본다,사람은 마음이 곱고 착해야 함을 비유적으로 이르는 말.,relationship,1,1,sexual:gray,604648,https://opendict.korean.go.kr/dictionary/view?sense_no=604648
십 리 강변에 빨래질 갔느냐,기다리는 사람이 좀처럼 나타나지 않을 때 비유적으로 이르는 말.,relationship,1,1,,604610,https://opendict.korean.go.kr/dictionary/view?sense_no=604610
싸고 싼 사향도 냄새 난다,재주와 덕망을 겸비한 사람은 알리지 아니하려고 하여도 저절로 알려짐을 비유적으로 이르는 말. &lt;동의 속담&gt; ‘싸고 싼 향내도 난다’,relationship,1,1,,612805,https://opendict.korean.go.kr/dictionary/view?sense_no=612805
싸고 싼 향내도 난다,재주와 덕망을 겸비한 사람은 알리지 아니하려고 하여도 저절로 알려짐을 비유적으로 이르는 말. &lt;동의 속담&gt; ‘싸고 싼 사향도 냄새 난다’,relationship,1,1,,612807,https://opendict.korean.go.kr/dictionary/view?sense_no=612807
싹싹하기란 제철 참배 맛이다,사람이 매우 싹싹함을 비유적으로 이르는 말.,relationship,1,1,violent:gray,604644,https://opendict.korean.go.kr/dictionary/view?sense_no=604644
쌀 먹은 개 욱대기듯,좋지 못한 짓을 한 사람이 오히려 거칠게 굶을 비유적으로 이르는 말.,relationship,1,1,,612812,https://opendict.korean.go.kr/dictionary/view?sense_no=612812
쑥구렝이 꿩 잡아먹는다,"지지리 못난 구렁이가 꿩을 잡아먹는다는 뜻으로, 어리석고 못난 사람이 놀랄 만한 일을 하는 경우를 비유적으로 이르는 말.",relationship,1,1,,604637,https://opendict.korean.go.kr/dictionary/view?sense_no=604637
쓴 도라지[오이] 보듯,"팔 수 없는 쓴 도라지나 오이를 본다는 뜻으로, 남을 멸시하거나 무시함을 이르는 말. &lt;동의 속담&gt; ‘원두한이 쓴 외 보듯’",relationship,1,1,,604681,https://opendict.korean.go.kr/dictionary/view?sense_no=604681
쓴 오이 한 개 안 준다,사람이 몹시 인색하게 굶을 비유적으로 이르는 말.,relationship,1,1,sexual:gray,604685,https://opendict.korean.go.kr/dictionary/view?sense_no=604685
씨도둑은 못 한다,아비와 자식은 용모나 성질이 비슷하여 속일 수 없다는 말.,relationship,1,1,,612790,https://opendict.korean.go.kr/dictionary/view?sense_no=612790
씨름하는 데 터럭만 다쳐 주어도 쉽다,서로 힘이 비슷할 때에는 조금만 도와주어도 큰 힘이 됨을 비유적으로 이르는 말.,relationship,1,1,,612774,https://opendict.korean.go.kr/dictionary/view?sense_no=612774
아기 버릇 임의 버릇,부모가 아기를 돌보아 주듯이 아내가 남편을 돌보아 주어야 남편이 좋아함을 이르는 말.,relationship,1,1,sexual:gray,612888,https://opendict.korean.go.kr/dictionary/view?sense_no=612888
아기 엄마 똥칠한다,아기와 함께 지내면 깨끗하게 있을 수 없다는 말.,relationship,1,1,,612889,https://opendict.korean.go.kr/dictionary/view?sense_no=612889
아는 도끼에 발등 찍힌다,잘되리라고 믿고 있던 일이 어긋나거나 믿고 있던 사람이 배반하여 오히려 해를 입음을 비유적으로 이르는 말. &lt;동의 속담&gt; ‘믿는 도끼에 발등 찍힌다’ ‘낯익은 도끼에 발등 찍힌다’ ‘믿던 발에 돌 찍힌다’ ‘믿었던 돌에 발부리 채었다’,relationship,1,1,sexual:gray,604739,https://opendict.korean.go.kr/dictionary/view?sense_no=604739
아니 때린 장구 북소리 날까,실제 어떤 일이 있기 때문에 말이 남을 비유적으로 이르는 말. &lt;동의 속담&gt; ‘아니 땐 굴뚝에 연기 날까’,relationship,1,1,,612822,https://opendict.korean.go.kr/dictionary/view?sense_no=612822
아니 땐 굴뚝에 연기 날까,실제 어떤 일이 있기 때문에 말이 남을 비유적으로 이르는 말. &lt;동의 속담&gt; ‘아니 때린 장구 북소리 날까’,relationship,1,1,,612824,https://opendict.korean.go.kr/dictionary/view?sense_no=612824
아들네 집 가 밥 먹고 딸네 집 가 물 마신다,흔히 딸 살림살이를 더 아끼고 위하여 주는 부모의 심정을 비유적으로 이르는 말.,relationship,1,1,,604718,https://opendict.korean.go.kr/dictionary/view?sense_no=604718
아들도 말 태워 놓으면 사촌 된다,아들을 혼인시키고 나면 관계가 멀어진다는 말. &lt;동의 속담&gt; ‘딸자식 길러 시집보내면 륙촌이 된다’ ‘아들은 말 태워 놓으면 사촌 되고 딸은 시집보내면 륙촌 된다’,relationship,1,1,,604719,https://opendict.korean.go.kr/dictionary/view?sense_no=604719
아들은 말 태워 놓으면 사촌 되고 딸은 시집보내면 륙촌 된다,딸과 아들을 혼인시키고 나면 관계가 멀어진다는 말. &lt;동의 속담&gt; ‘아들도 말 태워 놓으면 사촌 된다’ ‘딸자식 길러 시집보내면 륙촌이 된다’,relationship,1,1,,604720,https://opendict.korean.go.kr/dictionary/view?sense_no=604720
아래턱이 위턱에 올라가 붙다[붙나],상하의 관계를 무시하고 아랫사람이 윗자리에 앉을 수는 없다는 말.,relationship,1,1,,604769,https://opendict.korean.go.kr/dictionary/view?sense_no=604769
아무것도 못하는 놈이 문벌만 높다,"아무것도 못하는 사람이 문벌만 높다는 뜻으로, 쓸데없는 것일수록 성(盛)함을 이르는 말. &lt;동의 속담&gt; ‘못된 일가 항렬만 높다’",relationship,1,1,,604817,https://opendict.korean.go.kr/dictionary/view?sense_no=604817
아무리 궁해도 집 안에 날아든 꿩은 잡지 않는다,아무리 자신이 필요한 것이라도 사정을 하며 청하는 사람이 있으면 손을 대지 않음을 비유적으로 이르는 말.,relationship,1,1,sexual:gray,613082,https://opendict.korean.go.kr/dictionary/view?sense_no=613082
아버지 뼈 어머니 살,"아버지 집안에서는 혈통과 가풍을 이어받고, 어머니 집안에서는 사랑과 영양을 공급받음을 비유적으로 이르는 말.",relationship,1,1,sexual:gray,613075,https://opendict.korean.go.kr/dictionary/view?sense_no=613075
아이 곱다니까 종자닭을 잡는다,부모는 자신의 아이를 칭찬하여 주는 것을 더없이 좋아한다는 말.,relationship,1,1,,613004,https://opendict.korean.go.kr/dictionary/view?sense_no=613004
아이는 작게 낳아서 크게 길러라,아이를 낳을 때는 크다 작다 따지지 말고 잘 길러서 큰 사람이 되게 하라는 말.,relationship,1,1,,613029,https://opendict.korean.go.kr/dictionary/view?sense_no=613029
악담은 덕담이다,남에게 악담을 듣는 것이 자신의 수양에는 오히려 도움이 된다는 것을 이르는 말.,relationship,1,1,,604810,https://opendict.korean.go.kr/dictionary/view?sense_no=604810
안되는 놈은 두부에도 뼈라,"늘 일이 잘 안되던 사람이 모처럼 좋은 기회를 만났건만, 그 일마저 역시 잘 안됨을 이르는 말. &lt;동의 속담&gt; ‘계란에도 뼈가 있다’ ‘헐복한 놈은 계란에도 뼈가 있다’",relationship,1,1,,604836,https://opendict.korean.go.kr/dictionary/view?sense_no=604836
안 먹겠다 침 뱉은 물 돌아서서 다시 먹는다,"두 번 다시 안 볼 것처럼 모질게 대한 사람에게 나중에 도움을 청할 일이 생긴다는 뜻으로, 누구에게나 좋게 대하여야 함을 비유적으로 이르는 말.",relationship,1,1,,613181,https://opendict.korean.go.kr/dictionary/view?sense_no=613181
안벽 치고[붙이고] 밭벽 친다[붙인다],겉으로는 도와주는 체하면서 속으로는 방해하는 경우를 비유적으로 이르는 말.,relationship,1,1,,604787,https://opendict.korean.go.kr/dictionary/view?sense_no=604787
안 보면 보고 싶고 보면 이 갈린다,상대편을 몹시 사랑하고 그리워하나 상대편은 그렇지 못하기 때문에 앙심을 품게 됨을 이르는 말.,relationship,1,1,,613183,https://opendict.korean.go.kr/dictionary/view?sense_no=613183
안중에 사람이 없다,남의 일에는 관심도 두지 아니하고 어려워하지도 아니하며 함부로 나댐을 비유적으로 이르는 말.,relationship,1,1,,612923,https://opendict.korean.go.kr/dictionary/view?sense_no=612923
앉은 영웅보다 돌아다니는 머저리가 낫다,사람은 활동을 하고 돌아다녀야 함을 이르는 말.,relationship,1,1,violent:gray,612731,https://opendict.korean.go.kr/dictionary/view?sense_no=612731
앉은 자리에 풀도 안 나겠다,사람이 몹시 쌀쌀맞고 냉정한 경우를 비유적으로 이르는 말.,relationship,1,1,,612733,https://opendict.korean.go.kr/dictionary/view?sense_no=612733
알고 보니 수원 나그네,"누군가 싶었는데 알고 보니 그 전부터 잘 아는 수원 나그네였다는 뜻으로, 처음엔 누군지 몰라보았으나 깨달아 알고 보니 알던 사람이라는 말. &lt;동의 속담&gt; ‘다시 보니 수원 나그네’ ‘인제 보니 수원 나그네’",relationship,1,1,sexual:gray,604744,https://opendict.korean.go.kr/dictionary/view?sense_no=604744
알던 정 모르던 정 없다,가깝던 사람이 돌변하여 냉정하여졌음을 이르는 말.,relationship,1,1,sexual:gray,604754,https://opendict.korean.go.kr/dictionary/view?sense_no=604754
알로 깠느냐,"알에서 깨어났느냐는 뜻으로, 사람이 변변치 못함을 이르는 말.",relationship,1,1,,612989,https://opendict.korean.go.kr/dictionary/view?sense_no=612989
앓느니 죽지,수고를 조금 덜 하려고 남을 시켜서 시원치 아니하게 일을 하느니보다는 당장에 힘이 들더라도 자기가 직접 해치우는 편이 낫겠다는 말.,relationship,1,1,violent:gray,604783,https://opendict.korean.go.kr/dictionary/view?sense_no=604783
약방에 전다리 모이듯,"약방에 침을 맞으러 다리를 저는 사람이 모여들듯, 보기 흉한 못난 사람만 많이 모임을 비유적으로 이르는 말.",relationship,1,1,,613050,https://opendict.korean.go.kr/dictionary/view?sense_no=613050
약빠른 고양이 앞을 못 본다,지나치게 영리한 사람이 도리어 판단을 잘못하여 기회를 놓치는 수가 있음을 비유적으로 이르는 말.,relationship,1,1,sexual:gray,612855,https://opendict.korean.go.kr/dictionary/view?sense_no=612855
약질이 살인낸다,약해 보이는 사람이 뜻밖에 엄청나게 큰 힘을 내어 사람을 놀라게 한다는 말.,relationship,1,1,violent:gray,604867,https://opendict.korean.go.kr/dictionary/view?sense_no=604867
얌전한 고양이[강아지/개](가) 부뚜막에 먼저 올라간다,겉으로는 얌전해 보이는 사람이 딴짓을 하거나 자기 실속을 다 차리는 경우를 비유적으로 이르는 말.,relationship,1,1,,613142,https://opendict.korean.go.kr/dictionary/view?sense_no=613142
양가죽을 뒤집어쓴 승냥이,사납고 악독한 사람이 순하고 착한 사람처럼 가장하고 있는 모양을 비유적으로 이르는 말.,relationship,1,1,violent:gray,612803,https://opendict.korean.go.kr/dictionary/view?sense_no=612803
양반 때리고 볼기 맞는다,윗사람이나 권력자에게 실속 없이 덤벼서 화를 입지 말라고 경계하여 이르는 말.,relationship,1,1,violent:gray,613219,https://opendict.korean.go.kr/dictionary/view?sense_no=613219
양반은 세끼만 굶으면 된장 맛 보잔다,"평생에 잘 먹고 지내던 사람은 배고픈 것을 조금도 못 참으며, 주리면 아무것이나 고맙게 먹는다는 말.",relationship,1,1,,613226,https://opendict.korean.go.kr/dictionary/view?sense_no=613226
양반 지게 진 것 같다,"지게와는 아무 인연이 없는 양반이 어떻게 지는지도 모르는 지게를 지고 있는 모양과 같다는 뜻으로, 모양이 어울리지 아니하고 하는 짓이 서투른 모양을 놀림조로 이르는 말.",relationship,1,1,,613222,https://opendict.korean.go.kr/dictionary/view?sense_no=613222
양식 없는 동자는 며느리 시키고 나무 없는 동자는 딸 시킨다,"양식 없이 밥 짓는 일은 며느리를 시키고 나무 없이 밥 짓는 일은 딸을 시킨다는 뜻으로, 흔히 시어머니가 며느리보다 자기 딸을 사랑하고 위하여 준다는 말.",relationship,1,1,,604939,https://opendict.korean.go.kr/dictionary/view?sense_no=604939
양어깨에 동자보살이 있다,"대개 자기의 선악을 자기 스스로는 알지 못하되, 은연중에 신명이 감시하고 있다는 말.",relationship,1,1,,605015,https://opendict.korean.go.kr/dictionary/view?sense_no=605015
양첩한 놈 때 굶는다,"첩을 둔 사람은, 본집에서는 첩 집으로 첩 집에서는 본집으로 미루어 끼니를 굶는 일이 많다는 말.",relationship,1,1,sexual:gray,604957,https://opendict.korean.go.kr/dictionary/view?sense_no=604957
어느 장단에 춤추랴,어떤 일을 주관하는 사람이 많아 누구의 말을 따라야 할지 알 수 없음을 비유적으로 이르는 말. &lt;동의 속담&gt; ‘그 장단 춤추기 어렵다’ ‘이 굿에는 춤추기 어렵다’ ‘이날 춤추기 어렵다’,relationship,1,1,sexual:gray,613301,https://opendict.korean.go.kr/dictionary/view?sense_no=613301
어르고 등골 뺀다,그럴듯한 말로 꾀어서 은근히 남을 해롭게 함을 비유적으로 이르는 말. &lt;동의 속담&gt; ‘어르고 뺨 치기’,relationship,1,1,,613470,https://opendict.korean.go.kr/dictionary/view?sense_no=613470
어르고 뺨 치기,그럴듯한 말로 꾀어서 은근히 남을 해롭게 함을 비유적으로 이르는 말. &lt;동의 속담&gt; ‘어르고 등골 뺀다’,relationship,1,1,,613471,https://opendict.korean.go.kr/dictionary/view?sense_no=613471
어른 없는 데서 자라났다,어떤 사람이 버릇없고 방탕함을 이르는 말.,relationship,1,1,,613209,https://opendict.korean.go.kr/dictionary/view?sense_no=613209
어리석은 자가 농사일을 한다,농사일은 괴롭고 고된 일이라 우직한 사람이라야 견뎌 낼 수 있다는 말.,relationship,1,1,,613097,https://opendict.korean.go.kr/dictionary/view?sense_no=613097
어린아이 예뻐 말고 겨드랑이 밑이나 잡아 주어라,아이를 진심으로 사랑한다면 귀여워만 할 것이 아니라 잘 가르쳐 주라는 말.,relationship,1,1,,613499,https://opendict.korean.go.kr/dictionary/view?sense_no=613499
어린아이와 개는 괴는 데로 간다,누구든지 저를 사랑하고 위하여 주는 사람을 따른다는 말. &lt;동의 속담&gt; ‘아이와 늙은이는 괴는 데로 간다’,relationship,1,1,,613503,https://opendict.korean.go.kr/dictionary/view?sense_no=613503
어물전 망신은 꼴뚜기가 시킨다,지지리 못난 사람일수록 같이 있는 동료를 망신시킨다는 말. &lt;동의 속담&gt; ‘과물전 망신은 모과가 시킨다’ ‘과실 망신은 모과가 (다) 시킨다’ ‘과일 망신은 모과가 (다) 시킨다’ ‘생선 망신은 꼴뚜기가 시킨다’ ‘실과 망신은 모과가 시킨다’,relationship,1,1,,604924,https://opendict.korean.go.kr/dictionary/view?sense_no=604924
어사는 가어사(假御使)가 더 무섭다,진짜 권세를 가진 사람보다도 어떤 세력을 빙자하여 유세를 부리는 사람이 더 모질고 악한 짓을 한다는 말.,relationship,1,1,,604954,https://opendict.korean.go.kr/dictionary/view?sense_no=604954
어지간해야 생원님하고 벗하지,너무나 처지가 달라서 도무지 함께 어울릴 수 없다는 말.,relationship,1,1,,604949,https://opendict.korean.go.kr/dictionary/view?sense_no=604949
언덕에 자빠진 돼지가 평지에 자빠진 돼지를 나무란다,"같은 처지임에도 불구하고 부질없이 남을 나무라고 있다는 뜻으로, 제 흉은 모르고 남의 흉만 탓함을 비유적으로 이르는 말.",relationship,1,1,,604921,https://opendict.korean.go.kr/dictionary/view?sense_no=604921
언청이도 저 잘난 맛에 산다,사람은 누구나 자기가 남보다 잘났다고 생각하며 산다는 말. &lt;동의 속담&gt; ‘저 잘난 멋에 산다’,relationship,1,1,,604935,https://opendict.korean.go.kr/dictionary/view?sense_no=604935
얻어먹은 데서 빌어먹는다,"한번 얻어 온 것을 또 다른 사람이 좀 달라고 청하여 받는다는 뜻으로, 아주 궁핍함을 이르는 말.",relationship,1,1,,604904,https://opendict.korean.go.kr/dictionary/view?sense_no=604904
얻은 도끼나 잃은 도끼나,잃어버린 물건이나 새로 얻은 물건이나 똑같아서 우열이나 이해가 없음을 비유적으로 이르는 말.,relationship,1,1,sexual:gray,613166,https://opendict.korean.go.kr/dictionary/view?sense_no=613166
업신여기는 나무에 상투[바지가랭이] 걸린다,아무리 보잘것없는 사람이라도 소홀히 여기지 말아야 함을 비유적으로 이르는 말.,relationship,1,1,sexual:gray,613281,https://opendict.korean.go.kr/dictionary/view?sense_no=613281
업신여기던 딸이 떡함지 이고 온다,평소에 깔보거나 업신여기던 사람에게서 뜻밖에 도움을 받게 되는 경우를 비유적으로 이르는 말.,relationship,1,1,,613282,https://opendict.korean.go.kr/dictionary/view?sense_no=613282
업신여긴 나무가 뿌리 박힌다,하찮게 보이던 사람이 뜻밖에 잘되는 경우를 비유적으로 이르는 말.,relationship,1,1,,613283,https://opendict.korean.go.kr/dictionary/view?sense_no=613283
여윈 강아지 똥 탐한다,곤궁해진 사람이 음식을 몹시 탐한다는 말.,relationship,1,1,sexual:gray,613531,https://opendict.korean.go.kr/dictionary/view?sense_no=613531
여윈 말이 짐 탐한다,여위고 마른 사람이 많이 먹으려고 함을 비유적으로 이르는 말.,relationship,1,1,,613535,https://opendict.korean.go.kr/dictionary/view?sense_no=613535
열 계원에 아홉 좌상,"계원은 열인데 좌상이 아홉이나 된다는 뜻으로, 많지 아니한 사람 가운데 받들어 섬겨야 할 윗사람이 여럿 있는 경우를 비유적으로 이르는 말.",relationship,1,1,,613400,https://opendict.korean.go.kr/dictionary/view?sense_no=613400
열 냥 부조는 못할망정 백 냥 제상은 치지 말라,도와주지는 못하더라도 손해는 끼치지 말아야 한다는 말.,relationship,1,1,,613405,https://opendict.korean.go.kr/dictionary/view?sense_no=613405
열 도깨비 날치듯,여러 사람이 어수선하게 떠들며 날치는 모양을 비유적으로 이르는 말.,relationship,1,1,,613409,https://opendict.korean.go.kr/dictionary/view?sense_no=613409
열무김치 맛도 안 들어서 군내부터 난다,"열무김치가 익지도 않은 것이 군내가 난다는 뜻으로, 사람이 장성하기도 전에 못된 버릇부터 배워 바람을 피우는 경우를 비꼬는 말. &lt;동의 속담&gt; ‘시지도 않아서 군내부터 먼저 난다’",relationship,1,1,violent:gray,605056,https://opendict.korean.go.kr/dictionary/view?sense_no=605056
열 번 찍어 아니 넘어가는 나무 없다,아무리 뜻이 굳은 사람이라도 여러 번 권하거나 꾀고 달래면 결국은 마음이 변한다는 말.,relationship,1,1,sexual:gray,613418,https://opendict.korean.go.kr/dictionary/view?sense_no=613418
열 사람의 작은어머니보다 한 사람의 어머니가 더 크다,작은어머니보다 어머니에 대한 자식의 깊은 정은 크고 각별하다는 말.,relationship,1,1,,613422,https://opendict.korean.go.kr/dictionary/view?sense_no=613422
열 사람이 밥 한 사발,‘열의 한 술 밥이 한 그릇 푼푼하다’의 북한 속담.,relationship,1,1,,613423,https://opendict.korean.go.kr/dictionary/view?sense_no=613423
열 자식이 한 처만 못하다,아내가 아주 중요함을 이르는 말.,relationship,1,1,sexual:gray,613444,https://opendict.korean.go.kr/dictionary/view?sense_no=613444
염불 못하는 중이 아궁이에 불을 땐다,사람은 누구나 제 능력에 따라 일을 하여야 대접도 받는다는 말.,relationship,1,1,,613491,https://opendict.korean.go.kr/dictionary/view?sense_no=613491
염소 나물밭 빠댄다,식물성 음식만 먹던 사람이 모처럼 실컷 고기를 먹게 됐다는 말.,relationship,1,1,sexual:gray,605067,https://opendict.korean.go.kr/dictionary/view?sense_no=605067
염충강이 무장 먹듯,모든 일에서 두서를 모르고 아무 데나 덤벙덤벙하는 모양을 비유적으로 이르는 말. 옛적에 쓴맛과 짠맛을 분간하지 못하는 염충강이란 사람이 무장을 마구 퍼먹고도 그 맛을 몰랐다는 이야기에서 나온 말이다.,relationship,1,1,,605075,https://opendict.korean.go.kr/dictionary/view?sense_no=605075
염치없는 조 발막이다,"조가 성을 가진 사람이 궁궐에 들어가면서 신발이 없어 아내의 발막신을 신고도 부끄러운 줄을 몰랐다는 데서, 체면과 부끄러움을 전혀 모르는 파렴치한 사람을 비유적으로 이르는 말.",relationship,1,1,sexual:gray,605078,https://opendict.korean.go.kr/dictionary/view?sense_no=605078
옆집 개가 짖어서 도적 면했다,우연히 남의 덕을 입게 됨을 비유적으로 이르는 말. &lt;동의 속담&gt; ‘이웃집 개가 짖어서 도적을 면했다’,relationship,1,1,,605063,https://opendict.korean.go.kr/dictionary/view?sense_no=605063
예조의 서어,"둥근 구멍과 네모진 자루는 어긋난다는 뜻으로, 서로 용납되지 아니함을 비유적으로 이르는 말.",relationship,1,1,,605243,https://opendict.korean.go.kr/dictionary/view?sense_no=605243
오뉴월 감기는 개도 아니 걸린다[앓는다],여름에 감기 앓는 사람을 변변치 못한 사람이라고 놀림조로 이르는 말.,relationship,1,1,,613329,https://opendict.korean.go.kr/dictionary/view?sense_no=613329
오뉴월 상한 고기에 구더기 끓듯,동물이나 사람이 우글우글 많이 모여 있는 모양을 비유적으로 이르는 말.,relationship,1,1,,613352,https://opendict.korean.go.kr/dictionary/view?sense_no=613352
오라는 딸은 안 오고 온통[보기 싫은] 며느리만 온다,기다리는 사람은 오지 아니하고 올까 봐 꺼리는 사람만 온다는 말.,relationship,1,1,,605094,https://opendict.korean.go.kr/dictionary/view?sense_no=605094
오래 살면 욕이 많다,사람이 오래 살게 되면 이러저러한 치욕스러운 일을 많이 당한다는 말. &lt;동의 속담&gt; ‘늙으면 욕이 많다’,relationship,1,1,,613552,https://opendict.korean.go.kr/dictionary/view?sense_no=613552
오리 알에 제 똥 묻은 줄 모른다,사람이 자기 결함에 어둡다는 말.,relationship,1,1,,605193,https://opendict.korean.go.kr/dictionary/view?sense_no=605193
오리 홰 탄 것 같다,자리와 거기 있는 사람이 서로 어울리지 아니하는 경우를 비유적으로 이르는 말.,relationship,1,1,,605196,https://opendict.korean.go.kr/dictionary/view?sense_no=605196
오목장 총감투 다 꿰져도 사람질하긴 글렀다,"크게 선 장에 있는 감투를 다 써서 꿰지도록 오래 살아도 사람 노릇 하기는 글렀다는 뜻으로, 하는 짓이 못되어서 아무리 나이를 많이 먹어도 나잇값을 할 줄 모르는 사람이나 그런 행위를 이르는 말.",relationship,1,1,violent:gray,605206,https://opendict.korean.go.kr/dictionary/view?sense_no=605206
올챙이 적 생각은 못 하고 개구리 된 생각만 한다,형편이나 사정이 전에 비하여 나아진 사람이 지난날의 미천하거나 어렵던 때의 일을 생각지 아니하고 처음부터 잘난 듯이 뽐냄을 비유적으로 이르는 말. &lt;동의 속담&gt; ‘개구리 올챙이 적 생각 못 한다’,relationship,1,1,sexual:gray,613683,https://opendict.korean.go.kr/dictionary/view?sense_no=613683
옷이 날개라,옷이 좋으면 사람이 돋보인다는 말. &lt;동의 속담&gt; ‘입성이 날개(라)’,relationship,1,1,,613805,https://opendict.korean.go.kr/dictionary/view?sense_no=613805
왕공도 망국하고 학사도 망신한다,"사람은 아무리 귀하게 잘 살다가도 천해질 수 있으며, 아무리 훌륭한 사람도 큰 실수를 하여 낭패를 보는 수가 있음을 비유적으로 이르는 말.",relationship,1,1,sexual:gray|violent:gray,605240,https://opendict.korean.go.kr/dictionary/view?sense_no=605240
왕대밭에 왕대 난다,어버이와 아주 딴판인 자식은 있을 수 없음을 이르는 말.,relationship,1,1,sexual:gray,613753,https://opendict.korean.go.kr/dictionary/view?sense_no=613753
외갓집 콩죽에 잔뼈가 굵었겠나,"남에게 신세를 지고 남의 호의로 살아온 것이 아니라는 뜻으로, 새삼스레 남의 도움을 받기 싫어 거절할 때 이르는 말.",relationship,1,1,violent:gray,613560,https://opendict.korean.go.kr/dictionary/view?sense_no=613560
외 덩굴에 가지 열릴까,어버이와 아주 딴판인 자식은 있을 수 없음을 이르는 말. &lt;동의 속담&gt; ‘외 심은 데 콩 나랴’,relationship,1,1,sexual:gray,613820,https://opendict.korean.go.kr/dictionary/view?sense_no=613820
외 심은 데 콩 나랴,어버이와 아주 딴판인 자식은 있을 수 없음을 이르는 말. &lt;동의 속담&gt; ‘외 덩굴에 가지 열릴까’,relationship,1,1,sexual:gray,613822,https://opendict.korean.go.kr/dictionary/view?sense_no=613822
외할미 떡도 커야[싸야] 사 먹는다,"비록 외할머니가 떡을 팔아도 다른 사람이 파는 떡보다 크거나 싸야 사 먹게 된다는 뜻으로, 아무리 가까운 친척이라도 자기 잇속과 관련지어 생각함을 비유적으로 이르는 말.",relationship,1,1,,605292,https://opendict.korean.go.kr/dictionary/view?sense_no=605292
욕은 욕으로 갚고 은혜는 은혜로 갚는다,남이 나를 대하는 것만큼 나도 남을 그만큼밖에는 대접하지 아니한다는 것을 비유적으로 이르는 말. &lt;동의 속담&gt; ‘돌로 치면 돌로 치고 떡으로 치면 떡으로 친다’ ‘떡으로 치면 떡으로 치고 돌로 치면 돌로 친다’,relationship,1,1,,613613,https://opendict.korean.go.kr/dictionary/view?sense_no=613613
욕을 먹고 살아야 오래 산다,남에게 욕을 먹었을 때 위로하거나 스스로 참고 웃어넘길 때 하는 말.,relationship,1,1,,613615,https://opendict.korean.go.kr/dictionary/view?sense_no=613615
용 못 된 이무기 방천 낸다,못된 사람은 못된 짓만 한다는 말.,relationship,1,1,,613725,https://opendict.korean.go.kr/dictionary/view?sense_no=613725
용미에 범 앉은[맞은] 것 같다,위엄이 있어 남을 억압하는 듯한 인상을 지닌 사람을 비유적으로 이르는 말.,relationship,1,1,,605294,https://opendict.korean.go.kr/dictionary/view?sense_no=605294
용이 개천에 빠지면 모기붙이 새끼가 엉겨 붙는다,아무리 좋은 처지에 있던 사람이라도 불행한 경우나 환경에 빠지게 되면 하찮은 사람에게서까지 모욕을 당하고 괄시를 받게 된다는 말. &lt;동의 속담&gt; ‘용이 물 밖에 나면 개미가 침노를 한다’,relationship,1,1,,613727,https://opendict.korean.go.kr/dictionary/view?sense_no=613727
용이 물 밖에 나면 개미가 침노를 한다,아무리 좋은 처지에 있던 사람이라도 불행한 경우나 환경에 빠지게 되면 하찮은 사람에게서까지 모욕을 당하고 괄시를 받게 된다는 말. &lt;동의 속담&gt; ‘용이 개천에 빠지면 모기붙이 새끼가 엉겨 붙는다’,relationship,1,1,,613728,https://opendict.korean.go.kr/dictionary/view?sense_no=613728
우둔한 것이 범 잡는다,앞뒤를 살피지 아니하고 덥석 대드는 사람이 뜻밖에 큰일을 하는 수가 있다는 말.,relationship,1,1,violent:gray,613733,https://opendict.korean.go.kr/dictionary/view?sense_no=613733
우렁이 속에도 생각이 들었다,아무리 어리석고 못난 사람이라도 다 그 나름대로의 생각을 갖고 있음을 이르는 말.,relationship,1,1,sexual:gray,605234,https://opendict.korean.go.kr/dictionary/view?sense_no=605234
우물귀신 잡아넣듯 하다,"우물귀신은 다른 사람을 끌어넣어 대신 귀신을 만든 다음에야 비로소 탈출할 수 있다는 미신에서 생긴 말로, 어떤 어려움이나 걱정 속에서 자기가 벗어나기 위하여 남을 대신 밀어 넣어 곤란한 지경에 빠뜨리는 것을 비유적으로 이르는 말.",relationship,1,1,sexual:gray,605270,https://opendict.korean.go.kr/dictionary/view?sense_no=605270
우물 옆에서 목말라[말라] 죽는다,사람이 무슨 일에나 도무지 융통성이 없고 처신할 줄 모름을 비유적으로 이르는 말.,relationship,1,1,violent:gray,613745,https://opendict.korean.go.kr/dictionary/view?sense_no=613745
우습게 본 나무에[풀에] 눈 걸린다[찔린다],"대수롭지 아니하게 여겼던 사람이나 물건으로 인하여 크게 손해를 입는다는 뜻으로, 아무리 대수롭지 않게 보이더라도 조심해야 한다는 말.",relationship,1,1,,605293,https://opendict.korean.go.kr/dictionary/view?sense_no=605293
원님 덕에 나팔[나발] 분다,"원님과 동행한 덕분에 나팔 불고 요란히 맞아 주는 호화로운 대접을 받는다는 뜻으로, 남의 덕으로 당치도 아니한 행세를 하게 되거나 그런 대접을 받고 우쭐대는 모양을 비유적으로 이르는 말. &lt;동의 속담&gt; ‘사또 덕분에 나팔 분다’",relationship,1,1,,605332,https://opendict.korean.go.kr/dictionary/view?sense_no=605332
원두한이 쓴 외 보듯,"원두한이 팔 수 없는 쓴 오이를 본다는 뜻으로, 남을 멸시하거나 무시함을 이르는 말. &lt;동의 속담&gt; ‘쓴 도라지[오이] 보듯’",relationship,1,1,,605313,https://opendict.korean.go.kr/dictionary/view?sense_no=605313
원숭이도 나무에서 떨어진다,아무리 익숙하고 잘하는 사람이라도 간혹 실수할 때가 있음을 비유적으로 이르는 말. &lt;동의 속담&gt; ‘나무 잘 타는 잔나비 나무에서 떨어진다’ ‘닭도 홰에서 떨어지는 날이 있다’,relationship,1,1,sexual:gray,613679,https://opendict.korean.go.kr/dictionary/view?sense_no=613679
원숭이의 고기 재판하듯,"이솝 우화에서 고기를 똑같이 나눠 준다고 하면서 야금야금 자기가 베어 먹어 마침내 다 먹는 원숭이 이야기에서 나온 말로, 겉으로는 공정한 척하면서 실지로는 교활하게 남을 속이고 제 잇속을 차리는 모양을 비유적으로 이르는 말.",relationship,1,1,violent:gray,613680,https://opendict.korean.go.kr/dictionary/view?sense_no=613680
원숭이 이 잡아먹듯,"원숭이가 늘 이를 잡는 것 같지만 실제로는 잡는 것이 아닌 것처럼, 사람이 무슨 일을 하는 체하면서 실제로는 아무것도 하지 않는 경우를 비유적으로 이르는 말.",relationship,1,1,,613676,https://opendict.korean.go.kr/dictionary/view?sense_no=613676
원을 만나거나 시주를 받거나,무슨 기적적인 도움이 있어야만 일이 해결될 것이라 할 때 이르는 말.,relationship,1,1,,605320,https://opendict.korean.go.kr/dictionary/view?sense_no=605320
윗물이 맑아야 아랫물이 맑다,윗사람이 잘하면 아랫사람도 따라서 잘하게 된다는 말.,relationship,1,1,,605304,https://opendict.korean.go.kr/dictionary/view?sense_no=605304
유복한 과수[과부]는 앉아도 요강 꼭지에 앉는다,운이 좋은 사람은 하는 일마다 운이 따른다는 말.,relationship,1,1,,605302,https://opendict.korean.go.kr/dictionary/view?sense_no=605302
으르렁대는 소는 받지 않는다,"받을 것처럼 으르렁대는 소는 실제로는 받지 않는 법이란 뜻으로, 능력이 없는 사람이 공연히 큰소리를 치거나 허세를 부림을 비유적으로 이르는 말.",relationship,1,1,,605424,https://opendict.korean.go.kr/dictionary/view?sense_no=605424
은혜를 모르는 건 당나귀,은혜에 보답하지 아니한 사람은 사람으로 칠 가치도 없다는 말.,relationship,1,1,,614108,https://opendict.korean.go.kr/dictionary/view?sense_no=614108
의붓아비 돼지고기 써는 데는 가도 친아비 나무 패는 데는 가지 마라,의붓아비가 아무리 저를 미워하더라도 돼지고기를 써는 데 가면 혹 돼지고기 하나 줄지 모르지만 친아비가 아무리 사랑하더라도 도끼질하는 데서는 잘못하여 다칠 수도 있으니 자신에게 조금이라도 해가 미칠 듯한 곳에는 가지 말라는 말. &lt;동의 속담&gt; ‘의붓아비 떡 치는 데는 가도 친아비 도끼질하는 데는 안 간다’,relationship,1,1,violent:gray,605486,https://opendict.korean.go.kr/dictionary/view?sense_no=605486
의붓아비 떡 치는 데는 가도 친아비 도끼질하는 데는 안 간다,의붓아비가 아무리 저를 미워하더라도 떡을 치는 데 가면 혹 떡 하나 줄지 모르지만 친아비가 아무리 사랑하더라도 도끼질하는 데서는 잘못하여 다칠 수도 있으니 자신에게 조금이라도 해가 미칠 듯한 곳에는 가지 말라는 말. &lt;동의 속담&gt; ‘의붓아비 돼지고기 써는 데는 가도 친아비 나무 패는 데는 가지 마라’,relationship,1,1,violent:gray,605487,https://opendict.korean.go.kr/dictionary/view?sense_no=605487
의붓어미 눈치 보듯,대하기 어려운 사람이나 무서운 사람의 눈치를 살핌을 비유적으로 이르는 말.,relationship,1,1,,605492,https://opendict.korean.go.kr/dictionary/view?sense_no=605492
의붓자식 다루듯,남의 것처럼 하찮게 다루거나 차별 대우를 한다는 말.,relationship,1,1,,614028,https://opendict.korean.go.kr/dictionary/view?sense_no=614028
이가 자식보다 낫다,"이가 있으면 먹고 살아갈 수 있으며 때로는 맛있는 음식도 먹게 된다는 뜻으로, 이의 중요성을 이르는 말.",relationship,1,1,sexual:gray,605481,https://opendict.korean.go.kr/dictionary/view?sense_no=605481
이것은 재관 풍류냐,"한 재상이 자신의 수연(壽宴)에 임금이 내린 어악(御樂)을 굳이 사양하고 받지 아니하여 하루에 아홉 번의 왕래가 있었다는 데서, 사람이 자주 왕래함을 이르는 말. &lt;동의 속담&gt; ‘재관 풍류냐’",relationship,1,1,,613737,https://opendict.korean.go.kr/dictionary/view?sense_no=613737
이고 지고 가도 제 복 없으면 못산다,"친정이 부유하여 많이 가지고 시집을 가도 못사는 사람은 잘 못산다는 뜻으로, 예장(禮裝)을 많이 하여야 잘사는 것은 아니라는 말. &lt;동의 속담&gt;‘얼레빗 참빗 품고 가도 제 복이 있으면 잘산다’",relationship,1,1,,613863,https://opendict.korean.go.kr/dictionary/view?sense_no=613863
이 굿에는 춤추기 어렵다,어떤 일을 주관하는 사람이 많아 누구의 말을 따라야 할지 알 수 없음을 비유적으로 이르는 말. &lt;동의 속담&gt; ‘그 장단 춤추기 어렵다’ ‘어느 장단에 춤추랴’ ‘이날 춤추기 어렵다’,relationship,1,1,sexual:gray,613829,https://opendict.korean.go.kr/dictionary/view?sense_no=613829
이날 춤추기 어렵다,어떤 일을 주관하는 사람이 많아 누구의 말을 따라야 할지 알 수 없음을 비유적으로 이르는 말. &lt;동의 속담&gt; ‘그 장단 춤추기 어렵다’ ‘어느 장단에 춤추랴’ ‘이 굿에는 춤추기 어렵다’,relationship,1,1,sexual:gray,605395,https://opendict.korean.go.kr/dictionary/view?sense_no=605395
이 덕 저 덕이 다 하늘 덕,사람이 살아가는 모든 것은 하늘의 덕택이라는 말.,relationship,1,1,,613830,https://opendict.korean.go.kr/dictionary/view?sense_no=613830
이래도 일생 저래도 일생,사람이 잘살거나 못살거나 한평생 사는 것은 마찬가지라는 말. &lt;동의 속담&gt; ‘이래도 한세상 저래도 한세상’,relationship,1,1,,613864,https://opendict.korean.go.kr/dictionary/view?sense_no=613864
이래도 한세상 저래도 한세상,사람이 잘살거나 못살거나 한평생 사는 것은 마찬가지라는 말. &lt;동의 속담&gt; ‘이래도 일생 저래도 일생’,relationship,1,1,,613866,https://opendict.korean.go.kr/dictionary/view?sense_no=613866
이른 새끼가 살 안 찐다,"알에서 일찍 깬 새끼가 살이 안 찌고 크게 자라지 못한다는 뜻으로, 사람이 어려서 나이 든 체하며 너무 일되면 도리어 훌륭하게 되지 못함을 이르는 말.",relationship,1,1,,605439,https://opendict.korean.go.kr/dictionary/view?sense_no=605439
이름 좋은 하눌타리,보기만 좋았지 아무 실속이 없는 사람이나 사물을 비유적으로 이르는 말. &lt;동의 속담&gt; ‘허울 좋은 과부’ ‘허울 좋은 하눌타리[수박]’,relationship,1,1,,614007,https://opendict.korean.go.kr/dictionary/view?sense_no=614007
이리가 양으로 될 수 없다,"이리가 아무리 변신을 하여도 양이 될 수 없다는 뜻으로, 나쁜 본성을 가진 사람은 본성을 바꿀 수 없음을 비유적으로 이르는 말. &lt;동의 속담&gt; ‘승냥이가 양으로 될 수 없다’",relationship,1,1,sexual:gray,613815,https://opendict.korean.go.kr/dictionary/view?sense_no=613815
이발이 맏아들보다 낫다,‘이가 자식보다 낫다’의 북한 속담.,relationship,1,1,,614128,https://opendict.korean.go.kr/dictionary/view?sense_no=614128
이사할 때 강아지 따라다니듯,필요도 없는 사람이 쓸데없이 여기저기 귀찮게 따라다님을 비유적으로 이르는 말. &lt;동의 속담&gt; ‘거둥에 망아지 (새끼) 따라다니듯’ ‘낮일할 때 찬 초갑(草匣)’,relationship,1,1,,605442,https://opendict.korean.go.kr/dictionary/view?sense_no=605442
이웃집 개가 짖어서 도적을 면했다,우연히 남의 덕을 입게 됨을 비유적으로 이르는 말. &lt;동의 속담&gt; ‘옆집 개가 짖어서 도적 면했다’,relationship,1,1,,605403,https://opendict.korean.go.kr/dictionary/view?sense_no=605403
이웃집 나그네도 손볼 날이 있다,아무리 가까운 사이일지라도 손님으로서 깍듯이 대접해야 할 때가 있음을 이르는 말.,relationship,1,1,sexual:gray,605405,https://opendict.korean.go.kr/dictionary/view?sense_no=605405
이웃집 며느리 흉도 많다,늘 가까이 있고 잘 아는 사이일수록 상대편의 결점이 눈에 더 많이 띈다는 말. &lt;동의 속담&gt; ‘가까운 집 며느리일수록 흉이 많다’,relationship,1,1,,605406,https://opendict.korean.go.kr/dictionary/view?sense_no=605406
이웃집 무당 영하지 않다,가까이 살아 그 단점을 많이 알고 있어 훌륭하다고 생각하지 않음을 이르는 말. &lt;동의 속담&gt; ‘동네 무당 영하지 않다’ ‘동네 의원 용한 줄 모른다’,relationship,1,1,sexual:gray,605407,https://opendict.korean.go.kr/dictionary/view?sense_no=605407
이웃집 새 처녀도 내 정지에 들여 세워 보아야 한다,사람 고르기가 쉽지 않음을 비유적으로 이르는 말.,relationship,1,1,sexual:gray,605409,https://opendict.korean.go.kr/dictionary/view?sense_no=605409
익은 감도 떨어지고 선 감도 떨어진다,"늙어서 죽는 사람도 있고 젊어서 죽는 사람도 있다는 뜻으로, 사람은 자기 명에 따라 죽게 마련임을 비유적으로 이르는 말.",relationship,1,1,violent:gray,613762,https://opendict.korean.go.kr/dictionary/view?sense_no=613762
인사는 관 뚜껑 덮고 나서 결정된다,"사람의 옳고 그름, 좋고 나쁨은 그 사람이 죽은 뒤에야 비로소 알 수 있다는 말.",relationship,1,1,violent:gray,614099,https://opendict.korean.go.kr/dictionary/view?sense_no=614099
인생은 뿌리 없는 평초(萍草),"사람이 살아간다고 하는 것은 마치 물 위에 떠도는 개구리밥과 같다는 뜻으로, 인생이란 허무하고 믿을 수 없는 것임을 비유적으로 이르는 말.",relationship,1,1,,605535,https://opendict.korean.go.kr/dictionary/view?sense_no=605535
인심이 뚝집에서 난다,겉보기에 무뚝뚝해 보이는 사람이 오히려 마음이 너그럽고 인심이 후한 경우가 많음을 이르는 말.,relationship,1,1,sexual:gray,614096,https://opendict.korean.go.kr/dictionary/view?sense_no=614096
인왕산 모르는 호랑이가 있나,"한국의 호랑이는 반드시 인왕산에 와 본다는 옛말에서 나온 말로, 자기를 모르는 사람이 있을 수 없음을 이르는 말.",relationship,1,1,sexual:gray,614178,https://opendict.korean.go.kr/dictionary/view?sense_no=614178
인정은 바리로 싣고 진상은 꼬치로 꿴다,"임금에게 바치는 물건은 꼬치에 꿸 정도로 적으나 관원에게 보내는 뇌물은 많다는 뜻으로, 자신과 이해관계에 있는 일에 더 마음을 쓰게 됨을 비유적으로 이르는 말. &lt;동의 속담&gt; ‘진상은 꼬챙이에 꿰고 인정은 바리로 싣는다’",relationship,1,1,sexual:gray,614149,https://opendict.korean.go.kr/dictionary/view?sense_no=614149
인제 보니 수원 나그네,"누군가 싶었는데 다시 보니 그 전부터 잘 아는 수원 나그네였다는 뜻으로, 처음엔 누군지 몰라보았으나 깨달아 알고 보니 알던 사람이라는 말. &lt;동의 속담&gt; ‘알고 보니 수원 나그네’ ‘다시 보니 수원 나그네’",relationship,1,1,sexual:gray,614155,https://opendict.korean.go.kr/dictionary/view?sense_no=614155
일가 못된 것이 항렬만 높다,"못된 일가가 친족 관계의 항렬만 높다는 뜻으로, 변변치 아니한 사람이나 일이 잘되는 경우를 비유적으로 이르는 말.",relationship,1,1,,605537,https://opendict.korean.go.kr/dictionary/view?sense_no=605537
일군을 부리려면 주인이 먼저 일군 노릇을 해야 한다,남을 부리기 위해서는 먼저 솔선수범해야 일이 잘된다는 말.,relationship,1,1,,605460,https://opendict.korean.go.kr/dictionary/view?sense_no=605460
일군이 나갈 제는 주인집 흉을 내고 며느리 나갈 제는 시집의 흉을 낸다,쫓겨나는 사람이 쫓는 사람에 대하여 좋은 감정을 가질 수 없다는 말.,relationship,1,1,,605461,https://opendict.korean.go.kr/dictionary/view?sense_no=605461
일이 곱지 얼굴이 곱나,사람은 얼굴보다 일을 잘해야 더 곱게 보인다는 말.,relationship,1,1,,614123,https://opendict.korean.go.kr/dictionary/view?sense_no=614123
일이 잘될 땐 넘어져도 떡함지에 엎어진다,일이 잘 풀리는 사람은 어떤 경우에도 잘된다는 말. &lt;동의 속담&gt; ‘잘되는 놈은 엎어져도 떡함지라’,relationship,1,1,,614126,https://opendict.korean.go.kr/dictionary/view?sense_no=614126
입 가리고 고양이 흉내,얕은꾀로 남을 속이려는 어리석음을 비유적으로 이르는 말.,relationship,1,1,sexual:gray,613942,https://opendict.korean.go.kr/dictionary/view?sense_no=613942
입맛 나자 노수 떨어진다,"입맛이 없어 먹지 못하던 사람이 입맛이 나게 되자 여비가 떨어져서 사 먹을 수 없게 되었다는 뜻으로, 일이 공교롭게도 서로 어긋나며 틀어지는 경우를 비유적으로 이르는 말.",relationship,1,1,,614023,https://opendict.korean.go.kr/dictionary/view?sense_no=614023
입성이 날개(라),옷이 좋으면 사람이 돋보인다는 말. &lt;동의 속담&gt; ‘옷이 날개라’,relationship,1,1,,605450,https://opendict.korean.go.kr/dictionary/view?sense_no=605450
입은 거지는 얻어먹어도 벗은 거지는 못 얻어먹는다,사람이 옷차림이 깨끗하여야 남에게 대우를 받게 됨을 비유적으로 이르는 말.,relationship,1,1,,614017,https://opendict.korean.go.kr/dictionary/view?sense_no=614017
입이 밥 빌리러 오지 밥이 입 빌리러 올까,자신에게 필요한 것을 요청한 사람이 가지러 가지 아니하고 가져다주기를 바라는 경우를 비유적으로 이르는 말.,relationship,1,1,,613972,https://opendict.korean.go.kr/dictionary/view?sense_no=613972
입이 여럿이면 금도 녹인다,여러 사람이 힘을 모으면 무슨 일이든 이룰 수 있다는 말. &lt;동의 속담&gt; ‘천 인이 찢으면 천금이 녹고 만 인이 찢으면 만금이 녹는다’,relationship,1,1,,613977,https://opendict.korean.go.kr/dictionary/view?sense_no=613977
자고 나면 인심도 변하고 세상도 변한다,이해관계에 따라 사람들의 인심이나 태도가 매우 심하게 바뀜을 이르는 말.,relationship,1,1,violent:gray,614058,https://opendict.korean.go.kr/dictionary/view?sense_no=614058
자기 배 부르면 남의 배 고픈 줄 모른다,자기와 환경이나 조건이 다른 사람의 사정을 이해하기가 어려움을 이르는 말.,relationship,1,1,,605502,https://opendict.korean.go.kr/dictionary/view?sense_no=605502
자기 얼굴[낯]에 침 뱉기,남을 해치려고 하다가 도리어 자기가 해를 입게 된다는 것을 비유적으로 이르는 말. &lt;동의 속담&gt; ‘누워서 침 뱉기’ ‘내 얼굴에 침 뱉기’ ‘제 갗에 침 뱉기’,relationship,1,1,,605503,https://opendict.korean.go.kr/dictionary/view?sense_no=605503
자라 보고 놀란 가슴 소댕[솥뚜껑] 보고 놀란다,어떤 사물에 몹시 놀란 사람은 비슷한 사물만 보아도 겁을 냄을 이르는 말. &lt;동의 속담&gt; ‘더위 먹은 소 달만 보아도 헐떡인다’ ‘뜨거운 물에 덴 놈 숭늉 보고도 놀란다’ ‘불에 놀란 놈이 부지깽이[화젓가락]만 보아도 놀란다’,relationship,1,1,sexual:gray,605573,https://opendict.korean.go.kr/dictionary/view?sense_no=605573
자라 알 바라듯[바라보듯/들여다보듯],자식이나 재물 따위를 다른 곳에 두고 잊지 못하여 늘 생각하는 경우를 비유적으로 이르는 말.,relationship,1,1,,605574,https://opendict.korean.go.kr/dictionary/view?sense_no=605574
자랑쟁이에게 흉[흠]이 더 많다,"보통 자기 수양이 부족한 사람이 자기 자랑을 많이 한다는 뜻으로, 자기의 허물도 모르고 자기를 자랑하는 사람을 비꼬는 말.",relationship,1,1,,605457,https://opendict.korean.go.kr/dictionary/view?sense_no=605457
자식도 많으면 천하다,무엇이나 흔하면 귀하게 여기지 않고 대접이 소홀하게 됨을 이르는 말.,relationship,1,1,,605661,https://opendict.korean.go.kr/dictionary/view?sense_no=605661
자식은 오복이 아니라도 이는 오복에 든다,이가 좋은 것은 큰 복임을 비유적으로 이르는 말.,relationship,1,1,,605673,https://opendict.korean.go.kr/dictionary/view?sense_no=605673
자식 죽는 건 봐도 곡식 타는 건 못 본다,농부들이 농사짓는 일에 온 정성을 다함을 이르는 말.,relationship,1,1,violent:gray,605656,https://opendict.korean.go.kr/dictionary/view?sense_no=605656
작년에 왔던 각설이 또 찾아왔다,반갑지 아니한 사람이 다시 찾아왔음을 비유적으로 이르는 말.,relationship,1,1,sexual:gray,605821,https://opendict.korean.go.kr/dictionary/view?sense_no=605821
잔 잡은 팔 밖으로 펴지 못한다,사람은 자기와 조금이라도 더 가까운 사람에게 정이 가기 마련임을 비유적으로 이르는 말. &lt;동의 속담&gt; ‘잔 잡은 팔이 안으로 굽는다’,relationship,1,1,,605713,https://opendict.korean.go.kr/dictionary/view?sense_no=605713
잔 잡은 팔이 안으로 굽는다,사람은 자기와 조금이라도 더 가까운 사람에게 정이 가기 마련임을 비유적으로 이르는 말. &lt;동의 속담&gt; ‘잔 잡은 팔 밖으로 펴지 못한다’,relationship,1,1,,605714,https://opendict.korean.go.kr/dictionary/view?sense_no=605714
잘되는 놈은 엎어져도 떡함지라,일이 잘 풀리는 사람은 어떤 경우에도 잘된다는 말. &lt;동의 속담&gt; ‘일이 잘될 땐 넘어져도 떡함지에 엎어진다’,relationship,1,1,,614252,https://opendict.korean.go.kr/dictionary/view?sense_no=614252
장님 떡자루부터 잡고 있듯,어리숙한 사람이 잇속에는 밝아 자기에게 이익이 되는 것을 놓지 아니함을 이르는 말.,relationship,1,1,,614315,https://opendict.korean.go.kr/dictionary/view?sense_no=614315
장님 문고리 잡기,"눈먼 장님이 요행히 문고리를 잡은 것과 같다는 뜻으로, 그럴 능력이 없는 사람이 어쩌다가 요행수로 어떤 일을 이룬 경우를 비유적으로 이르는 말. &lt;동의 속담&gt; ‘봉사 문고리 잡기’ ‘소경 문고리 잡듯[잡은 격]’",relationship,1,1,,614317,https://opendict.korean.go.kr/dictionary/view?sense_no=614317
장님이 사람 친다,뜻밖의 사람이 뜻밖의 일을 함을 이르는 말.,relationship,1,1,,614342,https://opendict.korean.go.kr/dictionary/view?sense_no=614342
장님이 셋이면 편지를 본다,"개개인으로 보면 어떤 일을 할 능력이 없지만 여럿이 모이면 그 일을 할 능력이 된다는 뜻으로, 여러 사람이 지혜를 합쳐 나가면 그 어떤 어렵고 힘든 일이라도 해낼 수 있다는 말. &lt;동의 속담&gt; ‘소경이 셋이 모이면 못 보는 편지를 뜯어본다’",relationship,1,1,,614343,https://opendict.korean.go.kr/dictionary/view?sense_no=614343
장님 제 닭 잡아먹듯,"횡재라 생각하며 잡아먹은 닭이 알고 보니 결국 자기 닭이라는 뜻으로, 남을 해치려다가 도리어 자신이 해를 입게 됨을 비유적으로 이르는 말.",relationship,1,1,,614324,https://opendict.korean.go.kr/dictionary/view?sense_no=614324
장마당 돼지 복숭아 싫달 적 있을가,탐욕스러운 사람은 자기 손에 굴러 들어온 이익이나 뇌물 따위를 거절하지 아니함을 비유적으로 이르는 말.,relationship,1,1,,614204,https://opendict.korean.go.kr/dictionary/view?sense_no=614204
장맛은 혀에 한번 묻혀 보면 안다,무엇을 이해하는 데 그 일부만 가지고도 능히 전체를 알 수 있다는 말.,relationship,1,1,,605620,https://opendict.korean.go.kr/dictionary/view?sense_no=605620
재관 풍류냐,"한 재상이 자신의 수연(壽宴)에 임금이 내린 어악(御樂)을 굳이 사양하고 받지 아니하여 하루에 아홉 번의 왕래가 있었다는 데서, 사람이 자주 왕래함을 이르는 말. &lt;동의 속담&gt; ‘이것은 재관 풍류냐’",relationship,1,1,,605706,https://opendict.korean.go.kr/dictionary/view?sense_no=605706
재롱받이 아들 손자쯤으로 보듯,누구를 몹시 사랑하고 귀여워함을 이르는 말.,relationship,1,1,,614415,https://opendict.korean.go.kr/dictionary/view?sense_no=614415
재하자는 유구무언(이라),아랫사람은 웃어른에 대하여 할 말도 제대로 못 하고 지냄을 이르는 말.,relationship,1,1,,605816,https://opendict.korean.go.kr/dictionary/view?sense_no=605816
저녁 두 번 먹었다,아무도 모르게 밤중에 달아남을 비유적으로 이르는 말. &lt;동의 속담&gt; ‘밤밥 먹었다’,relationship,1,1,,614263,https://opendict.korean.go.kr/dictionary/view?sense_no=614263
저는 잘난 백정으로 알고 남은 헌 정승으로 안다,별로 대단치 아니한 사람이 거만하여 사람을 만만히 보거나 자기보다 나은 사람을 업신여기는 경우를 비유적으로 이르는 말.,relationship,1,1,,614165,https://opendict.korean.go.kr/dictionary/view?sense_no=614165
저런 걸 낳지 말고 호박이나 낳았더라면 국이나 끓여 먹지,"저렇게 못난 사람이라면 아예 낳지 말고, 호박을 낳아 국이나 끓여 먹을걸 잘못했다는 뜻으로, 지지리 못난 사람임을 핀잔하는 말. &lt;동의 속담&gt; ‘나올 적에 봤다면 짚신짝으로 틀어막을걸’",relationship,1,1,,614427,https://opendict.korean.go.kr/dictionary/view?sense_no=614427
저 잘난 멋에 산다,사람은 누구나 자기가 남보다 잘났다고 생각하며 산다는 말. &lt;동의 속담&gt; ‘언청이도 저 잘난 맛에 산다’,relationship,1,1,,614161,https://opendict.korean.go.kr/dictionary/view?sense_no=614161
젊어서는 색으로 살고 늙어서는 정으로 산다,부부가 젊었을 때에는 불같은 사랑으로 살지만 늙은 다음에는 서로 믿고 아끼는 따뜻한 정으로 살아간다는 말.,relationship,1,1,sexual:gray,614490,https://opendict.korean.go.kr/dictionary/view?sense_no=614490
정 각각 흉 각각,"어떤 이에게 쏠리는 정과 그 사람이 갖고 있는 흉은 각각 다른 것이어서, 정이 쏠리더라도 흉은 흉대로 남아 있고 흉이 있다고 해서 쏠리는 정이 막히지 아니한다는 말.",relationship,1,1,,614525,https://opendict.korean.go.kr/dictionary/view?sense_no=614525
정들면 그만이다,사람이 밉게 또는 예쁘게 보이는 것은 외모에 따른 것이 아니라 사귀어 온 정에 의한다는 말. &lt;동의 속담&gt; ‘정들면 미운 사람도 고와 보인다’ ‘정들면 다다’,relationship,1,1,,614924,https://opendict.korean.go.kr/dictionary/view?sense_no=614924
정들면 다다,사람이 밉게 또는 예쁘게 보이는 것은 외모에 따른 것이 아니라 사귀어 온 정에 의한다는 말. &lt;동의 속담&gt; ‘정들면 미운 사람도 고와 보인다’ ‘정들면 그만이다’,relationship,1,1,,614925,https://opendict.korean.go.kr/dictionary/view?sense_no=614925
정들면 미운 사람도 고와 보인다,사람이 밉게 또는 예쁘게 보이는 것은 외모에 따른 것이 아니라 사귀어 온 정에 의한다는 말. &lt;동의 속담&gt; ‘정들면 그만이다’ ‘정들면 다다’,relationship,1,1,,614926,https://opendict.korean.go.kr/dictionary/view?sense_no=614926
정승 날 때 강아지 난다,훌륭한 사람이 나면 따라서 훌륭하지 못한 사람도 난다는 말.,relationship,1,1,,614504,https://opendict.korean.go.kr/dictionary/view?sense_no=614504
정은 옛정이 좋고 집은 새집이 좋다,사람은 오래 사귄 사람일수록 정이 깊고 다정하다는 말.,relationship,1,1,,614528,https://opendict.korean.go.kr/dictionary/view?sense_no=614528
젖먹이 두고 가는 년은 자국마다 피가 맺힌다,어린 자식을 떼어 놓고 가는 어머니의 심정은 걸음걸음에 피가 맺힐 것같이 침통하다는 말.,relationship,1,1,sexual:gray|violent:gray,605843,https://opendict.korean.go.kr/dictionary/view?sense_no=605843
젖은 보채는 아이한테 먼저 준다,"보채면서 자꾸 시끄럽게 구는 아이에게는 달래느라고 젖을 먼저 주게 된다는 뜻으로, 조르며 서두르는 사람이나 열심히 구하는 사람에게는 더 잘해 주게 됨을 비유적으로 이르는 말. &lt;동의 속담&gt; ‘보채는 아이 밥 한 술 더 준다’ ‘보채는 아이 젖 준다’",relationship,1,1,sexual:gray,605838,https://opendict.korean.go.kr/dictionary/view?sense_no=605838
제 갗에 침 뱉기,남을 해치려고 하다가 도리어 자기가 해를 입게 된다는 것을 비유적으로 이르는 말. &lt;동의 속담&gt; ‘누워서 침 뱉기’ ‘내 얼굴에 침 뱉기’ ‘자기 얼굴[낯]에 침 뱉기’,relationship,1,1,,614598,https://opendict.korean.go.kr/dictionary/view?sense_no=614598
제 꾀에 (제가) 넘어간다,꾀를 내어 남을 속이려다 도리어 자기가 그 꾀에 속아 넘어감을 비유적으로 이르는 말. &lt;동의 속담&gt; ‘제 딴죽에 제가 넘어졌다’,relationship,1,1,violent:gray,614602,https://opendict.korean.go.kr/dictionary/view?sense_no=614602
제 논에 모가 큰 것은 모른다,"언제나 남의 논에 있는 모가 더 커 보인다는 뜻으로, 무엇이든 남의 물건이나 재물은 좋아 보이고 탐이 남을 비유적으로 이르는 말.",relationship,1,1,,614606,https://opendict.korean.go.kr/dictionary/view?sense_no=614606
제 놈이 제갈량이면 용납이 있나,아무리 제갈량만큼 꾀가 있고 재주가 있더라도 어찌할 도리가 없음을 비유적으로 이르는 말.,relationship,1,1,sexual:gray,614608,https://opendict.korean.go.kr/dictionary/view?sense_no=614608
제 눈 똥에 주저앉는다,남을 해치려고 한 일에 도리어 자기가 걸려들어 해를 보게 됨을 비유적으로 이르는 말.,relationship,1,1,,605879,https://opendict.korean.go.kr/dictionary/view?sense_no=605879
제 딴죽에 제가 넘어졌다,꾀를 내어 남을 속이려다 도리어 자기가 그 꾀에 속아 넘어감을 비유적으로 이르는 말. &lt;동의 속담&gt; ‘제 꾀에 (제가) 넘어간다’,relationship,1,1,violent:gray,614614,https://opendict.korean.go.kr/dictionary/view?sense_no=614614
제를 제라니 샌님 보고 벗하잔다,"자기를 대접해서 공대를 해 주니 되지 못하게 윗사람보고 벗하며 사귀자고 한다는 뜻으로, 교양이 부족한 사람이 남들의 대접에 대하여 예의 바르게 대할 줄 모르고 공연히 우쭐대면서 건방지게 굶을 비유적으로 이르는 말.",relationship,1,1,,605899,https://opendict.korean.go.kr/dictionary/view?sense_no=605899
제 발등의 불을 끄지 않는 놈이 남의 발등의 불을 끄랴,자기 앞의 급한 일도 미처 처리하지 못하는 사람이 남의 일까지 해결해 줄 수 있겠느냐는 말.,relationship,1,1,,614630,https://opendict.korean.go.kr/dictionary/view?sense_no=614630
제 밥 덜어 줄 샌님은 물 건너부터 안다,인정이 있고 어진 사람은 멀리 떨어진 데에서 보기만 하여도 알 수 있을 만큼 어딘가 다른 데가 있다는 말.,relationship,1,1,,614633,https://opendict.korean.go.kr/dictionary/view?sense_no=614633
제비가 기러기의 뜻을 모른다,평범한 사람은 속이 깊은 사람의 뜻을 짐작할 수 없다는 말. &lt;동의 속담&gt; ‘참새가 황새의 뜻을 모른다’,relationship,1,1,,614511,https://opendict.korean.go.kr/dictionary/view?sense_no=614511
제비도 은혜를 갚는다,고전 소설 &amp;lt;흥부전&amp;gt;에서 제비도 은혜를 아는데 하물며 사람이 은혜를 몰라서야 되겠느냐는 뜻으로 이르는 말.,relationship,1,1,,614514,https://opendict.korean.go.kr/dictionary/view?sense_no=614514
조깃배에는 못 가리라,"조기잡이하는 조깃배에 탄 사람들이 떠들면 조기가 놀라서 달아나므로 시끄러운 사람은 조깃배에 못 간다는 뜻으로, 수다스럽고 말 많은 사람을 꾸짖는 말.",relationship,1,1,,605941,https://opendict.korean.go.kr/dictionary/view?sense_no=605941
조약돌이 바위로 될 수 없다,본래 바탕이 작은 것은 아무리 애써도 큰 것이 될 수 없음을 비유적으로 이르는 말.,relationship,1,1,sexual:gray,614864,https://opendict.korean.go.kr/dictionary/view?sense_no=614864
조카 생각하는 것만큼 아재비[숙부] 생각도 한다,남을 생각하여 주어야 남도 나를 생각하여 준다는 말.,relationship,1,1,,605935,https://opendict.korean.go.kr/dictionary/view?sense_no=605935
좁은 데 장모(丈母) 낀다,차마 가라고는 할 수 없으나 가 주었으면 하는 사람이 가지 아니하고 있음을 이르는 말.,relationship,1,1,sexual:gray,614868,https://opendict.korean.go.kr/dictionary/view?sense_no=614868
종갓집 며느리 틀이 있다,사람이 덕성스럽고 인복이 있어 보인다는 말.,relationship,1,1,,615029,https://opendict.korean.go.kr/dictionary/view?sense_no=615029
종의 자식 귀애하니까[귀애하면] 생원님 나룻에 꼬꼬마를 단다,너무 귀여워하면 도리어 조롱을 사게 됨을 비유적으로 이르는 말.,relationship,1,1,,615045,https://opendict.korean.go.kr/dictionary/view?sense_no=615045
종이 종을 부리면 식칼로 형문(刑問)을 친다,남에게 눌려 지내던 사람이 귀하게 되면 전날을 생각지 아니하고 아랫사람을 더 심하게 누르고 모질게 대함을 비유적으로 이르는 말.,relationship,1,1,violent:gray,615047,https://opendict.korean.go.kr/dictionary/view?sense_no=615047
좋은 농사꾼에게(는) 나쁜 땅이 없다,"열심히 농사를 짓는 사람은 아무리 나쁜 땅을 만나도 탓함이 없이 정성껏 가꾸어 소출이 많다는 뜻으로, 모든 일은 제가 하기에 달렸음을 비유적으로 이르는 말.",relationship,1,1,sexual:gray,605998,https://opendict.korean.go.kr/dictionary/view?sense_no=605998
좋은 일에는 남이요 궂은일에는 일가다,"먹을 일이 생겼을 때에는 남을 먼저 찾고, 궂은일이 생겼을 때에는 일가친척을 먼저 찾게 된다는 말.",relationship,1,1,,606003,https://opendict.korean.go.kr/dictionary/view?sense_no=606003
좋을 땐 외삼촌 하고 나쁠 땐 돌아선다,"제게 이로울 때는 아주 다정스러운 체하다가도 제게 불리할 때에는 싹 돌아서서 모르는 체한다는 뜻으로, 인간의 도리를 떠나 이해관계에 따라 태도를 달리하는 경우를 비유적으로 이르는 말.",relationship,1,1,,606008,https://opendict.korean.go.kr/dictionary/view?sense_no=606008
죄는 막둥이가 짓고 벼락은 샌님이 맞는다,나쁜 짓을 해서 이익을 차지하는 사람과 그것에 대한 벌을 받는 사람이 따로 있는 경우를 비유적으로 이르는 말. &lt;동의 속담&gt; ‘죄는 샌님이 짓고 벼락은 막둥이가 맞는다’ ‘죄는 천 도깨비가 짓고 벼락은 고목이 맞는다’,relationship,1,1,,615119,https://opendict.korean.go.kr/dictionary/view?sense_no=615119
죄는 샌님이 짓고 벼락은 막둥이가 맞는다,나쁜 짓을 해서 이익을 차지하는 사람과 그것에 대한 벌을 받는 사람이 따로 있는 경우를 비유적으로 이르는 말. &lt;동의 속담&gt; ‘죄는 막둥이가 짓고 벼락은 샌님이 맞는다’ ‘죄는 천 도깨비가 짓고 벼락은 고목이 맞는다’,relationship,1,1,,615120,https://opendict.korean.go.kr/dictionary/view?sense_no=615120
죄는 천 도깨비가 짓고 벼락은 고목이 맞는다,나쁜 짓을 해서 이익을 차지하는 사람과 그것에 대한 벌을 받는 사람이 따로 있는 경우를 비유적으로 이르는 말. &lt;동의 속담&gt; ‘죄는 막둥이가 짓고 벼락은 샌님이 맞는다’ ‘죄는 샌님이 짓고 벼락은 막둥이가 맞는다’,relationship,1,1,,615124,https://opendict.korean.go.kr/dictionary/view?sense_no=615124
죄지은 놈 옆에 있다가 벼락 맞는다,나쁜 일을 한 사람과 함께 있다가 죄 없는 사람까지 벌을 받거나 누명을 쓰게 된다는 말.,relationship,1,1,,614554,https://opendict.korean.go.kr/dictionary/view?sense_no=614554
주객이 청탁을 가리랴,술을 잘 마시는 사람은 무슨 술이나 가리지 아니하고 즐긴다는 말.,relationship,1,1,,606064,https://opendict.korean.go.kr/dictionary/view?sense_no=606064
주걱이 삽 구실까지 하겠단다,사람이 자기 직분에 맞지 아니하는 엉뚱한 짓을 하려 함을 비꼬는 말.,relationship,1,1,,606073,https://opendict.korean.go.kr/dictionary/view?sense_no=606073
주인 많은 나그네 밥 굶는다,어떤 일에 관계된 사람이 많으면 서로 믿고 미루다가 결국 일을 그르치게 된다는 말. &lt;동의 속담&gt; ‘주인 많은 나그네 조석이 간데없다’,relationship,1,1,,614572,https://opendict.korean.go.kr/dictionary/view?sense_no=614572
주인 많은 나그네 조석이 간데없다,어떤 일에 관계된 사람이 많으면 서로 믿고 미루다가 결국 일을 그르치게 된다는 말. &lt;동의 속담&gt; ‘주인 많은 나그네 밥 굶는다’,relationship,1,1,,614574,https://opendict.korean.go.kr/dictionary/view?sense_no=614574
주인 모를[모르는] 공사 없다,무슨 일이든지 주장하는 사람이 알지 못하거나 참여하지 아니하면 안 된다는 말.,relationship,1,1,,614576,https://opendict.korean.go.kr/dictionary/view?sense_no=614576
주인의 자리는 빼앗지 않는다,손님이 아무리 지체가 높거나 윗사람이라 하여도 주인이 앉을 자리에는 앉지 아니하는 것이 예절에 맞는 도리라는 말.,relationship,1,1,,614583,https://opendict.korean.go.kr/dictionary/view?sense_no=614583
죽기 살기는 시왕전에 매였다,"죽고 살기란 염라대왕을 비롯한 저승의 시왕한테 달렸다는 뜻으로, 죽고 사는 것을 사람이 마음대로 하지 못함을 이르는 말.",relationship,1,1,sexual:gray|violent:gray,614771,https://opendict.korean.go.kr/dictionary/view?sense_no=614771
죽어서도 넋두리를 한다,죽은 사람조차도 무당의 입을 빌려 못다 한 말을 넋두리하는데 산 사람이 못 할 말이 있겠느냐는 말. &lt;동의 속담&gt; ‘죽어서도 무당 빌려 말하는데 살아서 말 못 할까’,relationship,1,1,violent:gray,614794,https://opendict.korean.go.kr/dictionary/view?sense_no=614794
죽어서도 무당 빌려 말하는데 살아서 말 못 할까,죽은 사람조차도 무당의 입을 빌려 못다 한 말을 넋두리하는데 산 사람이 못 할 말이 있겠느냐는 말. &lt;동의 속담&gt; ‘죽어서도 넋두리를 한다’,relationship,1,1,violent:gray,614795,https://opendict.korean.go.kr/dictionary/view?sense_no=614795
죽은 나무에 꽃이 핀다,불행에 빠졌던 사람이 기회를 만나 온갖 영예를 누리게 되는 경우를 비유적으로 이르는 말.,relationship,1,1,violent:gray,614812,https://opendict.korean.go.kr/dictionary/view?sense_no=614812
죽은 다음에 청심환,"사람이 죽은 다음에야 약을 구한다는 뜻으로, 때가 지나 일이 다 틀어진 후에야 뒤늦게 대책을 세움을 비유적으로 이르는 말. &lt;동의 속담&gt; ‘사후 약방문[청심환]’ ‘상여 뒤에 약방문’ ‘성복 뒤에 약방문[약 공론]’ ‘성복제 지내는데 약 공론 한다’ ‘죽은 뒤에 약방문’",relationship,1,1,sexual:gray|violent:gray,614818,https://opendict.korean.go.kr/dictionary/view?sense_no=614818
죽은 뒤에 약방문,"사람이 죽은 다음에야 약을 구한다는 뜻으로, 때가 지나 일이 다 틀어진 후에야 뒤늦게 대책을 세움을 비유적으로 이르는 말. &lt;동의 속담&gt; ‘사후 약방문[청심환]’ ‘상여 뒤에 약방문’ ‘성복 뒤에 약방문[약 공론]’ ‘성복제 지내는데 약 공론 한다’ ‘죽은 다음에 청심환’",relationship,1,1,sexual:gray|violent:gray,614822,https://opendict.korean.go.kr/dictionary/view?sense_no=614822
죽은 자식의 귀 모양 좋다 하지 말라,이미 잃어버렸거나 다 틀어진 일을 놓고 자랑하여 보았자 아무런 소용이 없는 것임을 비유적으로 이르는 말.,relationship,1,1,violent:gray,614839,https://opendict.korean.go.kr/dictionary/view?sense_no=614839
죽은 최가 하나가 산 김가 셋을 당한다,최씨 성을 가진 사람이 아주 독하다는 말.,relationship,1,1,violent:gray,614847,https://opendict.korean.go.kr/dictionary/view?sense_no=614847
중이 미우면 가사(袈裟)도 밉다,어떤 사람이 미우면 그에 딸린 사람까지도 밉게 보인다는 말. &lt;동의 속담&gt; ‘며느리가 미우면 손자까지 밉다’,relationship,1,1,,614746,https://opendict.korean.go.kr/dictionary/view?sense_no=614746
중(이) 절 보기 싫으면 떠나야지,"어떤 곳이나 그곳이 싫거나, 대상이 싫어지면 싫은 그 사람이 떠나야 한다는 말.",relationship,1,1,,614724,https://opendict.korean.go.kr/dictionary/view?sense_no=614724
쥐가 쥐 꼬리를 물고,여러 사람이 연이어서 나오는 모양을 이르는 말.,relationship,1,1,,615192,https://opendict.korean.go.kr/dictionary/view?sense_no=615192
쥐엄나무 도깨비 꼬이듯,인색한 사람이 너무 심하게 아끼고 다랍게 굴 때 하는 말.,relationship,1,1,sexual:gray,614965,https://opendict.korean.go.kr/dictionary/view?sense_no=614965
지각이 나자 망령,"지각이 날 만하자 망령이 들었다는 뜻으로, 지각없이 굴던 사람이 정신을 차려 일을 잘할 만하니까 이번에는 망령이 들어 일을 그르치게 되는 경우를 비난조로 이르는 말. &lt;동의 속담&gt; ‘철나자 망령 난다’ ‘철들자 망령이라’",relationship,1,1,,615202,https://opendict.korean.go.kr/dictionary/view?sense_no=615202
지난해 고인 눈물 올해에 떨어진다,어떤 좋지 못한 일의 여파가 뒤늦게 나타남을 비유적으로 이르는 말.,relationship,1,1,,615238,https://opendict.korean.go.kr/dictionary/view?sense_no=615238
지네도 굴 때가 있다,"발이 많은 지네도 구를 때가 있다는 뜻으로, 조건이 다 갖추어지거나 충분한 능력을 갖추고 있는 사람이 예기치 않은 사고를 냄을 비유적으로 이르는 말.",relationship,1,1,,606116,https://opendict.korean.go.kr/dictionary/view?sense_no=606116
지렁이 무리에 까막까치 못 섞이겠는가,전혀 무관한 듯한 두 사람이 서로 가까이 어울리게 되는 경우를 비유적으로 이르는 말.,relationship,1,1,,615014,https://opendict.korean.go.kr/dictionary/view?sense_no=615014
지레 터진 개살구,"맛없는 개살구가 참살구보다 먼저 익어 터진다는 뜻으로, 되지 못한 사람이 오히려 잘난 체하며 뽐내거나 남보다 먼저 나섬을 비유적으로 이르는 말. &lt;동의 속담&gt; ‘개살구 지레 터진다’",relationship,1,1,,615326,https://opendict.korean.go.kr/dictionary/view?sense_no=615326
지저분하기는 오간수(五澗水) 다리 밑이다,사람이 하는 짓이 비루하고 난잡함을 비유적으로 이르는 말.,relationship,1,1,,606082,https://opendict.korean.go.kr/dictionary/view?sense_no=606082
지키는 사람 열이 도둑 하나를 못 당한다,나쁜 짓을 절대 하지 못하도록 제도와 질서를 세우지 아니하고 감시하는 사람의 머릿수만 늘려서는 나쁜 짓 하는 사람을 잡기 어렵다는 것을 비유적으로 이르는 말.,relationship,1,1,,615374,https://opendict.korean.go.kr/dictionary/view?sense_no=615374
지팽이가 있어야 일어선다,남의 도움이 있어야 어떠한 일을 할 수 있는 경우를 비유적으로 이르는 말.,relationship,1,1,,606188,https://opendict.korean.go.kr/dictionary/view?sense_no=606188
지팽이를 내다 주며 묵어 가란다,겉으로는 남을 위하는 체하나 속마음은 그렇지 못함을 조롱조로 이르는 말.,relationship,1,1,sexual:gray,606189,https://opendict.korean.go.kr/dictionary/view?sense_no=606189
진날 개 사귄 이 같다,달갑지 아니한 사람이 자꾸 따라다니는 경우를 비유적으로 이르는 말.,relationship,1,1,,614981,https://opendict.korean.go.kr/dictionary/view?sense_no=614981
진날 나막신,아주 요긴한 사람이나 사물을 비유적으로 이르는 말.,relationship,1,1,,614984,https://opendict.korean.go.kr/dictionary/view?sense_no=614984
진드기가 아주까리 흉보듯,"진드기가 저와 모양이 비슷한 아주까리를 흉본다는 뜻으로, 보잘것없는 주제에 남을 흉보는 경우를 비꼬는 말.",relationship,1,1,,615366,https://opendict.korean.go.kr/dictionary/view?sense_no=615366
진상은 꼬챙이에 꿰고 인정은 바리로 싣는다,"임금에게 바치는 물건은 꼬치에 꿸 정도로 적으나 관원에게 보내는 뇌물은 많다는 뜻으로, 자신과 이해관계에 있는 일에 더 마음을 쓰게 됨을 비유적으로 이르는 말. &lt;동의 속담&gt; ‘인정은 바리로 싣고 진상은 꼬치로 꿴다’",relationship,1,1,sexual:gray,606173,https://opendict.korean.go.kr/dictionary/view?sense_no=606173
진상 퇴물림 없다,갖다 바치면 싫어하는 사람이 없음을 비유적으로 이르는 말.,relationship,1,1,sexual:gray,606172,https://opendict.korean.go.kr/dictionary/view?sense_no=606172
진손으로 조알 쥐기,"진손으로 조알을 쥐면 온통 달라붙고 만다는 데서, 누군가를 사귀거나 어떤 물건을 다루기가 무서울 정도로 그 사람이나 사물이 성가시게 달라붙는 경우를 비유적으로 이르는 말.",relationship,1,1,,606195,https://opendict.korean.go.kr/dictionary/view?sense_no=606195
집안이 화합하려면[화목하려면] 베갯밑송사는 듣지 않는다,집안 어른이 부녀의 잔소리를 듣고 그것을 믿어 그대로 행하면 집안에 불화가 있게 된다는 말.,relationship,1,1,,614952,https://opendict.korean.go.kr/dictionary/view?sense_no=614952
집에서 새는 바가지는 들에 가도 샌다,본바탕이 좋지 아니한 사람은 어디를 가나 그 본색을 드러내고야 만다는 말.,relationship,1,1,sexual:gray,615063,https://opendict.korean.go.kr/dictionary/view?sense_no=615063
집에서 큰소리치는 놈 나가서 어쩌지 못한다,집안의 만만한 식구들한테 큰소리치며 못살게 구는 사람이 밖에 나가 남들 앞에서는 꼼짝도 못 함을 비유적으로 이르는 말.,relationship,1,1,,615064,https://opendict.korean.go.kr/dictionary/view?sense_no=615064
집을 지으려면 물 자리부터 보라,"집을 새로 지을 때에는 물을 길어다 먹기 편한가 어떠한가 하는 것부터 따져 보아야 한다는 뜻으로, 사람이 살아가는 데에는 물이 매우 중요함을 비유적으로 이르는 말.",relationship,1,1,violent:gray,615070,https://opendict.korean.go.kr/dictionary/view?sense_no=615070
짖는 개는 물지 않는다,겉으로 떠들어 대는 사람은 도리어 실속이 없다는 말.,relationship,1,1,,614962,https://opendict.korean.go.kr/dictionary/view?sense_no=614962
찬물에 기름 돌듯,서로 화합하여 어울리지 아니하고 따로 도는 경우를 비유적으로 이르는 말.,relationship,1,1,,615113,https://opendict.korean.go.kr/dictionary/view?sense_no=615113
참나무에서 떨어지는 도토리 메돼지가 먹으면 메돼지 것이고 다람쥐가 먹으면 다람쥐 것이다,임자 없는 물건은 먼저 차지하는 사람이 임자가 됨을 비유적으로 이르는 말.,relationship,1,1,,606217,https://opendict.korean.go.kr/dictionary/view?sense_no=606217
참새가 왕거미줄에 걸린 것 같다,똑똑한 체하던 사람이 뜻하지 않은 수에 걸려들어서 헤어나지 못하게 됨을 비유적으로 이르는 말.,relationship,1,1,,615298,https://opendict.korean.go.kr/dictionary/view?sense_no=615298
참새가 황새의 뜻을 모른다,평범한 사람은 속이 깊은 사람의 뜻을 짐작할 수 없다는 말. &lt;동의 속담&gt; ‘제비가 기러기의 뜻을 모른다’,relationship,1,1,,615303,https://opendict.korean.go.kr/dictionary/view?sense_no=615303
참새 무리가 어찌 대붕의 뜻을 알랴,평범한 사람이 큰 인물의 뜻을 헤아려 알기가 어려움을 비유적으로 이르는 말. &lt;동의 속담&gt; ‘군작이 어찌 대붕의 뜻을 알랴’,relationship,1,1,,615283,https://opendict.korean.go.kr/dictionary/view?sense_no=615283
챈 발에(이) 곱챈다,불행이나 곤란을 당하고 있는 사람이 또 어려움을 당한다는 말.,relationship,1,1,,615209,https://opendict.korean.go.kr/dictionary/view?sense_no=615209
처녀 못난 것은 젖통만 크고 총각 못난 것은 동리 목기나 모으러 다닌다,"처녀 못난 것은 차림이 단정치 못하고 총각 못난 것은 잔칫집을 찾아다니며 동네 목기 모으는 심부름이나 하고 다닌다는 뜻으로, 사람이 부실하고 못난 짓을 하는 경우를 비유적으로 이르는 말.",relationship,1,1,sexual:gray|violent:gray,606330,https://opendict.korean.go.kr/dictionary/view?sense_no=606330
처서에 장벼 패듯,무엇이 한꺼번에 성하거나 사방에서 요란히 나타남을 비유적으로 이르는 말.,relationship,1,1,violent:gray,615339,https://opendict.korean.go.kr/dictionary/view?sense_no=615339
철나자 망령 난다,"철이 들 만하자 망령이 들었다는 뜻으로, 지각없이 굴던 사람이 정신을 차려 일을 잘할 만하니까 이번에는 망령이 들어 일을 그르치게 되는 경우를 비난조로 이르는 말. &lt;동의 속담&gt; ‘지각이 나자 망령’ ‘철들자 망령이라’",relationship,1,1,,615318,https://opendict.korean.go.kr/dictionary/view?sense_no=615318
철들자 망령이라,"철이 들 만하자 망령이 들었다는 뜻으로, 지각없이 굴던 사람이 정신을 차려 일을 잘할 만하니까 이번에는 망령이 들어 일을 그르치게 되는 경우를 비난조로 이르는 말. &lt;동의 속담&gt; ‘철나자 망령 난다’ ‘지각이 나자 망령’",relationship,1,1,,615019,https://opendict.korean.go.kr/dictionary/view?sense_no=615019
쳇불관 쓰고 몽둥이 맞다,점잖은 사람이 망신을 당하는 경우를 비유적으로 이르는 말.,relationship,1,1,,615406,https://opendict.korean.go.kr/dictionary/view?sense_no=615406
초라니 열은 보아도 능구렁이 하나는 못 본다,까불까불하고 경박한 사람보다 속이 의뭉한 사람이 같이 지내기에 더 어려움을 비유적으로 이르는 말.,relationship,1,1,,606421,https://opendict.korean.go.kr/dictionary/view?sense_no=606421
초상난 집 개,먹을 것이 없어서 이 집 저 집 돌아다니며 빌어먹는 사람이나 궁상이 끼고 초췌한 꼴을 한 사람을 비유적으로 이르는 말. &lt;동의 속담&gt; ‘초상집 개 같다’ ‘초상집의 주인 없는 개’,relationship,1,1,,615502,https://opendict.korean.go.kr/dictionary/view?sense_no=615502
초상집 개 같다,먹을 것이 없어서 이 집 저 집 돌아다니며 빌어먹는 사람이나 궁상이 끼고 초췌한 꼴을 한 사람을 비유적으로 이르는 말. &lt;동의 속담&gt; ‘초상난 집 개’ ‘초상집의 주인 없는 개’,relationship,1,1,,606423,https://opendict.korean.go.kr/dictionary/view?sense_no=606423
초상집의 주인 없는 개,먹을 것이 없어서 이 집 저 집 돌아다니며 빌어먹는 사람이나 궁상이 끼고 초췌한 꼴을 한 사람을 비유적으로 이르는 말. &lt;동의 속담&gt; ‘초상집 개 같다’ ‘초상난 집 개’,relationship,1,1,,606426,https://opendict.korean.go.kr/dictionary/view?sense_no=606426
초생달을 볼 사람이 야밤에 나와 기다린다,일이 다 지나간 뒤에서야 뒤늦게 서두르는 경우를 비유적으로 이르는 말.,relationship,1,1,,615532,https://opendict.korean.go.kr/dictionary/view?sense_no=615532
촌년이 늦바람 나면 속곳 밑에 단추 단다,어수룩한 사람이 어떤 일에 한번 혹하게 되면 도리어 정도를 지나치게 됨을 비유적으로 이르는 말.,relationship,1,1,sexual:gray,606299,https://opendict.korean.go.kr/dictionary/view?sense_no=606299
촌놈에 관장(官長) 들었다,촌사람 가운데서 훌륭한 사람이 나왔음을 비유적으로 이르는 말.,relationship,1,1,sexual:gray,615669,https://opendict.korean.go.kr/dictionary/view?sense_no=615669
촌닭이 관청 닭 눈 빼 먹는다,겉으로는 어수룩해 보이는 사람이 실제로는 약삭빠르고 수완이 있는 경우를 비유적으로 이르는 말.,relationship,1,1,,615674,https://opendict.korean.go.kr/dictionary/view?sense_no=615674
촌령감은 망건만 쓰면 어디 가느냐고 묻는다,어지간해서 옷을 차려입지 아니하는 촌사람이 망건만 써도 어디 나들이 가는 줄로 알고 묻는다는 말.,relationship,1,1,,615499,https://opendict.korean.go.kr/dictionary/view?sense_no=615499
최동학의 기별 보듯,"예전에, 최동학(崔東學)이라는 사람이 지체는 높았지만 무식하였는데 관가에서 보낸 글을 받고 읽는 체하면서 그 글을 가져온 사람에게 “오늘 관가에서 무슨 일이 있었던가?”라고 물었다는 데서, 뜻도 모르면서 글을 읽는 체하는 사람을 놀림조로 이르는 말.",relationship,1,1,,615417,https://opendict.korean.go.kr/dictionary/view?sense_no=615417
최 생원의 신주 마르듯,"최가 성을 가졌던 사람이 매우 인색하여 제사를 잘 지내지 않았다는 데서, 인색한 사람을 만나 아무것도 얻어먹지 못하게 된 경우를 비유적으로 이르는 말.",relationship,1,1,sexual:gray|violent:gray,615416,https://opendict.korean.go.kr/dictionary/view?sense_no=615416
춘풍으로 남을 대하고 추풍으로 나를 대하라,남에게는 부드럽게 자신에게는 엄격하게 대하라는 말.,relationship,1,1,,615643,https://opendict.korean.go.kr/dictionary/view?sense_no=615643
취중에 무천자(無天子)라,"취한 상태에서는 천자도 없다는 뜻으로, 누구나 술에 취하게 되면 어려운 사람이 따로 없음을 비유적으로 이르는 말.",relationship,1,1,sexual:gray,615664,https://opendict.korean.go.kr/dictionary/view?sense_no=615664
친구 따라[친해] 강남 간다,자기는 하고 싶지 아니하나 남에게 끌려서 덩달아 하게 됨을 이르는 말. &lt;동의 속담&gt; ‘동무 따라 강남 간다’ ‘벗 따라 강남 간다’,relationship,1,1,,615648,https://opendict.korean.go.kr/dictionary/view?sense_no=615648
칠 년 대흉이 들어도 무당만은 안 굶어 죽는다,사람은 궁할수록 미신을 찾게 됨을 비유적으로 이르는 말.,relationship,1,1,violent:gray,606500,https://opendict.korean.go.kr/dictionary/view?sense_no=606500
칼로 두부모를 자르듯 하다,무슨 일을 하는 데 있어 맺고 끊는 것이 명확한 경우를 비유적으로 이르는 말.,relationship,1,1,violent:gray,615429,https://opendict.korean.go.kr/dictionary/view?sense_no=615429
콩과 보리도 분간하지 못한다,누구나 알 수 있는 것도 분간하지 못할 만큼 어리석고 못남을 비유적으로 이르는 말.,relationship,1,1,,615486,https://opendict.korean.go.kr/dictionary/view?sense_no=615486
콩을 팥이라 해도 곧이듣는다,남의 말을 곧이곧대로 잘 믿음을 비유적으로 이르는 말.,relationship,1,1,sexual:gray,615491,https://opendict.korean.go.kr/dictionary/view?sense_no=615491
큰무당이 있으면 작은 무당은 춤을 안 춘다,기술이 나은 사람 앞에서는 기술이 못한 사람이 앞에 나서기를 꺼려함을 비유적으로 이르는 말.,relationship,1,1,,606523,https://opendict.korean.go.kr/dictionary/view?sense_no=606523
타고난 재주 사람마다 하나씩은 있다,사람은 누구나 한 가지씩의 재주는 가지고 있어서 그것으로 먹고살아 가게 마련이라는 말.,relationship,1,1,,615855,https://opendict.korean.go.kr/dictionary/view?sense_no=615855
타관 양반이 누가 허 좌수인 줄 아나,어떤 일에 상관없는 사람이 그 일에 대하여 알 까닭이 있겠느냐고 반문하는 투로 이르는 말.,relationship,1,1,,615860,https://opendict.korean.go.kr/dictionary/view?sense_no=615860
태를 길렀다[길렀나],"아이를 사르고 태만 길렀다는 뜻으로, 사람이 둔하고 어리석음을 이르는 말. &lt;동의 속담&gt; ‘아이를 사르고 태를 길렀나’",relationship,1,1,sexual:gray,606447,https://opendict.korean.go.kr/dictionary/view?sense_no=606447
터진 꽈리 보듯 한다,사람이나 물건을 아주 쓸데없는 것으로 여겨 중요시하지 아니함을 비유적으로 이르는 말.,relationship,1,1,,615679,https://opendict.korean.go.kr/dictionary/view?sense_no=615679
통채로 삼켜도 비린내가[비린내도] 안 나겠다,몹시 탐이 나도록 예쁘고 사랑스러움을 비유적으로 이르는 말.,relationship,1,1,,606595,https://opendict.korean.go.kr/dictionary/view?sense_no=606595
티끌 속의 구슬,세상에 알려지지 못하고 파묻혀 있는 사람이나 그 사람의 재능 따위를 비유적으로 이르는 말.,relationship,1,1,,615906,https://opendict.korean.go.kr/dictionary/view?sense_no=615906
팔 고쳐 주니 다리 부러졌다 한다,사고가 잇따라 일어남을 비유적으로 이르는 말.,relationship,1,1,,615954,https://opendict.korean.go.kr/dictionary/view?sense_no=615954
팔난봉에 뫼 썼다,허랑하고 방탕한 자식이 났음을 비꼬는 말.,relationship,1,1,sexual:gray,606625,https://opendict.korean.go.kr/dictionary/view?sense_no=606625
팽기 다리에 물 들어서듯,많은 사람이 열을 지어 늘어앉은 모양을 비유적으로 이르는 말. &lt;동의 속담&gt; ‘제터 방죽에 줄남생이 늘어앉듯’ ‘합덕 방죽에 줄남생이 늘어앉듯’,relationship,1,1,violent:gray,606614,https://opendict.korean.go.kr/dictionary/view?sense_no=606614
편사 놈이 널 머리 들먹거리듯,"활쏘기를 겨루는 사람이 전혀 상관없는 널에 대하여 이러쿵저러쿵한다는 뜻으로, 당치 않은 것을 들추어내어 말썽을 부림을 비유적으로 이르는 말.",relationship,1,1,violent:gray,615912,https://opendict.korean.go.kr/dictionary/view?sense_no=615912
하나를 가르치자면 열 백을 알아야 한다,남을 가르치기 위하여서는 남보다 훨씬 더 많이 알아야 한다는 말.,relationship,1,1,,615963,https://opendict.korean.go.kr/dictionary/view?sense_no=615963
하늘이 무너져도 솟아날 구멍이 있다,아무리 어려운 경우에 처하더라도 살아 나갈 방도가 생긴다는 말. &lt;동의 속담&gt; ‘사람이 죽으란 법은 없다’ ‘죽을 수가 닥치면 살 수가 생긴다’,relationship,1,1,violent:gray,616213,https://opendict.korean.go.kr/dictionary/view?sense_no=616213
한라산이 금덩어리라도 쓸 놈 없으면 못 쓴다,아무리 귀중한 재물일지라도 그것을 쓸 줄 아는 사람이 있어야 제 진가를 발휘한다는 말.,relationship,1,1,,616110,https://opendict.korean.go.kr/dictionary/view?sense_no=616110
한량이 죽어도 기생집 울타리 밑에서 죽는다,사람이 평소에 가지고 있는 본색이나 행실을 죽을 때까지 버리지 못한다는 말.,relationship,1,1,sexual:gray|violent:gray,606782,https://opendict.korean.go.kr/dictionary/view?sense_no=606782
한 사람의 덕을 열이 본다,한 사람이 잘되면 그 덕을 여러 명이 입게 된다는 말.,relationship,1,1,,615803,https://opendict.korean.go.kr/dictionary/view?sense_no=615803
한 아들에 열 며느리,부모들이 흔히 아들이 여러 첩을 거느리는 것을 말리지 아니할 때 쓰는 말.,relationship,1,1,sexual:gray,615809,https://opendict.korean.go.kr/dictionary/view?sense_no=615809
한 외양간에 암소가 두 마리,같은 것끼리만 있어서는 서로 도움이 될 수 없다는 말.,relationship,1,1,,615814,https://opendict.korean.go.kr/dictionary/view?sense_no=615814
함박 시키면 바가지 시키고 바가지 시키면 쪽박 시킨다,윗사람이 아랫사람에게 무슨 일을 시키면 그도 자기의 아랫사람을 불러 일을 시킨다는 말.,relationship,1,1,,606747,https://opendict.korean.go.kr/dictionary/view?sense_no=606747
합덕 방죽에 줄남생이 늘어앉듯,많은 사람이 열을 지어 늘어앉은 모양을 비유적으로 이르는 말. &lt;동의 속담&gt; ‘제터 방죽에 줄남생이 늘어앉듯’ ‘팽기 다리에 물 들어서듯’,relationship,1,1,violent:gray,606673,https://opendict.korean.go.kr/dictionary/view?sense_no=606673
항우도 낙상할 적이 있고 소진도 망발할 적이 있다,아무리 능력이 있는 사람이라도 간혹 실수를 할 수 있다는 말.,relationship,1,1,,616113,https://opendict.korean.go.kr/dictionary/view?sense_no=616113
허기진 강아지 물찌똥에 덤빈다,굶주린 사람은 음식을 가리지 아니한다는 말.,relationship,1,1,sexual:gray,606872,https://opendict.korean.go.kr/dictionary/view?sense_no=606872
허리띠가 길양식,"길 가는 사람이 배가 고파 허리띠를 졸라매고 간다는 데서, 허리띠가 길 가는 데 양식을 대신한다는 말.",relationship,1,1,violent:gray,616389,https://opendict.korean.go.kr/dictionary/view?sense_no=616389
허리띠 속에 상고장(上告狀) 들었다,"허리띠 안쪽에 기밀한 서류가 들었다는 뜻으로, 사람이나 물건이 외모를 보아서는 허름하고 못난 듯하나 실상은 비범한 가치와 훌륭한 재질을 지녔음을 비유적으로 이르는 말. &lt;동의 속담&gt; ‘베주머니에 의송 들었다’ ‘떨어진 주머니에 어패 들었다’",relationship,1,1,sexual:gray|violent:gray,616388,https://opendict.korean.go.kr/dictionary/view?sense_no=616388
허울 좋은 과부,보기만 좋았지 아무 실속이 없는 사람이나 사물을 비유적으로 이르는 말. &lt;동의 속담&gt; ‘이름 좋은 하눌타리’ ‘허울 좋은 하눌타리[수박]’,relationship,1,1,,606903,https://opendict.korean.go.kr/dictionary/view?sense_no=606903
허울 좋은 하눌타리[수박],보기만 좋았지 아무 실속이 없는 사람이나 사물을 비유적으로 이르는 말. &lt;동의 속담&gt; ‘허울 좋은 과부’ ‘이름 좋은 하눌타리’,relationship,1,1,,606905,https://opendict.korean.go.kr/dictionary/view?sense_no=606905
헌머리에 이 모이듯,이익이 있는 곳에 많은 사람이 떼를 지어 몰림을 비유적으로 이르는 말.,relationship,1,1,,606849,https://opendict.korean.go.kr/dictionary/view?sense_no=606849
헌머리에 이 박이듯,많은 사람이나 물건이 잔뜩 들어박힌 모양을 비유적으로 이르는 말.,relationship,1,1,,606850,https://opendict.korean.go.kr/dictionary/view?sense_no=606850
헌 바지 올려 춰야 허벅살밖에 보이지 않는다,시원치 아니한 사람이 자기를 자꾸 나타내 보이려다가 결국 결점만 드러내게 됨을 비유적으로 이르는 말.,relationship,1,1,sexual:gray,616228,https://opendict.korean.go.kr/dictionary/view?sense_no=616228
헌 섬에 곡식이 더 든다,늙은 사람이 밥을 더 많이 먹음을 비유적으로 이르는 말.,relationship,1,1,sexual:gray,616231,https://opendict.korean.go.kr/dictionary/view?sense_no=616231
헐복한 놈은 계란에도 뼈가 있다,"늘 일이 잘 안되던 사람이 모처럼 좋은 기회를 만났건만, 그 일마저 역시 잘 안됨을 이르는 말. &lt;동의 속담&gt; ‘계란에도 뼈가 있다’ ‘안되는 놈은 두부에도 뼈라’",relationship,1,1,,606838,https://opendict.korean.go.kr/dictionary/view?sense_no=606838
호랑이가 시장하면 코에 묻은 밥풀도 핥는다,위신과 체면을 차리던 사람이 배가 고프면 아무것이나 마구 먹는다는 말.,relationship,1,1,,616293,https://opendict.korean.go.kr/dictionary/view?sense_no=616293
호랑이는 세 살 먹은 어린애가 봐도 호랑인 줄 안다,모질고 악독한 사람은 그 본성이 누구에게나 드러난다는 말.,relationship,1,1,,616297,https://opendict.korean.go.kr/dictionary/view?sense_no=616297
호랑이는 제 새끼를 벼랑에서 떨어뜨려 본다[보고 기른다],자식을 훌륭하게 기르려면 어려서부터 엄하게 하여야 한다는 말.,relationship,1,1,,616298,https://opendict.korean.go.kr/dictionary/view?sense_no=616298
호랑이더러 날고기 봐 달란다,염치와 예의도 모르는 사람에게 그 사람이 좋아하는 물건을 맡겨 놓으면 영락없이 그 물건을 잃게 됨을 비유적으로 이르는 말. &lt;동의 속담&gt; ‘범 아가리에 날고기 넣은 셈’ ‘범에게 개를 빌려준 셈’ ‘호랑이에게 개 뀌어준 셈’,relationship,1,1,,616299,https://opendict.korean.go.kr/dictionary/view?sense_no=616299
호랑이도 제 말 하면 온다,"깊은 산에 있는 호랑이조차도 저에 대하여 이야기하면 찾아온다는 뜻으로, 어느 곳에서나 그 자리에 없다고 남을 흉보아서는 안 된다는 말. &lt;동의 속담&gt; ‘범도 제 말[소리] 하면 온다’ ‘시골 놈 제 말 하면 온다’",relationship,1,1,,616306,https://opendict.korean.go.kr/dictionary/view?sense_no=616306
호랑이 어금니 같다,아주 든든하고 믿음직한 것을 비유적으로 이르는 말. &lt;동의 속담&gt; ‘사자어금니 같다’,relationship,1,1,sexual:gray,616281,https://opendict.korean.go.kr/dictionary/view?sense_no=616281
호랑이에게 개 뀌어준 셈,염치와 예의도 모르는 사람에게 그 사람이 좋아하는 물건을 맡겨 놓으면 영락없이 그 물건을 잃게 됨을 비유적으로 이르는 말. &lt;동의 속담&gt; ‘호랑이더러 날고기 봐 달란다’ ‘범 아가리에 날고기 넣은 셈’ ‘범에게 개를 빌려준 셈’,relationship,1,1,,616314,https://opendict.korean.go.kr/dictionary/view?sense_no=616314
호박 나물에 힘쓴다,기골이 약한 사람이 가벼운 것을 들고도 쩔쩔맨다는 말.,relationship,1,1,,616124,https://opendict.korean.go.kr/dictionary/view?sense_no=616124
홀아비는 이가 서 말이고 홀어미는 은이 서 말이라,여자는 혼자 살 수 있으나 남자는 집안일을 보아 줄 사람이 없으면 살림이 군색하여진다는 말.,relationship,1,1,sexual:gray,616261,https://opendict.korean.go.kr/dictionary/view?sense_no=616261
홀아비 자식 동네마다 있다,버릇없이 자란 놈은 어디에나 있다는 말.,relationship,1,1,,616259,https://opendict.korean.go.kr/dictionary/view?sense_no=616259
홀아비 집 앞은 길이 보얗고 홀어미 집 앞은 큰길 난다,홀아비는 찾는 사람이 적지만 홀어미는 많은 사람들이 찾아든다는 말.,relationship,1,1,,616260,https://opendict.korean.go.kr/dictionary/view?sense_no=616260
홀짝술이 사발술[말술] 된다,술을 조금밖에 못 마시던 사람이 점점 많이 마시게 되는 경우를 비유적으로 이르는 말.,relationship,1,1,,606901,https://opendict.korean.go.kr/dictionary/view?sense_no=606901
화재 난 데 도둑질,남의 불행을 도와주지는 못할망정 도리어 그 기회를 이용하여 자신의 이익을 채우려 할 때 이르는 말.,relationship,1,1,,606937,https://opendict.korean.go.kr/dictionary/view?sense_no=606937
화초밭의 괴석,변변치 못한 것도 놓일 자리에 놓여 그 가치가 드러남을 비유적으로 이르는 말.,relationship,1,1,,616462,https://opendict.korean.go.kr/dictionary/view?sense_no=616462
활을 당기어 콧물을 씻는다,꼭 하고 싶은 일이 있던 차에 좋은 핑계가 생겨 그 기회에 함께 해치움을 비유적으로 이르는 말.,relationship,1,1,violent:gray,616367,https://opendict.korean.go.kr/dictionary/view?sense_no=616367
황제 무덤에 신하 도깨비 모여들 듯,사람이나 벌레가 한곳으로 어수선하게 많이 모여드는 모양을 비유적으로 이르는 말.,relationship,1,1,,616379,https://opendict.korean.go.kr/dictionary/view?sense_no=616379
횃대 밑에 더벅머리 셋이면 날고뛰는 놈도 별수가 없다,자식이 셋이나 딸리면 그 치다꺼리에만 얽매여 꼼짝도 할 수 없다는 말.,relationship,1,1,violent:gray,607048,https://opendict.korean.go.kr/dictionary/view?sense_no=607048
효과가 주사침 같다,무슨 효과가 즉시 나타남을 비유적으로 이르는 말.,relationship,1,1,,616320,https://opendict.korean.go.kr/dictionary/view?sense_no=616320
효부 없는 효자 없다,며느리가 착하고 시부모께 효성스러워야 아들도 효도하게 된다는 말.,relationship,1,1,,616409,https://opendict.korean.go.kr/dictionary/view?sense_no=616409
효성이 지극하면 돌 위에 꽃이 핀다,효성이 극진하면 어떤 조건에서도 자식 된 도리를 다할 수 있다는 말. &lt;동의 속담&gt; ‘효성이 지극하면 돌 위에 풀이 난다’,relationship,1,1,,616430,https://opendict.korean.go.kr/dictionary/view?sense_no=616430
효성이 지극하면 돌 위에 풀이 난다,효성이 극진하면 어떤 조건에서도 자식 된 도리를 다할 수 있다는 말. &lt;동의 속담&gt; ‘효성이 지극하면 돌 위에 꽃이 핀다’,relationship,1,1,,616431,https://opendict.korean.go.kr/dictionary/view?sense_no=616431
효자가 악처만 못하다,"아무리 못된 아내라도 효자보다 낫다는 뜻으로, 세상을 살아감에 있어 남자에게는 자식보다 아내가 더 중요하다는 말.",relationship,1,1,sexual:gray,616254,https://opendict.korean.go.kr/dictionary/view?sense_no=616254
효자는 앓지도 않는다,효성이 지극한 사람에게는 부모에게 걱정을 끼칠 일이 생기지 아니한다는 말.,relationship,1,1,,616255,https://opendict.korean.go.kr/dictionary/view?sense_no=616255
흉년에 밥 빌어먹겠다,일을 하는 데 몹시 굼뜨고 수완이 없는 사람이나 그런 처사를 비난조로 이르는 말.,relationship,1,1,,606962,https://opendict.korean.go.kr/dictionary/view?sense_no=606962
흉 없는 사람 없다,결함이 없는 사람은 없으니 어떤 결함을 너무 과장하지 말라는 말.,relationship,1,1,,607042,https://opendict.korean.go.kr/dictionary/view?sense_no=607042
흉이 없으면 며느리 다리가 희단다,"시어머니가 며느리에게 공연히 생트집을 잡는다는 뜻으로, 말도 되지 아니하는 생트집을 잡아서 남을 흉보는 경우를 비유적으로 이르는 말.",relationship,1,1,,607043,https://opendict.korean.go.kr/dictionary/view?sense_no=607043
흉충이 반흉,보기 싫은 사람이 더 미운 짓을 하고 못되게 구는 경우를 비유적으로 이르는 말.,relationship,1,1,,607127,https://opendict.korean.go.kr/dictionary/view?sense_no=607127
힘과 마음을 합치면 하늘을 이긴다,여러 사람이 힘을 모으면 못 할 일이 없다는 말.,relationship,1,1,sexual:gray,616420,https://opendict.korean.go.kr/dictionary/view?sense_no=616420
국화는 서리를 맞아도 꺾이지 않는다,절개나 의지가 매우 강한 사람은 어떤 시련에도 굴하지 아니하고 꿋꿋이 이겨 냄을 비유적으로 이르는 말.,vitality,3,3,violent:gray,607578,https://opendict.korean.go.kr/dictionary/view?sense_no=607578
일가 싸움은 개싸움,일가끼리의 싸움은 싸우는 그때뿐이고 원한을 품지 아니함을 이르는 말.,vitality,2,4,violent:gray,605539,https://opendict.korean.go.kr/dictionary/view?sense_no=605539
가까운 데 집은 깎이고 먼 데 절[집]은 비친다,"가까운 데 있는 절이나 집은 자잘한 흠도 잘 드러나서 좋지 않아 보이고 먼 곳에 윤곽만 보이는 절이나 집은 좋아 보인다는 뜻으로, 늘 가까이에 있는 것은 그 뛰어남이 보이지 않는 반면 멀리 있는 것은 실제보다 더 돋보이기 쉬움을 비유적으로 이르는 말.",vitality,2,2,,607027,https://opendict.korean.go.kr/dictionary/view?sense_no=607027
겨울이 지나지 않고 봄이 오랴,"겨울이 지나야 따뜻한 봄이 온다는 뜻으로, 시련과 곤란을 극복하여야 승리와 성과를 얻을 수 있음을 비유적으로 이르는 말.",vitality,2,2,sexual:gray,607251,https://opendict.korean.go.kr/dictionary/view?sense_no=607251
고래 싸움에 새우 등 터진다,강한 자들끼리 싸우는 통에 아무 상관도 없는 약한 자가 중간에 끼어 피해를 입게 됨을 비유적으로 이르는 말.,vitality,2,2,violent:gray,607755,https://opendict.korean.go.kr/dictionary/view?sense_no=607755
군사를 쓸 줄 아는 장수는 총소리보다 북소리를 먼저 울린다,싸움에서 이기려면 군사 지휘를 잘해야 한다는 말.,vitality,2,2,violent:gray,608266,https://opendict.korean.go.kr/dictionary/view?sense_no=608266
귀염은 제 등에 짊어지고 다닌다,귀염을 받고 못 받는 것은 자신의 행동에 달려 있음을 비유적으로 이르는 말.,vitality,2,2,sexual:gray,601373,https://opendict.korean.go.kr/dictionary/view?sense_no=601373
남의 떡방아에 키를 들고 달려간다,자기와 아무런 관계도 없는 일에 함부로 뛰어듦을 비유적으로 이르는 말.,vitality,2,2,,608458,https://opendict.korean.go.kr/dictionary/view?sense_no=608458
남의 싸움에 칼 빼기,남의 일에 공연히 뛰어들어 간섭하기를 좋아함을 비유적으로 이르는 말.,vitality,2,2,violent:gray,608504,https://opendict.korean.go.kr/dictionary/view?sense_no=608504
논 팔아 굿하니 맏며느리 춤추더라,"없는 형편에 논까지 팔아서 굿을 하니 맏며느리가 분수 없이 굿판에 뛰어들어 춤을 춘다는 뜻으로, 어렵게 된 일을 잘하려고 노력하여야 할 사람이 도리어 엉뚱한 행동을 한다는 말. &lt;동의 속담&gt; ‘빚 얻어 굿하니 맏며느리 춤춘다’",vitality,2,2,,601943,https://opendict.korean.go.kr/dictionary/view?sense_no=601943
돈 주고 못 살 것은 기개,의지와 기개가 있는 사람은 재물에 팔려 행동하지 아니함을 이르는 말.,vitality,2,2,,609132,https://opendict.korean.go.kr/dictionary/view?sense_no=609132
두꺼비 싸움에 파리 치인다,힘센 자들이 싸우는 통에 약한 자가 억울하게 해를 입는 경우를 비유적으로 이르는 말.,vitality,2,2,violent:gray,609357,https://opendict.korean.go.kr/dictionary/view?sense_no=609357
말로는 사촌 기와집도 지어 준다,실지의 행동이나 실천은 없이 그저 말로만 하는 것이야 무슨 말인들 못하겠는가 하는 뜻으로 이르는 말. &lt;동의 속담&gt; ‘말로는 천당도 짓는다’,vitality,2,2,,609750,https://opendict.korean.go.kr/dictionary/view?sense_no=609750
말로는 천당도 짓는다,실지의 행동이나 실천은 없이 그저 말로만 하는 것이야 무슨 말인들 못하겠는가 하는 뜻으로 이르는 말. &lt;동의 속담&gt; ‘말로는 사촌 기와집도 지어 준다’,vitality,2,2,,609752,https://opendict.korean.go.kr/dictionary/view?sense_no=609752
밤에 눈 끔쩍이기,"어두운 밤에 아무리 눈을 끔쩍이며 자기의 의사를 표시해도 남은 알아볼 수 없다는 뜻으로, 남이 알지 못하는 방법으로 자기의 의사를 표시하는 어리석은 행동을 비유적으로 이르는 말.",vitality,2,2,,610518,https://opendict.korean.go.kr/dictionary/view?sense_no=610518
밥을 죽이라고 우긴다,"밥을 내놓고 죽이라고 우기듯이 사실과 맞지 않는 것도 굽히지 않고 우긴다는 뜻으로, 마구 고집을 부리는 행동을 비유적으로 이르는 말.",vitality,2,2,violent:gray,611093,https://opendict.korean.go.kr/dictionary/view?sense_no=611093
빚 얻어 굿하니 맏며느리 춤춘다,"없는 형편에 빚까지 내서 굿을 하니 맏며느리가 분수 없이 굿판에 뛰어들어 춤을 춘다는 뜻으로, 어렵게 된 일을 잘하려고 노력하여야 할 사람이 도리어 엉뚱한 행동을 한다는 말. &lt;동의 속담&gt; ‘논 팔아 굿하니 맏며느리 춤추더라’",vitality,2,2,,611490,https://opendict.korean.go.kr/dictionary/view?sense_no=611490
새알 볶아 먹을 놈,"작은 새알을 꺼내서 볶아 먹을 만한 인간이라는 뜻으로, 이익만 생긴다면 무슨 일이든 상관없이 달려드는 극단적인 이기주의자를 비꼬는 말.",vitality,2,2,,612152,https://opendict.korean.go.kr/dictionary/view?sense_no=612152
섶을 지고 불로 들어가려 한다,"당장에 불이 붙을 섶을 지고 이글거리는 불 속으로 뛰어든다는 뜻으로, 앞뒤 가리지 못하고 미련하게 행동함을 놀림조로 이르는 말.",vitality,2,2,,604201,https://opendict.korean.go.kr/dictionary/view?sense_no=604201
쇠라도 맞부딪쳐야 소리가 난다,"서로 맞부딪쳐야 소리가 나지 한쪽이라도 가만히 있으면 소리가 나지 않는다는 뜻으로, 한쪽이라도 맞서지 않고 가만히 있으면 싸움은 절대로 일어나지 않음을 이르는 말.",vitality,2,2,sexual:gray|violent:gray,612413,https://opendict.korean.go.kr/dictionary/view?sense_no=612413
와우각상의 싸움,좁은 곳에서 싸우거나 하찮은 일을 가지고 아옹다옹 다툼을 비유적으로 이르는 말.,vitality,2,2,violent:gray,605272,https://opendict.korean.go.kr/dictionary/view?sense_no=605272
이기는 것이 지는 것,서로 싸우면 한이 없고 또 끝까지 버틴들 좋지 못한 일만 생기니 빨리 지는 척하고 그만두는 것이 좋다는 말.,vitality,2,2,,613777,https://opendict.korean.go.kr/dictionary/view?sense_no=613777
입으로 하는 맹세가 마음으로 하는 맹세만 못하다,실천 없는 말보다 마음으로 다지며 행동하는 것이 더 중요함을 이르는 말.,vitality,2,2,sexual:gray,613961,https://opendict.korean.go.kr/dictionary/view?sense_no=613961
적의 눈과 귀는 멀게 하고 내 눈과 귀는 밝아야 한다,"적이 아군의 전술과 역량, 움직임에 대하여서는 잘 알지 못하도록 하면서 적에 대하여서는 훤히 알고 있어야 싸움에서 승리할 수 있음을 이르는 말.",vitality,2,2,sexual:gray|violent:gray,614480,https://opendict.korean.go.kr/dictionary/view?sense_no=614480
지는 게 이기는 거다,맞설 형편이 못 되는 아주 수준이 어린 상대한테 옥신각신 시비를 가리기보다 아량 있고 너그럽게 대하면서 양보하는 것이 도덕적으로 승리하는 것임을 이르는 말.,vitality,2,2,,606076,https://opendict.korean.go.kr/dictionary/view?sense_no=606076
큰 고기를 낚기 위하여 작은 미끼를 아끼지 말라,큰일을 이루기 위하여서는 작은 이익 정도는 희생하며 대담하게 행동하여야 함을 이르는 말.,vitality,2,2,,615612,https://opendict.korean.go.kr/dictionary/view?sense_no=615612
포도청의 문고리 빼겠다,대담하고 겁이 없는 사람의 행동을 비유적으로 이르는 말.,vitality,2,2,,606660,https://opendict.korean.go.kr/dictionary/view?sense_no=606660
홍두깨 세 번 맞아 담 안 뛰어넘는 소가 없다,아무리 참을성이 많은 사람도 혹심한 처우에는 저항을 하기 마련이라는 말.,vitality,2,2,,616265,https://opendict.korean.go.kr/dictionary/view?sense_no=616265
내외간 싸움은 개싸움,부부는 싸움을 하여도 화합하기 쉬움을 비유적으로 이르는 말. &lt;동의 속담&gt; ‘부부 싸움은 칼로 물 베기’ ‘내외간 싸움은 칼로 물 베기라’ ‘양주 싸움은 칼로 물 베기’,vitality,1,6,violent:gray,608354,https://opendict.korean.go.kr/dictionary/view?sense_no=608354
내외간 싸움은 칼로 물 베기라,부부는 싸움을 하여도 화합하기 쉬움을 비유적으로 이르는 말. &lt;동의 속담&gt; ‘부부 싸움은 칼로 물 베기’ ‘내외간 싸움은 개싸움’ ‘양주 싸움은 칼로 물 베기’,vitality,1,6,violent:gray,608355,https://opendict.korean.go.kr/dictionary/view?sense_no=608355
부부 싸움은 칼로 물 베기,부부는 싸움을 하여도 화합하기 쉬움을 비유적으로 이르는 말. &lt;동의 속담&gt; ‘내외간 싸움은 개싸움’ ‘내외간 싸움은 칼로 물 베기라’ ‘양주 싸움은 칼로 물 베기’,vitality,1,6,violent:gray,610995,https://opendict.korean.go.kr/dictionary/view?sense_no=610995
양주 싸움은 칼로 물 베기,부부는 싸움을 하여도 화합하기 쉬움을 비유적으로 이르는 말. &lt;동의 속담&gt; ‘부부 싸움은 칼로 물 베기’ ‘내외간 싸움은 개싸움’ ‘내외간 싸움은 칼로 물 베기라’,vitality,1,6,violent:gray,604998,https://opendict.korean.go.kr/dictionary/view?sense_no=604998
어린애 싸움이 어른 싸움 된다,대수롭지 않은 일이 점차 큰일로 번짐을 비유적으로 이르는 말. &lt;동의 속담&gt; ‘아이 싸움이 어른 싸움 된다’,vitality,1,4,violent:gray,605001,https://opendict.korean.go.kr/dictionary/view?sense_no=605001
둘이 똑같아야 싸움도 하게 된다,"양쪽의 힘이나 조건이 똑같아야 싸움이 이루어지지, 양쪽의 힘이나 조건이 너무 차이가 날 때에는 싸움이 이루어질 수 없음을 이르는 말.",vitality,1,3,sexual:gray|violent:gray,609555,https://opendict.korean.go.kr/dictionary/view?sense_no=609555
발가벗고 달려드는 도깨비 부작을 써 붙여도 효험이 없다,"부끄러움을 모르며 망칙한 몰골을 해 가지고 달려드는 도깨비는 귀신을 쫓는 부적을 써 붙여도 통하지 아니한다는 뜻으로, 죽기 살기로 체면 없이 마구잡이로 달려드는 사람에게는 그 무엇으로도 당해 낼 수 없음을 비유적으로 이르는 말.",vitality,1,3,sexual:gray|violent:gray,610894,https://opendict.korean.go.kr/dictionary/view?sense_no=610894
산 닭 길들이기는 사람마다 어렵다,"여간해서 말을 잘 듣지 않는 산 닭을 길들이기는 누구에게나 어렵다는 뜻으로, 제멋대로 버릇없이 자라난 사람을 교육하기는 몹시 어려운 일임을 비유적으로 이르는 말. &lt;동의 속담&gt; ‘생마 잡아 길들이기’",vitality,1,3,,611796,https://opendict.korean.go.kr/dictionary/view?sense_no=611796
산신 제물에 메뚜기 뛰어들듯,"산신에게 제사를 지내는데 메뚜기가 뛰어들었다는 뜻으로, 자기에게는 당치도 않은 일에 참여함을 비꼬는 말. &lt;동의 속담&gt; ‘산젯밥에 청메뚜기 뛰어들듯’",vitality,1,3,,603960,https://opendict.korean.go.kr/dictionary/view?sense_no=603960
산젯밥에 청메뚜기 뛰어들듯,"산신에게 제사를 지내는데 메뚜기가 뛰어들었다는 뜻으로, 자기에게는 당치도 않은 일에 참여함을 비꼬는 말. &lt;동의 속담&gt; ‘산신 제물에 메뚜기 뛰어들듯’",vitality,1,3,,604023,https://opendict.korean.go.kr/dictionary/view?sense_no=604023
생마 잡아 길들이기,"여간해서 말을 잘 듣지 않는 생마를 길들이기는 누구에게나 어렵다는 뜻으로, 제멋대로 버릇없이 자라난 사람을 교육하기는 몹시 어려운 일임을 비유적으로 이르는 말. &lt;동의 속담&gt; ‘산 닭 길들이기는 사람마다 어렵다’",vitality,1,3,,612219,https://opendict.korean.go.kr/dictionary/view?sense_no=612219
시앗 싸움에 요강 장수,"시앗 싸움에서 정을 뗀다 하여 흔히 요강을 깨는 바람에 요강 장수가 이익을 본다는 뜻으로, 두 사람의 싸움에 다른 사람이 이익을 보게 됨을 비유적으로 이르는 말.",vitality,1,3,violent:gray,604542,https://opendict.korean.go.kr/dictionary/view?sense_no=604542
관 옆에서 싸움한다,"상갓집에서 관을 옆에 두고 서로 싸움질을 한다는 뜻으로, 예의도 모르고 무엄한 짓을 함을 비유적으로 이르는 말.",vitality,1,2,violent:gray,601193,https://opendict.korean.go.kr/dictionary/view?sense_no=601193
글에서 잘되고 못된 것은 내게 달렸고 시비하고 칭찬하는 것은 남에게 있다,"글을 잘 짓고 못 짓는 것은 전적으로 자신의 준비 정도와 재능에 달려 있는 것이지만 그 결과에 대한 평가는 다른 사람에게 달려 있다는 뜻으로, 자신은 그저 일이 잘되도록 있는 힘을 다할 뿐 자기가 한 일에 대하여 스스로 남 앞에서 잘되었다고 자랑하지 말라는 말.",vitality,1,2,,607963,https://opendict.korean.go.kr/dictionary/view?sense_no=607963
기는 놈 위에 나는 놈이 있다,"아무리 재주가 뛰어나다 하더라도 그보다 더 뛰어난 사람이 있다는 뜻으로, 스스로 뽐내는 사람을 경계하여 이르는 말. &lt;동의 속담&gt; ‘뛰는 놈 위에 나는 놈 있다’ ‘나는 놈 위에 타는 놈 있다’ ‘뛰는 놈이 있으면 나는 놈이 있다’ ‘치 위에 치가 있다’",vitality,1,2,,608197,https://opendict.korean.go.kr/dictionary/view?sense_no=608197
나는 놈 위에 타는 놈 있다,"아무리 재주가 뛰어나다 하더라도 그보다 더 뛰어난 사람이 있다는 뜻으로, 스스로 뽐내는 사람을 경계하여 이르는 말. &lt;동의 속담&gt; ‘뛰는 놈 위에 나는 놈 있다’ ‘기는 놈 위에 나는 놈이 있다’ ‘뛰는 놈이 있으면 나는 놈이 있다’ ‘치 위에 치가 있다’",vitality,1,2,,608116,https://opendict.korean.go.kr/dictionary/view?sense_no=608116
내 밑 들어 남 보이기,자기가 한 짓이 자기를 모욕하는 결과가 됨을 비유적으로 이르는 말. &lt;동의 속담&gt; ‘제 발등에 오줌 누기’ ‘제 얼굴에 똥칠한다’ ‘제 밑 들어 남 보이기’,vitality,1,2,,601788,https://opendict.korean.go.kr/dictionary/view?sense_no=601788
노류장화는 사람마다 꺾으려니와 산닭 길들이기는 사람마다 어렵다,창녀는 아무나 건드릴 수 있으나 자유로이 내어 기른 사람을 다시 길들이기는 매우 힘들다는 말.,vitality,1,2,violent:gray,601895,https://opendict.korean.go.kr/dictionary/view?sense_no=601895
논 이기듯 밭[신] 이기듯,한번 한 말을 자꾸 되풀이하여 잘 알아듣도록 함을 비유적으로 이르는 말.,vitality,1,2,,601942,https://opendict.korean.go.kr/dictionary/view?sense_no=601942
돋우고 뛰어야 복사뼈라,다 할 것같이 날뛰어야 기껏 조금밖에 더 못 한다는 말.,vitality,1,2,,602338,https://opendict.korean.go.kr/dictionary/view?sense_no=602338
뛰는 놈 위에 나는 놈 있다,"아무리 재주가 뛰어나다 하더라도 그보다 더 뛰어난 사람이 있다는 뜻으로, 스스로 뽐내는 사람을 경계하여 이르는 말. &lt;동의 속담&gt; ‘기는 놈 위에 나는 놈이 있다’ ‘나는 놈 위에 타는 놈 있다’ ‘뛰는 놈이 있으면 나는 놈이 있다’ ‘치 위에 치가 있다’",vitality,1,2,,602679,https://opendict.korean.go.kr/dictionary/view?sense_no=602679
뛰는 놈이 있으면 나는 놈이 있다,"아무리 재주가 뛰어나다 하더라도 그보다 더 뛰어난 사람이 있다는 뜻으로, 스스로 뽐내는 사람을 경계하여 이르는 말. &lt;동의 속담&gt; ‘뛰는 놈 위에 나는 놈 있다’ ‘기는 놈 위에 나는 놈이 있다’ ‘나는 놈 위에 타는 놈 있다’ ‘치 위에 치가 있다’",vitality,1,2,,602680,https://opendict.korean.go.kr/dictionary/view?sense_no=602680
뛰어 보았자 부처님 손바닥,도망쳐 보아야 크게 벗어날 수 없다는 말. &lt;동의 속담&gt; ‘뛰어야 벼룩’,vitality,1,2,,602683,https://opendict.korean.go.kr/dictionary/view?sense_no=602683
뛰어야 벼룩,도망쳐 보아야 크게 벗어날 수 없다는 말. &lt;동의 속담&gt; ‘뛰어 보았자 부처님 손바닥’,vitality,1,2,,602684,https://opendict.korean.go.kr/dictionary/view?sense_no=602684
말은 쉬워도 행동은 힘들다,무슨 일이나 말로 하기는 쉬워도 실제로 행동에 옮기기는 쉽지 아니하다는 말.,vitality,1,2,,609762,https://opendict.korean.go.kr/dictionary/view?sense_no=609762
밀양 싸움,일이나 싸움이 쉽게 결말이 나지 않고 오래 계속되고 있음을 비유적으로 이르는 말.,vitality,1,2,sexual:gray|violent:gray,610670,https://opendict.korean.go.kr/dictionary/view?sense_no=610670
바늘만큼 시작된 싸움이 홍두깨만큼 커진다,처음에는 하찮은 일로 옥신각신하던 다툼이 차츰 커져서 큰 싸움으로 변하는 경우를 비유적으로 이르는 말.,vitality,1,2,sexual:gray|violent:gray,603225,https://opendict.korean.go.kr/dictionary/view?sense_no=603225
방죽을 파야 개구리가 뛰어들지,"물이 고일 수 있는 방죽을 파 준비를 해 놓아야 개구리가 뛰어든다는 뜻으로, 무슨 일이나 자기가 원하는 결과를 가져오게 하려면 그에 합당한 준비를 갖추거나 노력을 해야 한다는 말.",vitality,1,2,violent:gray,610867,https://opendict.korean.go.kr/dictionary/view?sense_no=610867
백 마디 말보다 실천이 귀중하다,말을 많이 하는 것보다 실천하는 것이 더 중요하다는 말.,vitality,1,2,,610904,https://opendict.korean.go.kr/dictionary/view?sense_no=610904
백전로장도 보검을 들어야 승전한다,"수많은 싸움마다 이름을 떨친 노련한 장수라도 훌륭한 칼을 들어야 싸움에서 이긴다는 뜻으로, 아무리 능력과 경험이 있는 사람도 필요한 수단이 갖추어져야만 성과를 거둘 수 있음을 이르는 말.",vitality,1,2,sexual:gray|violent:gray,603393,https://opendict.korean.go.kr/dictionary/view?sense_no=603393
벼락에 소 뛰어들듯,놀라 어쩔 줄 모르고 허둥지둥하는 모양을 비유적으로 이르는 말. &lt;동의 속담&gt; ‘천둥에 개 뛰어들듯’,vitality,1,2,,611319,https://opendict.korean.go.kr/dictionary/view?sense_no=611319
부부 싸움은 개도 안 말린다,부부 싸움은 섣불리 제삼자가 개입할 일이 아니라는 말.,vitality,1,2,violent:gray,610994,https://opendict.korean.go.kr/dictionary/view?sense_no=610994
새우 싸움에 고래 등 터진다,남의 싸움에 관계없는 사람이 해를 입는 경우를 비유적으로 이르는 말.,vitality,1,2,violent:gray,611902,https://opendict.korean.go.kr/dictionary/view?sense_no=611902
소경이 지팽이에 의지하듯,어떤 존재나 희망에 전적으로 의지하고 있는 모양을 비유적으로 이르는 말.,vitality,1,2,,611981,https://opendict.korean.go.kr/dictionary/view?sense_no=611981
소고기는 시어머니와 며느리 싸움 붙이는 고기다,"시어머니가 쇠고기를 삶으라고 내주었다가 삶아 놓은 것을 보고서는 며느리가 떼어 먹었다고 의심하여 싸움이 난다는 뜻으로, 쇠고기는 삶으면 그 부피가 본래보다 훨씬 줄어듦을 비유적으로 이르는 말.",vitality,1,2,violent:gray,604351,https://opendict.korean.go.kr/dictionary/view?sense_no=604351
신주 싸움에 팥죽을 놓지,"굶주린 신주들끼리 싸움을 하는 경우에 팥죽을 바치면 무사하다는 뜻으로, 다투고 떠드는 경우에 그것을 말리기 위하여 농담조로 이르는 말.",vitality,1,2,violent:gray,604657,https://opendict.korean.go.kr/dictionary/view?sense_no=604657
싸움 끝에 정이 붙는다,싸움을 통하여 서로 가지고 있던 오해나 나쁜 감정을 풀어 버리면 오히려 더 가까워지게 된다는 말.,vitality,1,2,violent:gray,604756,https://opendict.korean.go.kr/dictionary/view?sense_no=604756
싸움해 이(利)한 데 없고 굿해 해(害)한 데 없다,액을 쫓는 굿은 아무리 많이 해도 괜찮지만 싸움은 절대 할 것이 못 된다는 말.,vitality,1,2,violent:gray,604760,https://opendict.korean.go.kr/dictionary/view?sense_no=604760
어스렁토끼 재를 넘는다,어슬렁어슬렁 굼뜨게 행동하는 것 같으면서도 실상은 재빠르게 행동함을 비유적으로 이르는 말.,vitality,1,2,,604958,https://opendict.korean.go.kr/dictionary/view?sense_no=604958
이리 떼 달려들듯,못된 것들이 그 본성을 감추지 아니하고 사방에서 달려듦을 이르는 말.,vitality,1,2,,613810,https://opendict.korean.go.kr/dictionary/view?sense_no=613810
절에 가선 중 하라는 대로 해야 한다,"절에 가서는 절의 규칙에 따라야 하므로 중이 이르는 대로 행동하여야 한다는 뜻으로, 남의 집에 가거나 어떤 집단을 찾아가서는 그곳의 방식에 따라 그곳 주인이 이끄는 대로 행동하여야 함을 비유적으로 이르는 말.",vitality,1,2,,605807,https://opendict.korean.go.kr/dictionary/view?sense_no=605807
제 밑 들어 남 보이기,자기가 한 짓이 자기를 모욕하는 결과가 됨을 비유적으로 이르는 말.&lt;동의 속담&gt;‘제 발등에 오줌 누기’‘내 밑 들어 남 보이기’‘제 얼굴에 똥칠한다’,vitality,1,2,,614624,https://opendict.korean.go.kr/dictionary/view?sense_no=614624
제 발등에 오줌 누기,자기가 한 짓이 자기를 모욕하는 결과가 됨을 비유적으로 이르는 말. &lt;동의 속담&gt; ‘내 밑 들어 남 보이기’‘제 밑 들어 남 보이기’ ‘제 얼굴에 똥칠한다’,vitality,1,2,,614626,https://opendict.korean.go.kr/dictionary/view?sense_no=614626
조개와 황새의 싸움,남에게만 이익을 주는 어리석은 싸움을 비유적으로 이르는 말. 황새는 조개의 살을 물고 조개는 황새의 부리를 물어 서로 어쩌지 못하고 있을 때에 지나가는 어부가 조개와 황새를 다 얻어 가졌다는 고사에서 유래한다.,vitality,1,2,violent:gray,605940,https://opendict.korean.go.kr/dictionary/view?sense_no=605940
천둥에 개 뛰어들듯,놀라 어쩔 줄 모르고 허둥지둥하는 모양을 비유적으로 이르는 말. &lt;동의 속담&gt; ‘벼락에 소 뛰어들듯’,vitality,1,2,,615521,https://opendict.korean.go.kr/dictionary/view?sense_no=615521
치 위에 치가 있다,"아무리 재주가 뛰어나다 하더라도 그보다 더 뛰어난 사람이 있다는 뜻으로, 스스로 뽐내는 사람을 경계하여 이르는 말. &lt;동의 속담&gt; ‘뛰는 놈 위에 나는 놈 있다’ ‘기는 놈 위에 나는 놈이 있다’ ‘나는 놈 위에 타는 놈 있다’ ‘뛰는 놈이 있으면 나는 놈이 있다’",vitality,1,2,,606435,https://opendict.korean.go.kr/dictionary/view?sense_no=606435
하자고 결심하면 못 해낼 일이 없다,결심과 각오만 단단하다면 무슨 일이든 성사할 수 있다는 말.,vitality,1,2,,606739,https://opendict.korean.go.kr/dictionary/view?sense_no=606739
한성부에 대가리 터진 놈 달려들 듯,여러 사람이 숨가쁘게 급히 달려드는 경우를 비유적으로 이르는 말.,vitality,1,2,,615920,https://opendict.korean.go.kr/dictionary/view?sense_no=615920
가는 떡이 커야 오는 떡이 크다,자기가 남에게 말이나 행동을 좋게 하여야 남도 자기에게 좋게 한다는 말. &lt;동의 속담&gt; ‘가는 말이 고와야 오는 말이 곱다’ ‘가는 정이 있어야 오는 정이 있다’ ‘엑 하면 떽 한다’,vitality,1,1,,600486,https://opendict.korean.go.kr/dictionary/view?sense_no=600486
가는 말이 고와야 오는 말이 곱다,자기가 남에게 말이나 행동을 좋게 하여야 남도 자기에게 좋게 한다는 말. &lt;동의 속담&gt; ‘가는 떡이 커야 오는 떡이 크다’ ‘가는 정이 있어야 오는 정이 있다’ ‘엑 하면 떽 한다’,vitality,1,1,,600490,https://opendict.korean.go.kr/dictionary/view?sense_no=600490
가는 정이 있어야 오는 정이 있다,자기가 남에게 말이나 행동을 좋게 하여야 남도 자기에게 좋게 한다는 말. &lt;동의 속담&gt; ‘가는 말이 고와야 오는 말이 곱다’ ‘가는 떡이 커야 오는 떡이 크다’ ‘엑 하면 떽 한다’,vitality,1,1,,600496,https://opendict.korean.go.kr/dictionary/view?sense_no=600496
가늘게 먹고 가늘게 살아라,"검소하게 먹으면서 소박하게 살라는 뜻으로, 분수에 맞지 않게 호화로운 생활을 추구하거나 분에 넘치는 행동을 하지 말라는 것을 비유적으로 이르는 말.",vitality,1,1,violent:gray,607045,https://opendict.korean.go.kr/dictionary/view?sense_no=607045
갈치가 갈치 꼬리 문다,동류(同類)나 친척 간에 서로 싸움을 비유적으로 이르는 말. &lt;동의 속담&gt; ‘망둥이 제 동무 잡아먹는다’ ‘망둥이 제 새끼 잡아먹듯’,vitality,1,1,violent:gray,607072,https://opendict.korean.go.kr/dictionary/view?sense_no=607072
감옥에 십 년을 있으면 바늘로 파옥한다,"감옥살이 10년이면 바늘을 가지고도 옥을 깨쳐 뛰쳐나오게 된다는 뜻으로, 사람이 역경에 처하고 그것을 극복하려고 오래 애쓰는 과정에서는 보잘것없는 작은 물건을 가지고도 큰일을 성사시킬 수 있음을 비유적으로 이르는 말. &lt;동의 속담&gt; ‘삼 년 감옥살이에 감옥을 바늘로 깨뜨린다’",vitality,1,1,sexual:gray,607078,https://opendict.korean.go.kr/dictionary/view?sense_no=607078
강물이 돌을 굴리지 못한다,"강물이 아무리 흘러도 돌을 움직여 굴리지는 못한다는 뜻으로, 세태에 흔들리지 아니하고 지조 있게 꿋꿋이 행동함을 비유적으로 이르는 말. &lt;동의 속담&gt; ‘강물이 흘러도 돌은 굴지 않는다’",vitality,1,1,,607331,https://opendict.korean.go.kr/dictionary/view?sense_no=607331
강물이 흘러도 돌은 굴지 않는다,"강물이 아무리 흘러도 돌이 움직여 굴지는 못한다는 뜻으로, 세태에 흔들리지 아니하고 지조 있게 꿋꿋이 행동함을 비유적으로 이르는 말. &lt;동의 속담&gt; ‘강물이 돌을 굴리지 못한다’",vitality,1,1,,607333,https://opendict.korean.go.kr/dictionary/view?sense_no=607333
갗에서 좀 난다,"가죽에 좀이 나서 가죽을 다 먹게 되면 결국 좀도 살 수 없게 된다는 뜻으로, 형제간이나 동류끼리의 싸움은 양편에 다 해로울 뿐임을 비유적으로 이르는 말.",vitality,1,1,violent:gray,600686,https://opendict.korean.go.kr/dictionary/view?sense_no=600686
같잖은 게 갓 쓰고 장 보러 간다,같잖은 사람이 격에 어울리지 아니하게 차리고 남부끄럽게 행동함을 놀림조로 이르는 말.,vitality,1,1,,607172,https://opendict.korean.go.kr/dictionary/view?sense_no=607172
개고기는 언제나 제맛이다,제가 타고난 본바탕은 어느 때나 속이기 어려움을 비유적으로 이르는 말.,vitality,1,1,,600697,https://opendict.korean.go.kr/dictionary/view?sense_no=600697
개구리 돌다리 건느듯,"개구리가 껑충껑충 뛰어서 돌다리를 건너가듯 한다는 뜻으로, 일손이 깐깐하지 못하고 건성건성 하는 모양을 비유적으로 이르는 말.",vitality,1,1,,607360,https://opendict.korean.go.kr/dictionary/view?sense_no=607360
개구멍으로 통량갓을 굴려 낼 놈,남을 속이는 재주가 놀랄 만큼 약삭빠르고 뛰어난 사람을 비꼬는 말. &lt;동의 속담&gt; ‘쥐구멍으로 통영갓을 굴려 낼 놈’,vitality,1,1,,600723,https://opendict.korean.go.kr/dictionary/view?sense_no=600723
개는 인사가 싸움이라,"개는 만나기만 하면 으르렁대며 싸운다는 뜻으로, 툭하면 남과 다투기를 잘하는 사람을 이르는 말.",vitality,1,1,violent:gray,600825,https://opendict.korean.go.kr/dictionary/view?sense_no=600825
개도 나갈 구멍을 보고 쫓아라,"개를 쫓되 살길은 터 주어야 피해를 입지 아니한다는 뜻으로, 어떤 대상을 호되게 몰아치는 경우에 궁지에서 빠져나갈 여지를 주어야지 그렇지 아니하면 오히려 저항에 부딪히게 됨을 이르는 말.",vitality,1,1,violent:gray,600827,https://opendict.korean.go.kr/dictionary/view?sense_no=600827
개 못된 것은 들에 가서 짖는다,"개는 집을 지키며 집에서 짖는 짐승인데 못된 개는 쓸데없이 들판에 나가 짖는다는 뜻으로, 제가 마땅히 해야 할 일은 하지 아니하고 아무 소용도 없는 데 가서 잘난 체하고 떠드는 행동을 이르는 말. &lt;동의 속담&gt; ‘개 못된 것은 짖을 데 가 안 짖고 장에 가서 짖는다’",vitality,1,1,,600781,https://opendict.korean.go.kr/dictionary/view?sense_no=600781
개 못된 것은 짖을 데 가 안 짖고 장에 가서 짖는다,"개는 집을 지키며 집에서 짖는 짐승인데 못된 개는 쓸데없이 장에 가서 짖는다는 뜻으로, 제가 마땅히 해야 할 일은 하지 아니하고 아무 소용도 없는 데 가서 잘난 체하고 떠드는 행동을 이르는 말. &lt;동의 속담&gt; ‘개 못된 것은 들에 가서 짖는다’",vitality,1,1,,600783,https://opendict.korean.go.kr/dictionary/view?sense_no=600783
거북이 등의[잔등이에] 털을 긁는다,"털이 나지 않는 거북의 등에서 털을 긁는다는 뜻으로, 아무리 구하여도 얻지 못할 것이 뻔한 것을 애써 구하여 보려는 어리석은 행동을 비유적으로 이르는 말.",vitality,1,1,,600894,https://opendict.korean.go.kr/dictionary/view?sense_no=600894
거지가 꿀 얻어먹기,매우 일어나기 어려운 일을 이르는 말.,vitality,1,1,violent:gray,607264,https://opendict.korean.go.kr/dictionary/view?sense_no=607264
걸어가다가도 말만 보면 타고 가자고 한다,자기 힘만으로 할 수 있는 일도 어떤 유리한 조건이 만들어지면 그것에 의지하고 자신의 힘을 쓰지 아니하려 함을 이르는 말. &lt;동의 속담&gt; ‘잘 걷던 놈도 말만 보면 타고 가련다’,vitality,1,1,,607494,https://opendict.korean.go.kr/dictionary/view?sense_no=607494
검은 개 굿 구경,검은 개가 굿판에 와서 멋없이 서 있듯이 아무런 목적과 타산 없이 어떤 일에 참여하는 행동을 비유적으로 이르는 말. &lt;동의 속담&gt; ‘검정개 굿 구경’,vitality,1,1,,600878,https://opendict.korean.go.kr/dictionary/view?sense_no=600878
검정개 굿 구경,검정개가 굿판에 와서 멋없이 서 있듯이 아무런 목적과 타산 없이 어떤 일에 참여하는 행동을 비유적으로 이르는 말. &lt;동의 속담&gt; ‘검은 개 굿 구경’,vitality,1,1,,607312,https://opendict.korean.go.kr/dictionary/view?sense_no=607312
겉과 속이 다르다,마음속으로는 좋지 않게 생각하면서 겉으로는 좋은 것처럼 꾸며서 행동한다는 말. &lt;동의 속담&gt; ‘겉 다르고 속 다르다’ ‘겉 보기와 안 보기가 다르다’,vitality,1,1,sexual:gray,607089,https://opendict.korean.go.kr/dictionary/view?sense_no=607089
겉 다르고 속 다르다,겉으로 드러나는 행동과 마음속으로 품고 있는 생각이 서로 달라서 사람의 됨됨이가 바르지 못함을 이르는 말.,vitality,1,1,sexual:gray,607085,https://opendict.korean.go.kr/dictionary/view?sense_no=607085
겉 보기와 안 보기가 다르다,마음속으로는 좋지 않게 생각하면서 겉으로는 좋은 것처럼 꾸며서 행동한다는 말. &lt;동의 속담&gt; ‘겉 다르고 속 다르다’ ‘겉과 속이 다르다’,vitality,1,1,sexual:gray,607088,https://opendict.korean.go.kr/dictionary/view?sense_no=607088
곁불에 게 잡을 생각한다,"저는 불을 켜 들지도 않고 남이 든 곁불에 게를 잡아 볼 생각을 한다는 뜻으로, 자기 자신의 노력은 들이지 않고 남의 덕으로 이익을 얻으려 하는 행동을 비유적으로 이르는 말.",vitality,1,1,,607705,https://opendict.korean.go.kr/dictionary/view?sense_no=607705
계집애가 오랍아 하니 머슴애도[사내도] 오랍아 한다,"계집아이가 ‘오빠’라고 부른다고 하여 남자도 ‘형’이라고 해야 할 것을 덩달아 ‘오빠’라고 부른다는 뜻으로, 제 주견이 없이 덮어놓고 남이 하는 대로 따라 행동함을 비웃는 말.",vitality,1,1,sexual:gray,600996,https://opendict.korean.go.kr/dictionary/view?sense_no=600996
고양이 발에 덕석,아무도 모르게 감쪽같이 행동함을 비유적으로 이르는 말.,vitality,1,1,,601059,https://opendict.korean.go.kr/dictionary/view?sense_no=601059
곰배팔이 파리 잡듯,하는 행동이 몹시 거북스럽고 어색함을 비유적으로 이르는 말.,vitality,1,1,sexual:gray,601150,https://opendict.korean.go.kr/dictionary/view?sense_no=601150
공것 바라다가 낚시에 걸린다,사람들이 물건을 거저 주거나 뇌물을 바치는 것은 어떤 잇속이 있어서 그러는 것이기 때문에 공연히 남에게 공것을 받아먹기 좋아하다가는 음흉한 목적을 가지고 파 놓은 함정에 빠질 수 있음을 경계하여 이르는 말.,vitality,1,1,sexual:gray,607580,https://opendict.korean.go.kr/dictionary/view?sense_no=607580
공것이라면 사족을 못 쓴다,공것이라면 체면도 차리지 않고 날뛰는 행동을 놀림조로 이르는 말.,vitality,1,1,,607590,https://opendict.korean.go.kr/dictionary/view?sense_no=607590
과거 전에 창부,"과거 시험에 합격하여 벼슬아치가 되기도 전에 기생을 데리고 노는 데 재미를 붙였다는 뜻으로, 일이 이루어지기도 전에 다 된 듯이 경솔하고 망령되게 행동함을 비꼬는 말.",vitality,1,1,sexual:gray|violent:gray,607702,https://opendict.korean.go.kr/dictionary/view?sense_no=607702
곽란에 약 지으러 보내면 좋겠다,급히 서둘러야 할 경우에도 미련하여 행동이 민첩하지 못함을 비꼬는 말.,vitality,1,1,sexual:gray,607897,https://opendict.korean.go.kr/dictionary/view?sense_no=607897
광대 끈 떨어졌다,"광대가 연기를 할 때 탈의 끈이 떨어졌다는 뜻으로, 의지할 데가 없어 꼼짝을 못 하게 됨을 비유적으로 이르는 말. &lt;동의 속담&gt; ‘끈 떨어진 뒤웅박[갓/둥우리/망석중이]’ ‘턱 떨어진 광대’",vitality,1,1,,601201,https://opendict.korean.go.kr/dictionary/view?sense_no=601201
괴 목에 방울 달고 뛴다,"쥐가 고양이 목에 방울을 달고 달아난다는 뜻으로, 우둔하게 위험한 행동을 하는 것을 풍자하여 이르는 말.",vitality,1,1,,607417,https://opendict.korean.go.kr/dictionary/view?sense_no=607417
"구멍을 파는 데는 칼이 끌만 못하고, 쥐 잡는 데는 천리마[용마]가 고양이만 못하다",어느 한 분야에서 뛰어난 재주를 가진 사람도 다른 분야에 대해서는 생소할 수 있음을 비유적으로 이르는 말.,vitality,1,1,sexual:gray|violent:gray,607577,https://opendict.korean.go.kr/dictionary/view?sense_no=607577
굼벵이가 지붕에서 떨어지는 것은 매미 될 셈이 있어 떨어진다,"굼벵이가 떨어지면 남들은 잘못하여 떨어졌으려니 하고 웃을 것이나 제 딴에는 매미가 될 뚜렷한 목적이 있어 떨어진다는 뜻으로, 남 보기에는 못나고 어리석은 행동도 그렇게 하는 그 자신에게 있어서는 요긴한 뜻이 있어 하는 것임을 비유적으로 이르는 말. &lt;동의 속담&gt; ‘굼벵이가 지붕에서 떨어질 때는 생각이 있어 떨어진다’",vitality,1,1,violent:gray,601300,https://opendict.korean.go.kr/dictionary/view?sense_no=601300
굼벵이가 지붕에서 떨어질 때는 생각이 있어 떨어진다,"굼벵이가 떨어지면 남들은 잘못하여 떨어졌으려니 하고 웃을 것이나 제 딴에는 무언가 뚜렷한 목적이 있어 떨어진다는 뜻으로, 남 보기에는 못나고 어리석은 행동도 그렇게 하는 그 자신에게 있어서는 요긴한 뜻이 있어 하는 것임을 비유적으로 이르는 말. &lt;동의 속담&gt; ‘굼벵이가 지붕에서 떨어지는 것은 매미 될 셈이 있어 떨어진다’",vitality,1,1,violent:gray,601301,https://opendict.korean.go.kr/dictionary/view?sense_no=601301
굼벵이(도) 구르는 재주(가) 있다,아무런 능력이 없는 사람이 남의 관심을 끌 만한 행동을 함을 놀림조로 이르는 말.,vitality,1,1,,601295,https://opendict.korean.go.kr/dictionary/view?sense_no=601295
귀 작으면 앙큼하고 담대하다,귀가 작으면 흔히 속이 앙큼하고 담이 크다고 하여 귀가 작은 사람을 놀림조로 이르는 말.,vitality,1,1,,607681,https://opendict.korean.go.kr/dictionary/view?sense_no=607681
그믐밤에 홍두깨 내민다[내밀듯],별안간 엉뚱한 말이나 행동을 함을 비유적으로 이르는 말. &lt;동의 속담&gt; ‘아닌 밤중에 홍두깨 (내밀듯)’ ‘어두운 밤에 주먹질’ ‘어두운 밤중에 홍두깨 (내밀듯)’,vitality,1,1,,1392345,https://opendict.korean.go.kr/dictionary/view?sense_no=1392345
금주에 누룩 흥정[장사],"술을 빚거나 파는 것을 금하고 있을 때에 누룩 장사를 한다는 뜻으로, 세상 물정에 어둡고 소견 없는 엉뚱한 행동을 함을 비유적으로 이르는 말. &lt;동의 속담&gt; ‘주금에 누룩 장사’",vitality,1,1,,608205,https://opendict.korean.go.kr/dictionary/view?sense_no=608205
급한 길은 에워가라,급하다고 서두르면 도리어 실수할 수 있으므로 급할수록 앞뒤를 헤아려서 침착하게 행동하라는 말.,vitality,1,1,,601454,https://opendict.korean.go.kr/dictionary/view?sense_no=601454
기린이 늙으면 노마만 못하다,뛰어난 사람도 늙어서 기력이 없어지면 그 능력을 충분히 발휘할 수 없음을 비유적으로 이르는 말.,vitality,1,1,sexual:gray,601462,https://opendict.korean.go.kr/dictionary/view?sense_no=601462
기생의 자릿저고리,"요란히 분 냄새가 풍기는 비단 저고리이기는 하나 낡고 꼬깃꼬깃해져 볼품이 없는 기생의 자릿저고리처럼, 이름은 요란하나 실상은 헌 넝마와 같이 전혀 쓸모없는 것을 비유적으로 이르는 말.",vitality,1,1,sexual:gray,607988,https://opendict.korean.go.kr/dictionary/view?sense_no=607988
기와집 물려준 자손은 제사를 두 번 지내야 한다,초가집 지붕 이기가 귀찮고 힘듦을 이르는 말.,vitality,1,1,,601467,https://opendict.korean.go.kr/dictionary/view?sense_no=601467
길고 짧은 것은 대어[재어] 보아야 안다,"크고 작고, 이기고 지고, 잘하고 못하는 것은 실지로 겨루어 보거나 겪어 보아야 알 수 있다는 말. &lt;동의 속담&gt; ‘길든 짧든 대보아야 한다’",vitality,1,1,,607977,https://opendict.korean.go.kr/dictionary/view?sense_no=607977
길든 짧든 대보아야 한다,"크고 작고, 이기고 지고, 잘하고 못하는 것은 실지로 겨루어 보거나 겪어 보아야 알 수 있다는 말. &lt;동의 속담&gt; ‘길고 짧은 것은 대어[재어] 보아야 안다’",vitality,1,1,,607978,https://opendict.korean.go.kr/dictionary/view?sense_no=607978
꼴 보고 이름 짓는다,"사람을 평가할 때에, 그 사람의 품격과 행동을 중요하게 여긴다는 말.",vitality,1,1,,608242,https://opendict.korean.go.kr/dictionary/view?sense_no=608242
꽃밭에 불 지른다,풍류를 모르는 행동을 비유적으로 이르는 말.,vitality,1,1,,608044,https://opendict.korean.go.kr/dictionary/view?sense_no=608044
꽃은 웃어도 소리가 없고 새는 울어도 눈물이 없다,마음에 없는 행동을 함을 비유적으로 이르는 말.,vitality,1,1,sexual:gray,608257,https://opendict.korean.go.kr/dictionary/view?sense_no=608257
꿀보다 약과가 달다,"약과는 꿀을 넣어서 만드는 것이기 때문에 꿀보다 달 수가 없는데 그렇다는 뜻으로, 앞뒤가 바뀌어 사리에 어긋남을 비유적으로 이르는 말.",vitality,1,1,,601584,https://opendict.korean.go.kr/dictionary/view?sense_no=601584
끈 떨어진 뒤웅박[갓/둥우리/망석중이],의지할 데가 없어 꼼짝을 못하게 됨을 비유적으로 이르는 말. &lt;동의 속담&gt; ‘광대 끈 떨어졌다’ ‘턱 떨어진 광대’,vitality,1,1,,608153,https://opendict.korean.go.kr/dictionary/view?sense_no=608153
나갔던 상주 제청에 달려들 듯,"제사를 지내야 하는 상주가 제삿날을 잊어버리고 나갔다가 돌아와 허둥지둥 제청으로 들어간다는 뜻으로, 마음의 준비 없이 일을 당하여 몹시 급하게 서두르는 모양을 비유적으로 이르는 말.",vitality,1,1,sexual:gray,601639,https://opendict.korean.go.kr/dictionary/view?sense_no=601639
나그네 얼굴 보아 가며 바가지로 밥을 주고 주인 모양 보아 가며 손으로 밥 주어 먹는다,상대편이 자기에게 어떻게 대하는가를 살피고 거기에 맞추어 행동하는 경우를 비유적으로 이르는 말.,vitality,1,1,violent:gray,608617,https://opendict.korean.go.kr/dictionary/view?sense_no=608617
나는 바담 풍(風) 해도 너는 바람 풍 해라,"옛날 어느 서당에서 선생님이 ‘바람풍’ 자를 가르치는데 혀가 짧아서 ‘바담 풍’으로 발음하니 학생들도 ‘바담 풍’으로 외운 데서 나온 말로, 자신은 잘못된 행동을 하면서 남보고는 잘하라고 요구하는 말.",vitality,1,1,sexual:gray,601602,https://opendict.korean.go.kr/dictionary/view?sense_no=601602
나는 새에게 여기 앉아라 저기 앉아라 할 수 없다,저마다 의지가 있는 사람의 자유를 구속할 수 없음을 비유적으로 이르는 말.,vitality,1,1,sexual:gray,608122,https://opendict.korean.go.kr/dictionary/view?sense_no=608122
나루 건너 배 타기,무슨 일에나 순서가 있어 건너뛰어서는 할 수 없음을 비유적으로 이르는 말. &lt;동의 속담&gt; ‘내 건너 배 타기’,vitality,1,1,sexual:gray,608191,https://opendict.korean.go.kr/dictionary/view?sense_no=608191
나무도 달라서 층암절벽에 선다[산다],어떤 생각이 있어서 남에게 의지함을 비유적으로 이르는 말.,vitality,1,1,,608175,https://opendict.korean.go.kr/dictionary/view?sense_no=608175
나무에도 못 대고 돌에도 못 댄다,아무 데도 의지할 곳이 없음을 비유적으로 이르는 말.,vitality,1,1,sexual:gray,608187,https://opendict.korean.go.kr/dictionary/view?sense_no=608187
난 대로 있다,하는 행동이나 성격 따위가 어릴 때와 마찬가지로 그대로 남아 있음을 이르는 말.,vitality,1,1,sexual:gray,601574,https://opendict.korean.go.kr/dictionary/view?sense_no=601574
낟가리에 불 질러 놓고 손발 쬐일 놈,매우 우둔하고 미련한 행동을 하는 사람을 비유적으로 이르는 말.,vitality,1,1,violent:gray,608601,https://opendict.korean.go.kr/dictionary/view?sense_no=608601
날개 부러진 새,행동의 기본 수단을 잃고 옴짝달싹할 수 없는 처지에 빠진 사람을 비유적으로 이르는 말.,vitality,1,1,,608347,https://opendict.korean.go.kr/dictionary/view?sense_no=608347
남의 소에 멍에를 메워 제 밭을 간다,남의 것을 가지고 자기의 이익을 채우는 염치없는 행동을 함을 비유적으로 이르는 말.,vitality,1,1,,608496,https://opendict.korean.go.kr/dictionary/view?sense_no=608496
남의 술에 삼십 리 간다,"남에게 술을 얻어먹기 위해서 삼십 리라는 먼 길도 간다는 뜻으로, 공짜를 좋아하는 행동을 비유적으로 이르는 말.",vitality,1,1,,608503,https://opendict.korean.go.kr/dictionary/view?sense_no=608503
낯을 들고 다니는 처녀도 선을 보아야 한다,"혼사를 결정하자면 아무리 얼굴을 들고 다니는 처녀라도 한번 만나 선을 보아야 한다는 뜻으로, 무슨 일이나 결심을 내리기 위해서는 대상을 파악하기 위해서 직접 만나 보거나 알아보아야 함을 비유적으로 이르는 말.",vitality,1,1,,601718,https://opendict.korean.go.kr/dictionary/view?sense_no=601718
내 건너 배 타기,무슨 일에나 순서가 있어 건너뛰어서는 할 수 없음을 비유적으로 이르는 말. &lt;동의 속담&gt; ‘나루 건너 배 타기’,vitality,1,1,sexual:gray,601754,https://opendict.korean.go.kr/dictionary/view?sense_no=601754
내닫기는 주막집 강아지라,어떤 일이 있을 때마다 잘 뛰어들어 참견을 하는 사람을 비꼬아 이르는 말. &lt;동의 속담&gt; ‘내뛰기는 주막집 강아지라’,vitality,1,1,,608602,https://opendict.korean.go.kr/dictionary/view?sense_no=608602
내뛰기는 주막집 강아지라,어떤 일이 있을 때마다 잘 뛰어들어 참견을 하는 사람을 비꼬아 이르는 말. &lt;동의 속담&gt; ‘내닫기는 주막집 강아지라’,vitality,1,1,,608362,https://opendict.korean.go.kr/dictionary/view?sense_no=608362
냇가 돌 닳듯,세상에 시달려 성격이 약아지고 모질어짐을 비유적으로 이르는 말.,vitality,1,1,,601757,https://opendict.korean.go.kr/dictionary/view?sense_no=601757
너의 집도 굴뚝으로 불을 때야 하겠다,"불을 거꾸로 때야 할 집이라는 뜻으로, 일이 꼬이기만 하는 집안을 이르는 말.",vitality,1,1,,601857,https://opendict.korean.go.kr/dictionary/view?sense_no=601857
노래기 푸념한 데 가 시룻번이나 얻어먹어라,"고약한 노린내가 나는 노래기를 먹기가 힘들다고 푸념하는 사람에게 가서 시룻번을 얻어먹으라는 뜻으로, 염치도 체면도 없이 행동함을 핀잔하는 말. &lt;동의 속담&gt; ‘노래기 회도 먹겠다’ ‘장지네 회 쳐 먹겠다’",vitality,1,1,,601903,https://opendict.korean.go.kr/dictionary/view?sense_no=601903
노래기 회도 먹겠다,"고약한 노린내가 나는 노래기의 회를 먹는다는 뜻으로, 염치도 체면도 없이 행동함을 핀잔하는 말. &lt;동의 속담&gt; ‘노래기 푸념한 데 가 시룻번이나 얻어먹어라’ ‘장지네 회 쳐 먹겠다’",vitality,1,1,,601904,https://opendict.korean.go.kr/dictionary/view?sense_no=601904
녹용 대가리 베어 가는 셈,어떤 것 중에서 가장 중요한 핵심 부분을 가로채어 가는 염치없는 행동을 비유적으로 이르는 말.,vitality,1,1,,608674,https://opendict.korean.go.kr/dictionary/view?sense_no=608674
누워 뜨는 소,아주 느리고 끈질긴 사람이나 그 행동을 비유적으로 이르는 말.,vitality,1,1,,608886,https://opendict.korean.go.kr/dictionary/view?sense_no=608886
눈앞에서 자랑 말고 뒤에서 꾸짖지 마라,눈앞에서는 아첨하고 뒤에서는 헐뜯는 간교한 행동을 하지 말라는 말.,vitality,1,1,,608597,https://opendict.korean.go.kr/dictionary/view?sense_no=608597
눈 오는 날 개 싸다니듯,"눈이 오면 개들이 좋아하고 달려 나와서 돌아다닌다는 뜻으로, 쓸데없이 돌아다니기 좋아함을 비유적으로 이르는 말.",vitality,1,1,,601998,https://opendict.korean.go.kr/dictionary/view?sense_no=601998
눈 와야 솔이 푸른 줄 안다,어려운 상황이 되어야 그것을 이기는 것을 보고 사람의 진짜 됨됨이를 알 수 있게 된다는 말.,vitality,1,1,,602000,https://opendict.korean.go.kr/dictionary/view?sense_no=602000
늙으면 아이 된다,늙으면 말과 행동이 오히려 어린아이와 같이 된다는 말. &lt;동의 속담&gt; ‘나이가 들면 어린애가 된다’ ‘늙은이 아이 된다’,vitality,1,1,,608940,https://opendict.korean.go.kr/dictionary/view?sense_no=608940
늙은 소 흥정하듯,행동이 느림을 비유적으로 이르는 말.,vitality,1,1,,608956,https://opendict.korean.go.kr/dictionary/view?sense_no=608956
늙은 영감 덜미 잡기,인정 없고 심술궂으며 무도한 짓을 비유적으로 이르는 말. &lt;동의 속담&gt; ‘빚값에 계집 뺏기’ ‘무죄한 놈 뺨 치기’ ‘우는 아이 똥 먹이기’,vitality,1,1,sexual:gray,608958,https://opendict.korean.go.kr/dictionary/view?sense_no=608958
늙은이 아이 된다,늙으면 말과 행동이 오히려 어린아이와 같이 된다는 말. &lt;동의 속담&gt; ‘늙으면 아이 된다’ ‘나이가 들면 어린애가 된다’,vitality,1,1,,602057,https://opendict.korean.go.kr/dictionary/view?sense_no=602057
늙을수록 느는 건 잔소리뿐이다,늙어 갈수록 남의 일이나 행동에 대한 타박이 많아져 잔소리가 심해짐을 이르는 말.,vitality,1,1,,608964,https://opendict.korean.go.kr/dictionary/view?sense_no=608964
다 된 죽에 코 빠졌다,거의 다 된 일을 망쳐 버리는 주책없는 행동을 비유적으로 이르는 말. &lt;동의 속담&gt; ‘다 된 죽에 코 풀기’,vitality,1,1,violent:gray,608982,https://opendict.korean.go.kr/dictionary/view?sense_no=608982
다 밝게 범두와 소리라,"범두와 소리를 하고 다니는 순라군이 밤에는 다니지 아니하고 날이 밝아서야 비로소 일어나 다닌다는 뜻으로, 때가 이미 늦었음을 비유적으로 이르는 말. &lt;동의 속담&gt; ‘늦은 밥 먹고 파장(罷場) 간다’",vitality,1,1,sexual:gray,608989,https://opendict.korean.go.kr/dictionary/view?sense_no=608989
단김에 소뿔 빼듯,"든든히 박힌 소의 뿔을 뽑으려면 불로 달구어 놓은 김에 해치워야 한다는 뜻으로, 어떤 일이든지 하려고 생각했으면 한창 열이 올랐을 때 망설이지 말고 곧 행동으로 옮겨야 함을 비유적으로 이르는 말. &lt;동의 속담&gt; ‘쇠뿔도 단김에 빼랬다[빼라]’",vitality,1,1,violent:gray,602044,https://opendict.korean.go.kr/dictionary/view?sense_no=602044
단백사위 촉(蜀) 간다,"윷놀이에서, 마지막 고비에 한 번 윷을 놂으로써 이기고 지는 것이 결정될 때 그만 지고 말았다는 뜻으로, 무슨 일이든지 단수(單手)에 실패를 보게 됨을 비유적으로 이르는 말.",vitality,1,1,violent:gray,602105,https://opendict.korean.go.kr/dictionary/view?sense_no=602105
달아매인 돼지가 누운 돼지 나무란다,"잡혀서 푸줏간에 매달린 돼지가 살아서 누워 있는 돼지를 보고 무엇을 잘못한다고 꾸짖는다는 뜻으로, 더없이 어려운 처지에 있으면서도 오히려 저보다 나은 처지에 있는 사람을 흉보는 어리석은 행동을 비유적으로 이르는 말.",vitality,1,1,violent:gray,602122,https://opendict.korean.go.kr/dictionary/view?sense_no=602122
닭 손님으로는 아니 간다,"닭장에 낯선 닭이 들어오면 본래 있던 닭이 달려들어 못살게 굴듯이, 손님을 반가워하지 않는 집에는 가야 좋은 대접을 받지 못함을 비유적으로 이르는 말.",vitality,1,1,,609177,https://opendict.korean.go.kr/dictionary/view?sense_no=609177
닭이 천이면 봉이 한 마리 있다,사람이 많으면 그중에는 뛰어난 사람도 있음을 비유적으로 이르는 말.,vitality,1,1,sexual:gray,609197,https://opendict.korean.go.kr/dictionary/view?sense_no=609197
대들보 썩는 줄 모르고 기왓장 아끼는 격,장차 크게 손해 볼 것은 모르고 당장 돈이 조금 든다고 사소한 것을 아끼는 어리석은 행동을 비유적으로 이르는 말.,vitality,1,1,,609319,https://opendict.korean.go.kr/dictionary/view?sense_no=609319
덴 데 털 안 난다,"크게 덴 상처에는 털이 안 난다는 뜻으로, 한 번 크게 실패를 하면 다시 일어나기 어려움을 비유적으로 이르는 말.",vitality,1,1,violent:gray,602224,https://opendict.korean.go.kr/dictionary/view?sense_no=602224
도깨비는 쳐다볼수록 커 보인다,무슨 일에서나 대담하지 못하고 무서워하기만 하면 더욱 무서워지기 마련임을 비유적으로 이르는 말.,vitality,1,1,,609406,https://opendict.korean.go.kr/dictionary/view?sense_no=609406
도깨비도 수풀이 있어야 모인다,누구나 의지할 곳이 있어야 무슨 일이든 시작하거나 이룰 수가 있음을 비유적으로 이르는 말. &lt;동의 속담&gt; ‘소도 언덕이 있어야 비빈다’,vitality,1,1,sexual:gray,609407,https://opendict.korean.go.kr/dictionary/view?sense_no=609407
도끼를 들고 나물 캐러 간다,"나물을 캐기 어려운 우둔하고 무거운 도끼를 들고 나물을 캐러 간다는 뜻으로, 격에 맞지 않는 행동을 함을 비유적으로 이르는 말.",vitality,1,1,,602199,https://opendict.korean.go.kr/dictionary/view?sense_no=602199
도는 개는 배 채우고 누운 개는 옆 챈다,활동하면 얻는 바가 있지만 누워서 게으름이나 피우면 옆구리나 차이기 마련임을 비유적으로 이르는 말.,vitality,1,1,violent:gray,609539,https://opendict.korean.go.kr/dictionary/view?sense_no=609539
도련님은 당나귀가 제격이라,제격에 맞게 물건을 쓰거나 행동해야 어울림을 비유적으로 이르는 말.,vitality,1,1,,609108,https://opendict.korean.go.kr/dictionary/view?sense_no=609108
독사의 입에서 독이 나온다,본바탕이 악한 사람은 결국 악한 행동만 함을 비유적으로 이르는 말.,vitality,1,1,,602270,https://opendict.korean.go.kr/dictionary/view?sense_no=602270
동기간 싸움은 칼로 물 베기,동기간은 싸워도 화합하기 쉬움을 비유적으로 이르는 말.,vitality,1,1,violent:gray,609349,https://opendict.korean.go.kr/dictionary/view?sense_no=609349
동무 몰래 양식 내기,"추렴을 내는데 동무가 모르게 낸다면 그 사실을 아무도 모른다는 뜻으로, 힘만 들이고 아무런 공이 나타나지 아니하게 됨을 비유적으로 이르는 말. &lt;동의 속담&gt; ‘어두운 밤에 눈 깜짝이기’ ‘절 모르고 시주하기’",vitality,1,1,,609031,https://opendict.korean.go.kr/dictionary/view?sense_no=609031
동정 못 다는 며느리 맹물 발라 머리 빗는다,"동정 하나 제대로 못 달아 너절하게 하고 사는 며느리가 그래도 모양을 내겠다고 물 발라 머리만 빗고 있다는 뜻으로, 일을 할 줄 모르는 주제에 멋만 부리는 밉살스러운 행동을 비꼬는 말. &lt;동의 속담&gt; ‘부뚜막 땜질 못하는 며느리 이마의 털만 뽑는다’",vitality,1,1,,609364,https://opendict.korean.go.kr/dictionary/view?sense_no=609364
동정호 칠백 리를 내 당나귀 타고 간다,자기의 세력이 미치는 곳에서 자기 마음대로 행동함을 비유적으로 이르는 말.,vitality,1,1,sexual:gray,602373,https://opendict.korean.go.kr/dictionary/view?sense_no=602373
돼지도 낯을 붉히겠다,매우 뻔뻔스러운 행동을 하는 사람을 비난하는 말.,vitality,1,1,violent:gray,602475,https://opendict.korean.go.kr/dictionary/view?sense_no=602475
돼지 왼 발톱,상궤에 벗어난 일을 하거나 남과 다른 행동을 하는 것을 비유적으로 이르는 말.,vitality,1,1,,602472,https://opendict.korean.go.kr/dictionary/view?sense_no=602472
두꺼비 엎디는 뜻은 덮치자는 뜻이라,아무리 평범한 행동이라도 다 목적이 있음을 비유적으로 이르는 말. &lt;동의 속담&gt; ‘개구리 움츠리는[주저앉는] 뜻은 멀리 뛰자는 뜻이다’,vitality,1,1,sexual:gray,609358,https://opendict.korean.go.kr/dictionary/view?sense_no=609358
두 손뼉이 맞아야 소리가 난다,서로 똑같기 때문에 말다툼이나 싸움이 된다는 말.,vitality,1,1,violent:gray,602436,https://opendict.korean.go.kr/dictionary/view?sense_no=602436
등 치고 배 만진다,"남의 등을 치고나서 배를 만져 주며 그를 구원하는 체한다는 뜻으로, 교활하고 음흉한 자의 행동을 비유적으로 이르는 말. &lt;동의 속담&gt; ‘병 주고 약 준다’ ‘술 먹여 놓고 해장 가자 부른다’",vitality,1,1,sexual:gray|violent:gray,609843,https://opendict.korean.go.kr/dictionary/view?sense_no=609843
떡 본 도깨비,떡 보고 좋아서 날뛰는 도깨비처럼 몹시 덤비면서 염치없이 달려드는 사람을 이르는 말.,vitality,1,1,,602610,https://opendict.korean.go.kr/dictionary/view?sense_no=602610
떡 해 먹을 집안,"떡을 하여 고사를 지내야 할 집안이라는 뜻으로, 화합하지 못하고 어려운 일만 계속해서 일어나는 집안을 이르는 말.",vitality,1,1,,602622,https://opendict.korean.go.kr/dictionary/view?sense_no=602622
뗏말에 망아지,여럿의 틈에 끼어 뛰어다님을 이르는 말.,vitality,1,1,,609342,https://opendict.korean.go.kr/dictionary/view?sense_no=609342
마구 뚫은 창,질서나 순서도 없이 되는대로 함부로 하는 행동을 이르는 말.,vitality,1,1,violent:gray,609819,https://opendict.korean.go.kr/dictionary/view?sense_no=609819
마음이 흔들비쭉이라,심지가 굳지 못하고 감정에 좌우되어 주견 없이 행동하는 사람을 이르는 말.,vitality,1,1,sexual:gray,610059,https://opendict.korean.go.kr/dictionary/view?sense_no=610059
막내둥이 응석 받듯,어떠한 말이나 행동을 하더라도 하는 대로 내버려둠을 이르는 말.,vitality,1,1,,602740,https://opendict.korean.go.kr/dictionary/view?sense_no=602740
막대 잃은 장님,의지할 곳을 잃고 꼼짝 못 하게 된 처지를 이르는 말.,vitality,1,1,,602714,https://opendict.korean.go.kr/dictionary/view?sense_no=602714
많이 생각하고 적게 말하고 더 적게 써라,말과 행동보다 생각이 앞서야 한다는 말.,vitality,1,1,,602739,https://opendict.korean.go.kr/dictionary/view?sense_no=602739
말 꼬리에 파리가 천 리 간다,남의 세력에 의지하여 기운을 편다는 말. &lt;동의 속담&gt; ‘천리마 꼬리에 쉬파리 따라가듯’,vitality,1,1,,602751,https://opendict.korean.go.kr/dictionary/view?sense_no=602751
말로만 꾸려 간다,실제 행동은 하지 아니하고 말로만 때우는 것을 이르는 말.,vitality,1,1,,609753,https://opendict.korean.go.kr/dictionary/view?sense_no=609753
말이 미치면 소도 미친다,남이 하는 대로 덩달아 따라 행동함을 부정적으로 이르는 말. &lt;동의 속담&gt; ‘소가 미치면 말도 미친다’,vitality,1,1,,602774,https://opendict.korean.go.kr/dictionary/view?sense_no=602774
말이 앞서지 일이 앞서는 사람 본 일 없다,말없이 실천하는 사람은 드물다는 말.,vitality,1,1,,609781,https://opendict.korean.go.kr/dictionary/view?sense_no=609781
망둥이 제 동무 잡아먹는다,동류(同類)나 친척 간에 서로 싸움을 비유적으로 이르는 말. &lt;동의 속담&gt; ‘갈치가 갈치 꼬리 문다’ ‘망둥이 제 새끼 잡아먹듯’,vitality,1,1,violent:gray,602798,https://opendict.korean.go.kr/dictionary/view?sense_no=602798
망둥이 제 새끼 잡아먹듯,동류(同類)나 친척 간에 서로 싸움을 비유적으로 이르는 말. &lt;동의 속담&gt; ‘망둥이 제 동무 잡아먹는다’ ‘갈치가 갈치 꼬리 문다’,vitality,1,1,violent:gray,602799,https://opendict.korean.go.kr/dictionary/view?sense_no=602799
멋에 치여 중 서방질한다,자기 몸을 망치면서도 흥에 이기지 못해 방탕에 빠짐을 이르는 말.,vitality,1,1,,602879,https://opendict.korean.go.kr/dictionary/view?sense_no=602879
모내기 철에는 아궁 앞의 부지깽이도 뛴다,모내기 철에는 모든 사람이 바쁘게 뛰어다니게 됨을 비유적으로 이르는 말.,vitality,1,1,,602919,https://opendict.korean.go.kr/dictionary/view?sense_no=602919
모르고 한 번 알고 한 번,다시는 되풀이하지 않겠다고 결심하는 말.,vitality,1,1,,610001,https://opendict.korean.go.kr/dictionary/view?sense_no=610001
모진 놈은 계집 치고 흐린 놈은 세간 친다,"부부 싸움을 할 때, 모진 남자는 부인을 때리고 흐릿한 남자는 세간을 부수어 분을 푼다는 말.",vitality,1,1,sexual:gray|violent:gray,610347,https://opendict.korean.go.kr/dictionary/view?sense_no=610347
목 벤 놈 허리 베고 허리 벤 놈 목밖에 더 베겠는가,해내고야 말 것임을 굳게 결심함을 속되게 이르는 말.,vitality,1,1,,610334,https://opendict.korean.go.kr/dictionary/view?sense_no=610334
목욕하는 데 흙 뿌리기,심통 사나운 행동을 이르는 말.,vitality,1,1,,610402,https://opendict.korean.go.kr/dictionary/view?sense_no=610402
몽둥이 세 개 맞아 담 안 뛰어넘을 놈 없다,사람은 누구나 매 맞는 것을 참지 못하여 급하여지면 달아나기 마련임을 비유적으로 이르는 말.,vitality,1,1,violent:gray,603003,https://opendict.korean.go.kr/dictionary/view?sense_no=603003
무죄한 놈 뺨 치기,인정 없고 심술궂으며 무도한 짓을 비유적으로 이르는 말. &lt;동의 속담&gt; ‘빚값에 계집 뺏기’ ‘늙은 영감 덜미 잡기’ ‘우는 아이 똥 먹이기’,vitality,1,1,sexual:gray,610154,https://opendict.korean.go.kr/dictionary/view?sense_no=610154
물가 모르고 아무 데나 덤빈다,"물건의 시세도 모르고 덤빈다는 뜻으로, 성질이 급한 사람의 침착하지 못한 행동을 비유적으로 이르는 말.",vitality,1,1,,610544,https://opendict.korean.go.kr/dictionary/view?sense_no=610544
물도 씻어 먹을 사람,"맑고 깨끗한 물조차 씻어 먹을 사람이란 뜻으로, 어지러운 구석이 조금도 없고 마음과 행동이 매우 깨끗한 사람을 비유적으로 이르는 말.",vitality,1,1,sexual:gray|violent:gray,610606,https://opendict.korean.go.kr/dictionary/view?sense_no=610606
물려 드는 범을 안 잡고 어이리,"아무리 무서워도 물려고 덤벼드는 범을 잡지 않고 어찌하겠느냐는 뜻으로, 상대가 싸우려고 덤벼들면 거기에 맞서 물리쳐야 함을 비유적으로 이르는 말.",vitality,1,1,,610742,https://opendict.korean.go.kr/dictionary/view?sense_no=610742
물 만난 오리 걸음,"물을 보고 반가워서 급히 달려가는 오리의 걸음새란 뜻으로, 보기 흉하게 어기적거리며 급히 걷는 모양을 비유적으로 이르는 말.",vitality,1,1,sexual:gray,610584,https://opendict.korean.go.kr/dictionary/view?sense_no=610584
물 보기 전에 바지부터 벗는다,"물도 보기 전에 물에 들어갈 채비로 바지를 벗는다는 뜻으로, 조급한 나머지 순서를 가리지 못하고 덤비는 행동을 비유적으로 이르는 말.",vitality,1,1,sexual:gray,610591,https://opendict.korean.go.kr/dictionary/view?sense_no=610591
물 본 기러기 어옹을 두려워하랴,"물을 보고 좋아서 정신없이 날아드는 기러기가 고기잡이가 있는 것을 두려워할 리 없다는 뜻으로, 좋은 일을 만난 김에 앞뒤를 생각하지 않고 하는 행동을 비유적으로 이르는 말.",vitality,1,1,,610595,https://opendict.korean.go.kr/dictionary/view?sense_no=610595
물썬 때는 나비잠 자다 물 들어야 조개 잡듯,때를 놓치고 뒤늦게 행동하는 게으른 사람의 어리석음을 비유적으로 이르는 말.,vitality,1,1,sexual:gray,610549,https://opendict.korean.go.kr/dictionary/view?sense_no=610549
물에 물 탄 듯 술에 술 탄 듯,주견이나 주책이 없이 말이나 행동이 분명하지 않음을 비유적으로 이르는 말. &lt;동의 속담&gt; ‘술에 술 탄 듯 물에 물 탄 듯’,vitality,1,1,sexual:gray,610609,https://opendict.korean.go.kr/dictionary/view?sense_no=610609
물에 빠져도 정신을 차려야 산다,아무리 어려운 경우에 처하여 있더라도 정신을 차리고 용기를 내면 살 도리가 있음을 이르는 말.,vitality,1,1,sexual:gray,610611,https://opendict.korean.go.kr/dictionary/view?sense_no=610611
뭇 닭 속의 봉황이요 새 중의 학 두루미다,평범한 여러 사람 가운데 뛰어난 한 사람을 비유적으로 이르는 말.,vitality,1,1,,603137,https://opendict.korean.go.kr/dictionary/view?sense_no=603137
미꾸라지 한 마리가 온 웅덩이를 흐려 놓는다,"미꾸라지 한 마리가 흙탕물을 일으켜서 웅덩이의 물을 온통 다 흐리게 한다는 뜻으로, 한 사람의 좋지 않은 행동이 그 집단 전체나 여러 사람에게 나쁜 영향을 미침을 비유적으로 이르는 말. &lt;동의 속담&gt; ‘미꾸라지 한 마리가 한강 물을 다 흐리게 한다’",vitality,1,1,,603132,https://opendict.korean.go.kr/dictionary/view?sense_no=603132
미꾸라지 한 마리가 한강 물을 다 흐리게 한다,"미꾸라지 한 마리가 흙탕물을 일으켜서 물을 온통 다 흐리게 한다는 뜻으로, 한 사람의 좋지 않은 행동이 그 집단 전체나 여러 사람에게 나쁜 영향을 미침을 비유적으로 이르는 말. &lt;동의 속담&gt; ‘미꾸라지 한 마리가 온 웅덩이를 흐려 놓는다’",vitality,1,1,,603133,https://opendict.korean.go.kr/dictionary/view?sense_no=603133
미끄러진 김에 쉬어 간다,잘못된 기회를 이용하여 적절한 행동을 취함을 비유적으로 이르는 말.,vitality,1,1,,610278,https://opendict.korean.go.kr/dictionary/view?sense_no=610278
미운 년이 겸상을 한다,"미운 사람 보기도 싫은데 오히려 마주 보며 식사를 한다는 뜻으로, 보기 싫은 사람과 정면으로 대하게 되었음을 비유적으로 이르는 말.",vitality,1,1,sexual:gray,610954,https://opendict.korean.go.kr/dictionary/view?sense_no=610954
미운 파리 잡으려다가 성한 팔이 상한다,"밉게 구는 파리를 잡으려고 치다가 그만 성한 팔을 상하게 한다는 뜻으로, 나쁜 것을 없애려고 서툴게 행동을 하다가는 오히려 귀중한 것이 상할 수 있기 때문에 모든 일을 잘 생각해서 해야 한다는 말.",vitality,1,1,,610976,https://opendict.korean.go.kr/dictionary/view?sense_no=610976
미친개가 천연한 체한다,"미친개가 아무런 병도 없는 듯이 보이려고 천연스럽게 행동한다는 뜻으로, 못되고 악독한 자가 짐짓 점잖은 체한다거나 온전하지 못한 자가 온전한 체하는 경우를 비유적으로 이르는 말.",vitality,1,1,,603114,https://opendict.korean.go.kr/dictionary/view?sense_no=603114
미친년 널뛰듯,"미친 여자가 재미도 모르고 널을 뛴다는 뜻으로, 멋도 모르고 미친 듯이 행동하는 모양을 비유적으로 이르는 말.",vitality,1,1,,610530,https://opendict.korean.go.kr/dictionary/view?sense_no=610530
바느질아치는 가위질을 더디게 한다,"바느질을 전문으로 하는 사람일수록 가위질만은 아주 조심스럽게 한다는 뜻으로, 경험이 많고 능숙한 사람일수록 일에 실수가 없도록 신중히 행동함을 비유적으로 이르는 말.",vitality,1,1,,603182,https://opendict.korean.go.kr/dictionary/view?sense_no=603182
바늘로 몽둥이 막는다,당해 낼 수 없는 힘으로 큰 것을 막으려 하는 어리석은 행동을 비꼬는 말.,vitality,1,1,,603221,https://opendict.korean.go.kr/dictionary/view?sense_no=603221
바람은 불다 불다 그친다,"바람이 불고 싶은 대로 실컷 불다가 마침내는 저절로 그친다는 뜻으로, 성이 나서 펄펄 뛰어도 가만두면 제풀에 사그라져 조용해지는 경우를 비유적으로 이르는 말.",vitality,1,1,,610391,https://opendict.korean.go.kr/dictionary/view?sense_no=610391
바쁜 살림에 늙는 줄 모른다,"바쁘게 돌아가는 살림살이에 어느새 나이를 먹는지 알지 못한다는 뜻으로, 일에 매달려 열중하면 세월 가는 줄을 모른다는 것을 비유적으로 이르는 말.",vitality,1,1,violent:gray,610796,https://opendict.korean.go.kr/dictionary/view?sense_no=610796
바지저고리만 다닌다[앉았다],"사람의 몸뚱이는 없고 바지저고리만 걸어 다닌다는 뜻으로, 사람이 아무 속이 없고 맺힌 데가 없이 행동하는 경우를 비유적으로 이르는 말.",vitality,1,1,sexual:gray,610868,https://opendict.korean.go.kr/dictionary/view?sense_no=610868
박쥐구실 새 편에 붙고 쥐 편에 붙다,"낮에는 쥐가 되고 밤에는 새가 된다는 박쥐처럼 환경에 따라 구실을 바꾼다는 뜻으로, 자기에게 유리하다면 이쪽에도 붙고 저쪽에도 붙는 행동을 비유적으로 이르는 말.",vitality,1,1,,603207,https://opendict.korean.go.kr/dictionary/view?sense_no=603207
발바리 새끼 쫓겨 가자 미친개 뛰여든다,"시끄럽게 구는 발바리를 쫓아 버리니 이번에는 미친개가 뛰어든다는 뜻으로, 자그마한 위험을 피하니 그보다 더 큰 위험이 다시 들이닥침을 비유적으로 이르는 말.",vitality,1,1,violent:gray,610881,https://opendict.korean.go.kr/dictionary/view?sense_no=610881
밤새도록 울다가 누가 죽었느냐고 한다,"죽었다고 하여 밤새도록 슬피 울었으나 어떤 사람이 죽었는지도 모르고 있다는 뜻으로, 애써 일을 하면서도 그 일의 내용이나 영문을 모르고 맹목적으로 하는 행동을 비꼬는 말. &lt;동의 속담&gt; ‘밤새도록 통곡해도 어느 마누라 초상인지 모른다’ ‘실컷 울고 나서 뉘 초상인가 물어본다’ ‘종야 통곡에 부지(不知) 하(何) 마누라 상사’",vitality,1,1,violent:gray,610771,https://opendict.korean.go.kr/dictionary/view?sense_no=610771
밤새도록 통곡해도 어느 마누라 초상인지 모른다,"죽었다고 하여 밤새도록 슬피 울었으나 어떤 마누라가 죽었는지도 모르고 있다는 뜻으로, 애써 일을 하면서도 그 일의 내용이나 영문을 모르고 맹목적으로 하는 행동을 비꼬는 말. &lt;동의 속담&gt; ‘밤새도록 울다가 누가 죽었느냐고 한다’ ‘실컷 울고 나서 뉘 초상인가 물어본다’ ‘종야 통곡에 부지(不知) 하(何) 마누라 상사’",vitality,1,1,violent:gray,610772,https://opendict.korean.go.kr/dictionary/view?sense_no=610772
밥그릇 앞에서 굶어 죽을 사람[놈],"밥그릇을 앞에 놓고도 움직이기 싫어서 굶어 죽을 사람이라는 뜻으로, 몹시 게으른 사람을 비꼬는 말.",vitality,1,1,violent:gray,610781,https://opendict.korean.go.kr/dictionary/view?sense_no=610781
밥이 지팡막대라,"밥이 늙은이의 지팡이나 다름없다는 뜻으로, 늙은이에게 있어서는 밥을 잘 먹는 것이 늙은이가 의지하고 다니는 지팡이보다 나음을 이르는 말.",vitality,1,1,sexual:gray,611098,https://opendict.korean.go.kr/dictionary/view?sense_no=611098
번갯불에 콩 볶아 먹겠다,"번쩍하는 번갯불에 콩을 볶아서 먹을 만하다는 뜻으로, 행동이 매우 민첩함을 이르는 말. &lt;동의 속담&gt; ‘번갯불에 담배 붙이겠다[붙인다]’ ‘번갯불에 회 쳐 먹겠다’",vitality,1,1,sexual:gray|violent:gray,611240,https://opendict.korean.go.kr/dictionary/view?sense_no=611240
번갯불에 회 쳐 먹겠다,"번쩍하는 번갯불에 회 쳐 먹을 만하다는 뜻으로, 행동이 매우 민첩함을 이르는 말. &lt;동의 속담&gt; ‘번갯불에 콩 볶아 먹겠다’ ‘번갯불에 담배 붙이겠다[붙인다]’",vitality,1,1,sexual:gray|violent:gray,611242,https://opendict.korean.go.kr/dictionary/view?sense_no=611242
벌거숭이 잠자리,이것저것 가리지 못하고 함부로 행동하는 사람을 비유적으로 이르는 말.,vitality,1,1,,610898,https://opendict.korean.go.kr/dictionary/view?sense_no=610898
벙어리 소지 정하듯,"벙어리가 결심을 내리듯 한다는 뜻으로, 아무 소리도 안 하고 저 혼자 마음속에 결정하는 경우를 비유적으로 이르는 말.",vitality,1,1,sexual:gray,611023,https://opendict.korean.go.kr/dictionary/view?sense_no=611023
벙어리 심부름하듯,말없이 남의 눈치만 살펴 가면서 행동하는 경우를 비유적으로 이르는 말.,vitality,1,1,,611026,https://opendict.korean.go.kr/dictionary/view?sense_no=611026
베감투 쓰고 잔치 집 드나든다,근신해야 할 사람이 행동을 삼가지 않고 술자리에 마구 드나드는 경우를 놀림조로 이르는 말.,vitality,1,1,,603428,https://opendict.korean.go.kr/dictionary/view?sense_no=603428
벼락 맞은 소[소고기] 뜯어 먹듯,여럿이 달려들어 제각기 욕심을 채우려 하는 모양을 비유적으로 이르는 말.,vitality,1,1,,611317,https://opendict.korean.go.kr/dictionary/view?sense_no=611317
병든 놈 두고 약 지으러 가니 약국도 두건을 썼더란다[썼더라 한다],"환자가 생겨 약 지으러 약국에 뛰어가니 약국은 자기보다 더 하게 이미 상사(喪事)를 만나 두건을 쓰고 있었다는 뜻으로, 가도 소용이 없으니 갈 필요가 없음을 비유적으로 이르는 말.",vitality,1,1,sexual:gray,603447,https://opendict.korean.go.kr/dictionary/view?sense_no=603447
병 주고 약 준다,"남을 해치고 나서 약을 주며 그를 구원하는 체한다는 뜻으로, 교활하고 음흉한 자의 행동을 비유적으로 이르는 말. &lt;동의 속담&gt; ‘등 치고 배 만진다’ ‘술 먹여 놓고 해장 가자 부른다’",vitality,1,1,sexual:gray|violent:gray,611171,https://opendict.korean.go.kr/dictionary/view?sense_no=611171
보자 보자 하니까 얻어 온 장 한 번 더 뜬다,못되게 구는 것을 보고 참으니까 고치기는커녕 더욱더 밉살스럽게 행동함을 비유적으로 이르는 말.,vitality,1,1,,603548,https://opendict.korean.go.kr/dictionary/view?sense_no=603548
복 들어온 날 문 닫는다,좋은 기회가 왔을 때 도리어 방해하는 행동을 함을 이르는 말.,vitality,1,1,,611216,https://opendict.korean.go.kr/dictionary/view?sense_no=611216
봉사 아이 어르듯,"앞 못 보는 봉사가 제대로 잡지도 못하면서 아이를 둥개둥개 어르듯 한다는 뜻으로, 무엇을 똑똑히 알지도 못하면서 어림짐작으로 어설프게 행동하는 모양을 비유적으로 이르는 말.",vitality,1,1,,603570,https://opendict.korean.go.kr/dictionary/view?sense_no=603570
부뚜막 땜질 못하는 며느리 이마의 털만 뽑는다,"부뚜막에 땜질 하나 제대로 못 하여 너절하게 하고 사는 며느리가 그래도 모양을 내겠다고 이마의 털만 뽑고 있다는 뜻으로, 일을 할 줄 모르는 주제에 멋만 부리는 밉살스러운 행동을 비꼬는 말. &lt;동의 속담&gt; ‘동정 못 다는 며느리 맹물 발라 머리 빗는다’",vitality,1,1,,603663,https://opendict.korean.go.kr/dictionary/view?sense_no=603663
부지깽이가 뛰는 세월,"부지깽이까지 뛰어다니는 때라는 뜻으로, 몹시 바쁜 때를 비유적으로 이르는 말.",vitality,1,1,,611439,https://opendict.korean.go.kr/dictionary/view?sense_no=611439
북단 거둥에 보군진 몰리듯,"임금이 북단에 거둥할 때에 지형이 협소하여 보군(步軍)이 급히 달려갔다는 뜻으로, 무슨 일에 급히 덤비고 법석거림을 비유적으로 이르는 말.",vitality,1,1,,603687,https://opendict.korean.go.kr/dictionary/view?sense_no=603687
북어 뜯고 손가락 빤다,거짓으로 꾸미거나 과장되게 행동하는 경우를 비꼬는 말.,vitality,1,1,,611531,https://opendict.korean.go.kr/dictionary/view?sense_no=611531
불난 집에 기름을 끼얹으며 불을 끄겠다 한다,"불이 난 집에다 기름을 끼얹어 불이 더 세차게 타오르게 하면서 말로는 불을 끄겠다고 한다는 뜻으로, 겉으로는 동정하는 체하면서 남의 불행을 커지도록 하는 교활한 행동을 비유적으로 이르는 말.",vitality,1,1,violent:gray,611060,https://opendict.korean.go.kr/dictionary/view?sense_no=611060
불 달린 범 같다,몹시 기승스럽게 달려드는 모양을 비유적으로 이르는 말.,vitality,1,1,,611337,https://opendict.korean.go.kr/dictionary/view?sense_no=611337
불이야 하니 불이야 한다,"남이 불이야 하고 외쳐 대니 덩달아 불이야 한다는 뜻으로, 제 정신이 없이 남이 하는 행동을 그대로 따라 함을 이르는 말.",vitality,1,1,,611346,https://opendict.korean.go.kr/dictionary/view?sense_no=611346
비지 먹은 배는 연약과도 싫다 한다,하찮은 것이기는 하나 먼저 간절한 소원이나 욕망을 충족시켜 주게 되면 그보다 썩 좋은 것이 생겨도 의미가 없음을 비유적으로 이르는 말.,vitality,1,1,sexual:gray,603785,https://opendict.korean.go.kr/dictionary/view?sense_no=603785
비짓국 먹고 용트림한다,"아주 거친 음식을 먹고도 잘 먹은 체하느라고 거드름을 부린다는 뜻으로, 실속은 없으면서 겉모양만 그럴듯하게 꾸미는 행동을 비유적으로 이르는 말. &lt;동의 속담&gt; ‘진잎죽 먹고 잣죽 트림 한다’",vitality,1,1,sexual:gray|violent:gray,603686,https://opendict.korean.go.kr/dictionary/view?sense_no=603686
비 틈으로 빠져나가겠다,행동이나 동작이 매우 민첩함을 비유적으로 이르는 말.,vitality,1,1,sexual:gray|violent:gray,603719,https://opendict.korean.go.kr/dictionary/view?sense_no=603719
빚값에 계집 뺏기,"빚을 물지 못하는 값으로 빚진 사람의 아내를 빼앗아 간다는 뜻으로, 인정 없고 심술궂으며 무도한 짓을 비유적으로 이르는 말. &lt;동의 속담&gt; ‘늙은 영감 덜미 잡기’ ‘무죄한 놈 뺨 치기’ ‘우는 아이 똥 먹이기’",vitality,1,1,sexual:gray,603721,https://opendict.korean.go.kr/dictionary/view?sense_no=603721
빠른 바람에 굳센 풀을 안다,"드센 바람 속에 꿋꿋이 서 있는 굳센 풀을 알아낼 수 있다는 뜻으로, 마음의 굳은 의지와 절개는 시련을 겪고 나서 더 뚜렷하게 나타난다는 말.",vitality,1,1,sexual:gray,603684,https://opendict.korean.go.kr/dictionary/view?sense_no=603684
뽕 내 맡은 누에 같다,뽕 내 맡은 누에가 정신없이 달려들 듯이 마음에 흡족하여 어쩔 줄 몰라 하는 모양을 비유적으로 이르는 말.,vitality,1,1,sexual:gray,603758,https://opendict.korean.go.kr/dictionary/view?sense_no=603758
사나운 개 입[콧등] 성할 날 없다,성질이 사나운 사람은 늘 싸움만 하여 상처가 미처 나을 사이가 없음을 비유적으로 이르는 말. &lt;동의 속담&gt; ‘사나운 개 콧등 아물 틈[날]이 없다’,vitality,1,1,sexual:gray|violent:gray,611829,https://opendict.korean.go.kr/dictionary/view?sense_no=611829
사나운 개 콧등 아물 틈[날]이 없다,성질이 사나운 사람은 늘 싸움만 하여 상처가 미처 나을 사이가 없음을 비유적으로 이르는 말. &lt;동의 속담&gt; ‘사나운 개 입[콧등] 성할 날 없다’,vitality,1,1,sexual:gray|violent:gray,611830,https://opendict.korean.go.kr/dictionary/view?sense_no=611830
사당 당직은 타도 빈대 당직 타서 시원하다,"사당의 당직은 불타 버렸지만 그와 함께 빈대까지 탔으니 시원하다는 뜻으로, 제게 손해가 되더라도 시끄럽고 귀찮던 것이 없어져 시원함을 이르는 말.",vitality,1,1,,603744,https://opendict.korean.go.kr/dictionary/view?sense_no=603744
사람 세워 놓고 입관하겠다,"목숨이 살아 움직이는 사람을 관에 넣을 정도라는 뜻으로, 행동이나 말이 지나치게 모질고 독함을 비난하여 이르는 말.",vitality,1,1,,611606,https://opendict.korean.go.kr/dictionary/view?sense_no=611606
산 밖에 난 범이요 물 밖에 난 고기라,"범이 자기의 터전인 산에서 나와 옴짝달싹 못 하게 되고 물고기가 물 밖으로 나와 옴짝달싹 못 하게 되었다는 뜻으로, 의지할 곳을 잃어 옴짝달싹 못 하게 됨을 비유적으로 이르는 말.",vitality,1,1,,603839,https://opendict.korean.go.kr/dictionary/view?sense_no=603839
산에 들어가 호랑이를 피하랴,이미 피할 수 없는 일이나 피하여서는 안 되는 일을 피하려고 무모하게 행동함을 이르는 말.,vitality,1,1,violent:gray,603848,https://opendict.korean.go.kr/dictionary/view?sense_no=603848
산이 들썩한 끝에 쥐 새끼 한 마리라,"산이 들썩들썩하기 때문에 큰 짐승이라도 나오는 줄 알았는데 겨우 쥐 새끼 한 마리만 뛰어나왔다는 뜻으로, 요란하게 일을 벌였으나 별로 신통한 결과를 얻지 못함을 비유적으로 이르는 말. &lt;동의 속담&gt; ‘산이 울어 쥐 한 마리’",vitality,1,1,,603859,https://opendict.korean.go.kr/dictionary/view?sense_no=603859
산이 우니 돌이[산돼지가] 운다,"산이 우니 그 속에 있는 돌[산돼지]도 덩달아 운다는 뜻으로, 주관 없이 남이 하는 대로만 따라 행동함을 비유적으로 이르는 말.",vitality,1,1,,603860,https://opendict.korean.go.kr/dictionary/view?sense_no=603860
산이 울어 쥐 한 마리,"산이 들썩들썩하기 때문에 큰 짐승이라도 나오는 줄 알았는데 겨우 쥐 새끼 한 마리만 뛰어나왔다는 뜻으로, 요란하게 일을 벌였으나 별로 신통한 결과를 얻지 못함을 비유적으로 이르는 말. &lt;동의 속담&gt; ‘산이 들썩한 끝에 쥐 새끼 한 마리라’",vitality,1,1,,603863,https://opendict.korean.go.kr/dictionary/view?sense_no=603863
산이 크면 울림도 웅심깊다,"산이 크고 깊으면 메아리도 속 깊다는 뜻으로, 품은 뜻이나 포부가 크면 그 행동이 미치는 영향력도 큼을 비유적으로 이르는 말.",vitality,1,1,,603865,https://opendict.korean.go.kr/dictionary/view?sense_no=603865
산 진 거북이요 돌 진 가재[자라]라,"등이 납작하여 넘어질 위험이 없는 거북이와 가재, 또는 자라가 산과 돌을 각각 지었다는 뜻으로, 의지하고 있는 세력이 든든함을 비유적으로 이르는 말.",vitality,1,1,,603842,https://opendict.korean.go.kr/dictionary/view?sense_no=603842
삵이 호랑이를 낳는다,변변치 못한 부모에게서나 평범한 집안에서 뛰어난 인물이 나옴을 비유적으로 이르는 말.,vitality,1,1,,603963,https://opendict.korean.go.kr/dictionary/view?sense_no=603963
삼 년 감옥살이에 감옥을 바늘로 깨뜨린다,"감옥살이 3년이면 바늘을 가지고도 옥을 깨뜨려 나오게 된다는 뜻으로, 사람이 역경에 처하고 그것을 극복하려고 오래 애쓰는 과정에서는 보잘것없는 작은 물건을 가지고도 큰일을 성사시킬 수 있음을 비유적으로 이르는 말. &lt;동의 속담&gt; ‘감옥에 십 년을 있으면 바늘로 파옥한다’",vitality,1,1,sexual:gray,603988,https://opendict.korean.go.kr/dictionary/view?sense_no=603988
삼복 기간에는 입술에 묻은 밥알도 무겁다,"더운 삼복에는 몸을 움직이기가 몹시 힘들어 밥알 하나의 무게조차도 힘겹다는 뜻으로, 삼복 기간에 더위를 이겨 내기가 힘겨움을 비유적으로 이르는 말. &lt;동의 속담&gt; ‘삼복지간에는 입술에 묻은 밥알도 무겁다’",vitality,1,1,,611704,https://opendict.korean.go.kr/dictionary/view?sense_no=611704
삼복지간에는 입술에 묻은 밥알도 무겁다,"더운 삼복에는 몸을 움직이기가 몹시 힘들어 밥알 하나의 무게조차도 힘겹다는 뜻으로, 삼복 기간에 더위를 이겨 내기가 힘겨움을 비유적으로 이르는 말. &lt;동의 속담&gt; ‘삼복 기간에는 입술에 묻은 밥알도 무겁다’",vitality,1,1,,604100,https://opendict.korean.go.kr/dictionary/view?sense_no=604100
상갓집 개만도 못하다,"제대로 얻어먹지를 못하는 상갓집 개만도 못한 신세라는 뜻으로, 의지할 곳 없고 천대받고 압박받는 처지가 몹시 가련하고 불쌍함을 비유적으로 이르는 말.",vitality,1,1,,604028,https://opendict.korean.go.kr/dictionary/view?sense_no=604028
상사구렝이 감기듯,"상사 구렁이가 친친 감기는 바람에 이러지도 저러지도 못하게 된다는 뜻으로, 어떤 일에 고집스럽고 끈질기게 달려듦을 비유적으로 이르는 말.",vitality,1,1,,604041,https://opendict.korean.go.kr/dictionary/view?sense_no=604041
상시에 먹은 마음 취중에 난다,"평소 생각하던 것을 술에 취한 김에 한다는 뜻으로, 술에 취하게 되면 평소 가졌던 생각이 말이나 행동으로 나타남을 이르는 말. &lt;동의 속담&gt; ‘생시에 먹은 마음 취중에 나온다’ ‘평시에 먹은 마음 취중에 나온다’",vitality,1,1,sexual:gray,611585,https://opendict.korean.go.kr/dictionary/view?sense_no=611585
상투 위에 올라앉다,상대를 만만하게 보고 기어오르는 행동을 이르는 말.,vitality,1,1,,611747,https://opendict.korean.go.kr/dictionary/view?sense_no=611747
새 오리 장가가면 헌 오리 나도 한다,"새 오리가 장가가면 헌 오리가 나도 하겠다고 나선다는 뜻으로, 남이 하는 대로 무턱대고 자기도 하겠다고 따라나서는 주책없는 행동을 비유적으로 이르는 말. &lt;동의 속담&gt; ‘학이 곡곡 하고 우니 황새도 곡곡 하고 운다’",vitality,1,1,,611825,https://opendict.korean.go.kr/dictionary/view?sense_no=611825
새우 벼락 맞던 이야기를 한다,"새우가 벼락을 맞아 봉변당하던 이야기를 한다는 뜻으로, 까맣게 잊어버린 지난 일을 새삼스럽게 들추어내서 기억나게 하는 쓸데없는 행동을 비유적으로 이르는 말.",vitality,1,1,,611899,https://opendict.korean.go.kr/dictionary/view?sense_no=611899
새우 싸움에 고래 등 터지랴,약하고 보잘것없는 것끼리 아무리 싸워도 크고 힘 있는 존재는 그 피해를 받지 아니함을 비유적으로 이르는 말.,vitality,1,1,violent:gray,611900,https://opendict.korean.go.kr/dictionary/view?sense_no=611900
새 편에 붙었다 쥐 편에 붙었다 한다,"박쥐가 잇속에 따라 새 편에 붙었다 쥐 편에 붙었다 한다는 뜻으로, 자기 잇속만을 위해 매번 이로운 편에 붙는 행동을 비유적으로 이르는 말.",vitality,1,1,violent:gray,604180,https://opendict.korean.go.kr/dictionary/view?sense_no=604180
샘은 천 길 물속에서도 솟는다,새롭고 정의로운 것은 어떠한 장애도 극복하고 반드시 빛을 나타내고야 맒을 비유적으로 이르는 말.,vitality,1,1,,604094,https://opendict.korean.go.kr/dictionary/view?sense_no=604094
생나무 휘어잡기,"휘어지지 아니하는 생나무를 억지로 휘어잡는다는 뜻으로, 되지 아니할 일을 억지로 하려고 무모하게 행동함을 비유적으로 이르는 말.",vitality,1,1,,611542,https://opendict.korean.go.kr/dictionary/view?sense_no=611542
생시에 먹은 마음 취중에 나온다,"평소 생각하던 것을 술에 취한 김에 한다는 뜻으로, 술에 취하게 되면 평소 가졌던 생각이 말이나 행동으로 나타남을 이르는 말. &lt;동의 속담&gt; ‘상시에 먹은 마음 취중에 난다’ ‘평시에 먹은 마음 취중에 나온다’",vitality,1,1,sexual:gray,611895,https://opendict.korean.go.kr/dictionary/view?sense_no=611895
생이 벼락 맞던 이야기를 한다,"생이가 벼락을 맞아 봉변을 당하던 이야기를 한다는 뜻으로, 까맣게 잊어버린 지난 일을 새삼스럽게 들추어내서 상기시키는 쓸데없는 행동을 비유적으로 이르는 말.",vitality,1,1,,604206,https://opendict.korean.go.kr/dictionary/view?sense_no=604206
서른세 해 만에 꿈 이야기 한다,까맣게 잊어버린 지난 일을 새삼스럽게 들추어내서 상기시키는 쓸데없는 행동을 비유적으로 이르는 말.,vitality,1,1,,612025,https://opendict.korean.go.kr/dictionary/view?sense_no=612025
서리 맞은 구렁이[병아리],행동이 굼뜨고 힘이 없는 사람을 비유적으로 이르는 말.,vitality,1,1,,611868,https://opendict.korean.go.kr/dictionary/view?sense_no=611868
서뿌른 약국이 사람 잡는다,"약에 대하여 잘 모르면서 약국을 차려 약을 지어 주다가 사람을 죽이기까지 한다는 뜻으로, 능력이 없어서 제구실을 못하는 주제에 함부로 날뛰다가 큰일을 저지르게 됨을 비유적으로 이르는 말.",vitality,1,1,violent:gray,604240,https://opendict.korean.go.kr/dictionary/view?sense_no=604240
서울에 감투 부탁,"감투를 구하기 어려운 서울에다가 감투를 부탁하여 놓고 구해다 주겠거니 하고 무턱대고 기다리고 있다는 뜻으로, 좋은 결과가 이루어질 수 없는 데에 기대를 걸고 기다리고 있는 어리석은 행동을 비유적으로 이르는 말.",vitality,1,1,,612118,https://opendict.korean.go.kr/dictionary/view?sense_no=612118
서울이 낭이라니까 과천[삼십 리]부터 긴다,"서울 인심이 야박하여 낭떠러지와 같다는 말만 듣고 미리부터 겁을 먹는다는 뜻으로, 비굴하게 행동하는 짓을 비유적으로 이르는 말. &lt;동의 속담&gt; ‘서울이 무섭다니까 남태령[서재]부터 긴다’",vitality,1,1,,612123,https://opendict.korean.go.kr/dictionary/view?sense_no=612123
서울이 무섭다니까 남태령[서재]부터 긴다,"서울 인심이 야박하여 지내기 무섭다는 말만 듣고 미리부터 겁을 먹는다는 뜻으로, 비굴하게 행동하는 짓을 비유적으로 이르는 말. &lt;동의 속담&gt; ‘서울이 낭이라니까 과천[삼십 리]부터 긴다’",vitality,1,1,,612124,https://opendict.korean.go.kr/dictionary/view?sense_no=612124
서푼짜리 낫 벼리듯,"갈아야 별로 쓸모가 없는 서푼짜리 낫을 쓸데없이 공을 들여 갈고 있다는 뜻으로, 실천은 못하면서 말로 벼르기만 하는 경우를 두고 비유적으로 이르는 말.",vitality,1,1,,604234,https://opendict.korean.go.kr/dictionary/view?sense_no=604234
석 자 베를 짜도 베틀 벌이기는 일반,"석 자밖에 안 되는 베를 짜려고 해도 어차피 베틀을 벌여야 한다는 뜻으로, 일이 많으나 적으나 그 준비에 드는 수고는 마찬가지임을 비유적으로 이르는 말.",vitality,1,1,violent:gray,612014,https://opendict.korean.go.kr/dictionary/view?sense_no=612014
선무당이 사람 잡는다[죽인다],"의술에 서투른 사람이 치료해 준다고 하다가 사람을 죽이기까지 한다는 뜻으로, 능력이 없어서 제구실을 못하면서 함부로 하다가 큰일을 저지르게 됨을 비유적으로 이르는 말. &lt;동의 속담&gt; ‘어설픈 약국이 사람 죽인다’",vitality,1,1,violent:gray,604245,https://opendict.korean.go.kr/dictionary/view?sense_no=604245
선불을 맞히면 도리여 범을 놀래운다,"정통으로 맞히지 못하고 서투르게 맞히면 잡지도 못할 뿐만 아니라 놀란 범이 날뛰어서 해를 입게 된다는 뜻으로, 가만히 있는 것을 섣불리 건드려서 도리어 마구 날뛰게 만듦을 비유적으로 이르는 말.",vitality,1,1,,604261,https://opendict.korean.go.kr/dictionary/view?sense_no=604261
성나 바위 차기,"잔뜩 성이 난 마음을 가라앉히지 못하고 화풀이로 바위나 돌을 찬다는 뜻으로, 성이 난다고 앞뒤를 가리지 못하고 분별없이 화풀이하다가 자기에게 해가 될 부질없는 행동을 하는 경우를 비꼬는 말. &lt;동의 속담&gt; ‘성난 끝에 돌 차기’ ‘성내어 바위를 차니 발부리만 아프다’",vitality,1,1,sexual:gray,612397,https://opendict.korean.go.kr/dictionary/view?sense_no=612397
성난 끝에 돌 차기,"잔뜩 성이 난 마음을 가라앉히지 못하고 화풀이로 바위나 돌을 찬다는 뜻으로, 성이 난다고 앞뒤를 가리지 못하고 분별없이 화풀이하다가 자기에게 해가 될 부질없는 행동을 하는 경우를 비꼬는 말. &lt;동의 속담&gt; ‘성나 바위 차기’ ‘성내어 바위를 차니 발부리만 아프다’",vitality,1,1,sexual:gray,612400,https://opendict.korean.go.kr/dictionary/view?sense_no=612400
성내어 바위를 차니 발부리만 아프다,"잔뜩 성이 난 마음을 가라앉히지 못하고 화풀이로 바위나 돌을 찬다는 뜻으로, 성이 난다고 앞뒤를 가리지 못하고 분별없이 화풀이하다가 자기에게 해가 될 부질없는 행동을 하는 경우를 비꼬는 말. &lt;동의 속담&gt; ‘성나 바위 차기’ ‘성난 끝에 돌 차기’",vitality,1,1,sexual:gray,604277,https://opendict.korean.go.kr/dictionary/view?sense_no=604277
세끼 굶으면 군자가 없다,아무리 착한 사람이라도 몹시 궁하게 되면 못하는 짓이 없게 됨을 비유적으로 이르는 말. &lt;동의 속담&gt; ‘사흘 굶어 도둑질 아니 할 놈 없다’ ‘사흘 굶어 담 아니 넘을 놈 없다’ ‘사흘 굶으면 못할 노릇이 없다’ ‘사흘(을) 굶으면 포도청의 담도 뛰어넘는다’ ‘열흘 굶어 군자 없다’,vitality,1,1,,604322,https://opendict.korean.go.kr/dictionary/view?sense_no=604322
소가 미치면 말도 미친다,남이 하는 대로 덩달아 따라 행동함을 부정적으로 이르는 말. &lt;동의 속담&gt; ‘말이 미치면 소도 미친다’,vitality,1,1,,612622,https://opendict.korean.go.kr/dictionary/view?sense_no=612622
소경에게 홰불 주기,"소경에게 주어 봤자 아무 소용도 없는 횃불을 주는 것과 같다는 뜻으로, 좋은 수단이기는 하나 그것을 쓸 줄 모르는 사람에게 주어 준 보람이 없게 되는 경우를 비유적으로 이르는 말.",vitality,1,1,,611968,https://opendict.korean.go.kr/dictionary/view?sense_no=611968
소경 파밭 두드리듯[매듯],분수없이 함부로 행동하는 경우를 비유적으로 이르는 말.,vitality,1,1,violent:gray,611964,https://opendict.korean.go.kr/dictionary/view?sense_no=611964
손이 비단이다,좋은 물건을 만들어 내는 것은 원료나 자재보다도 그것을 만드는 사람의 손에 달려 있음을 비유적으로 이르는 말.,vitality,1,1,sexual:gray,612532,https://opendict.korean.go.kr/dictionary/view?sense_no=612532
송진 덩이가 불붙듯 한다,성질이 매우 조급하여 어떤 일을 당할 때 급히 행동함을 비유적으로 이르는 말.,vitality,1,1,violent:gray,612417,https://opendict.korean.go.kr/dictionary/view?sense_no=612417
송충이가 갈밭에 내려왔다,"솔잎을 먹고 사는 송충이가 난데없이 먹을 것을 찾아 갈밭에 내려온다는 뜻으로, 자기 분수에 어울리지 않는 행동을 하는 경우를 비꼬는 말.",vitality,1,1,,612560,https://opendict.korean.go.kr/dictionary/view?sense_no=612560
쇠는 단김에 벼려야 한다,어떤 일이든지 하려고 생각했거나 또는 한창 열이 올랐을 때 망설이지 말고 곧바로 행동으로 옮겨야 함을 비유적으로 이르는 말.,vitality,1,1,violent:gray,612412,https://opendict.korean.go.kr/dictionary/view?sense_no=612412
쇠뿔도 단김에 빼랬다[빼라],"든든히 박힌 소의 뿔을 뽑으려면 불로 달구어 놓은 김에 해치워야 한다는 뜻으로, 어떤 일이든지 하려고 생각했으면 한창 열이 올랐을 때 망설이지 말고 곧 행동으로 옮겨야 함을 비유적으로 이르는 말. &lt;동의 속담&gt; ‘단김에 소뿔 빼듯’",vitality,1,1,violent:gray,612321,https://opendict.korean.go.kr/dictionary/view?sense_no=612321
술 먹여 놓고 해장 가자 부른다,"술 먹여 놓고 해장 가자 부르며 그를 위한다는 뜻으로, 교활하고 음흉한 자의 행동을 비유적으로 이르는 말. &lt;동의 속담&gt; ‘병 주고 약 준다’ ‘등 치고 배 만진다’",vitality,1,1,sexual:gray|violent:gray,604443,https://opendict.korean.go.kr/dictionary/view?sense_no=604443
술 먹은 개,정신없이 술에 취해 행동을 멋대로 하는 사람을 비꼬는 말.,vitality,1,1,,604444,https://opendict.korean.go.kr/dictionary/view?sense_no=604444
술에 술 탄 듯 물에 물 탄 듯,주견이나 주책이 없이 말이나 행동이 분명하지 않음을 비유적으로 이르는 말. &lt;동의 속담&gt; ‘물에 물 탄 듯 술에 술 탄 듯’,vitality,1,1,sexual:gray,604456,https://opendict.korean.go.kr/dictionary/view?sense_no=604456
시기는 산 개미 똥구멍이다,사람의 행동이 몹시 눈에 거슬림을 비유적으로 이르는 말.,vitality,1,1,,604559,https://opendict.korean.go.kr/dictionary/view?sense_no=604559
신랑 마두에 발괄한다,"신랑을 높은 벼슬아치로 착각하여 신랑이 탄 말의 머리에 대고 억울한 사정을 하소연한다는 뜻으로, 경우에 어긋나는 망측한 행동을 하는 경우를 비유적으로 이르는 말.",vitality,1,1,sexual:gray,612809,https://opendict.korean.go.kr/dictionary/view?sense_no=612809
신 벗고 따라도 못 따른다,어떤 사람의 재주나 능력이 뛰어나서 아무리 힘을 써도 그에 미치지 못하는 경우를 비유적으로 이르는 말.,vitality,1,1,,612745,https://opendict.korean.go.kr/dictionary/view?sense_no=612745
실뱀 한 마리가 온 바다를 흐리게 한다,한 사람의 나쁜 행동이 사회 전체에 악영향을 끼친다는 말. &lt;동의 속담&gt; ‘한 마리 고기가 온 강물을 흐린다’ ‘한 갯물이 열 갯물 흐린다’,vitality,1,1,,612542,https://opendict.korean.go.kr/dictionary/view?sense_no=612542
실컷 부려 먹고 생일날 잡아먹는다,"논밭 일로 소를 실컷 부리고 난 후에 생일이 돌아오면 잡아먹고 만다는 뜻으로, 이해관계에 따라 양심도 버리고 행동함을 이르는 말.",vitality,1,1,,604668,https://opendict.korean.go.kr/dictionary/view?sense_no=604668
실컷 울고 나서 뉘 초상인가 물어본다,"죽었다고 하여 밤새도록 슬피 울었으나 어떤 사람이 죽었는지도 모르고 있다는 뜻으로, 애써 일을 하면서도 그 일의 내용이나 영문을 모르고 맹목적으로 하는 행동을 비꼬는 말. &lt;동의 속담&gt; ‘밤새도록 통곡해도 어느 마누라 초상인지 모른다’ ‘밤새도록 울다가 누가 죽었느냐고 한다’ ‘종야 통곡에 부지(不知) 하(何) 마누라 상사’",vitality,1,1,violent:gray,604669,https://opendict.korean.go.kr/dictionary/view?sense_no=604669
심술이 왕골(王骨) 장골(張骨) 떼라,몹시 심술궂고 행동거지가 고약함을 비유적으로 이르는 말. 왕골과 장골 떼는 심술이 사나운 사람들이었다고 한다.,vitality,1,1,,612934,https://opendict.korean.go.kr/dictionary/view?sense_no=612934
싸움은 말리고 불은 끄랬다,나쁜 일은 중지시켜야 함을 비유적으로 이르는 말.,vitality,1,1,violent:gray,604758,https://opendict.korean.go.kr/dictionary/view?sense_no=604758
싸움은 말리고 흥정은 붙이랬다,나쁜 일은 말리고 좋은 일은 권해야 함을 비유적으로 이르는 말.,vitality,1,1,violent:gray,604759,https://opendict.korean.go.kr/dictionary/view?sense_no=604759
쓴 배[개살구/외]도 맛 들일 탓,모든 일의 좋고 나쁨은 그 일을 하는 사람의 주관에 달려 있음을 비유적으로 이르는 말.,vitality,1,1,sexual:gray,604683,https://opendict.korean.go.kr/dictionary/view?sense_no=604683
아는 데는 똥파리,"똥파리가 용케도 음식이 있는 곳을 알고 달려들듯이, 무슨 일을 재빠르게 알아 가지고 시끄럽게 구는 사람을 비꼬는 말.",vitality,1,1,sexual:gray,604738,https://opendict.korean.go.kr/dictionary/view?sense_no=604738
아닌 밤중에 홍두깨 (내밀듯),별안간 엉뚱한 말이나 행동을 함을 비유적으로 이르는 말. &lt;동의 속담&gt; ‘어두운 밤에 주먹질’ ‘어두운 밤중에 홍두깨 (내밀듯)’ ‘그믐밤에 홍두깨 내민다[내밀듯]’,vitality,1,1,,612838,https://opendict.korean.go.kr/dictionary/view?sense_no=612838
아망위(阿望尉)에 턱을 걸었나,뒤에서 돌보아 주는 힘을 믿고 교만하게 행동하는 경우를 비꼬는 말. ‘아망위’는 조선 태종의 사위를 이르는 말로 전하여 온다.,vitality,1,1,,604763,https://opendict.korean.go.kr/dictionary/view?sense_no=604763
아비 죽은 지 나흘 후에 약을 구한다,매우 행동이 느리고 뜨다는 말.,vitality,1,1,violent:gray,613174,https://opendict.korean.go.kr/dictionary/view?sense_no=613174
악바리 악돌이 악쓴다,무슨 일에나 남에게 굴하지 않고 끈질기게 자신의 고집을 내세우는 경우에 이르는 말.,vitality,1,1,,613180,https://opendict.korean.go.kr/dictionary/view?sense_no=613180
앉은뱅이 뜀뛰듯,노력은 하나 능력이 없어서 좋은 결과를 얻지 못하는 경우를 이르는 말. &lt;동의 속담&gt; ‘앉은뱅이 암만 뛰어도 그 자리에 있다’,vitality,1,1,,613191,https://opendict.korean.go.kr/dictionary/view?sense_no=613191
앉은뱅이 암만 뛰어도 그 자리에 있다,노력은 하나 능력이 없어서 좋은 결과를 얻지 못하는 경우를 이르는 말. &lt;동의 속담&gt; ‘앉은뱅이 뜀뛰듯’,vitality,1,1,,613195,https://opendict.korean.go.kr/dictionary/view?sense_no=613195
앉을 자리 봐 가면서 앉으라,모든 행동을 분별 있고 눈치 있게 하라는 말.,vitality,1,1,,612735,https://opendict.korean.go.kr/dictionary/view?sense_no=612735
알고 있는 일일수록 더욱 명치에 가둬야 한다,말과 행동에 신중을 기해야 함을 비유적으로 이르는 말.,vitality,1,1,,604745,https://opendict.korean.go.kr/dictionary/view?sense_no=604745
압록강이 팥죽이라도 굶어 죽겠다,"압록강이 팥죽이라고 할 만큼 팥죽이 많아도 게을러서 움직이기를 싫어하면 굶어 죽는다는 뜻으로, 몹시 게으른 사람을 비꼬는 말.",vitality,1,1,violent:gray,604855,https://opendict.korean.go.kr/dictionary/view?sense_no=604855
애꿎은 두꺼비 돌에 맞다,남의 분쟁이나 싸움에 관계없는 사람이 뜻밖의 피해를 봄을 비유적으로 이르는 말.,vitality,1,1,violent:gray,613131,https://opendict.korean.go.kr/dictionary/view?sense_no=613131
앵무새는 말 잘하여도 날아다니는 새다,"앵무새는 비록 사람의 흉내를 내서 말을 잘할지라도 하늘을 나는 새에 불과하다는 뜻으로, 말만 잘하고 실천이 조금도 따르지 아니하는 사람을 비꼬는 말.",vitality,1,1,,613105,https://opendict.korean.go.kr/dictionary/view?sense_no=613105
어두운 밤에 눈 깜짝이기,힘만 들이고 아무런 공이 나타나지 아니하게 됨을 비유적으로 이르는 말. &lt;동의 속담&gt; ‘동무 몰래 양식 내기’ ‘절 모르고 시주하기’,vitality,1,1,,613388,https://opendict.korean.go.kr/dictionary/view?sense_no=613388
어두운 밤에 주먹질,별안간 엉뚱한 말이나 행동을 함을 비유적으로 이르는 말. &lt;동의 속담&gt;‘아닌 밤중에 홍두깨 (내밀듯)’ ‘어두운 밤중에 홍두깨 (내밀듯)’  ‘그믐밤에 홍두깨 내민다[내밀듯]’,vitality,1,1,,613390,https://opendict.korean.go.kr/dictionary/view?sense_no=613390
어두운 밤중에 홍두깨 (내밀듯),별안간 엉뚱한 말이나 행동을 함을 비유적으로 이르는 말. &lt;동의 속담&gt;‘아닌 밤중에 홍두깨 (내밀듯)’ ‘어두운 밤에 주먹질’  ‘그믐밤에 홍두깨 내민다[내밀듯]’,vitality,1,1,,613392,https://opendict.korean.go.kr/dictionary/view?sense_no=613392
어둑서니는 올려다볼수록 크다,"밤중에 환각에 의하여 나타나는 어둑서니는 겁을 먹고 올려다보면 볼수록 더욱 커지기만 한다는 뜻으로, 무슨 일을 할 때 겁부터 먹고 하면 점점 더 용기를 잃고 겁을 먹게 됨을 비유적으로 이르는 말.",vitality,1,1,,613394,https://opendict.korean.go.kr/dictionary/view?sense_no=613394
어린아이 가진 떡도 뺏어 먹겠다,하는 행동이 너무나 치사하고 마음에 거슬리는 경우를 비꼬는 말. &lt;동의 속담&gt; ‘코 묻은 떡[돈]이라도 뺏어 먹겠다’,vitality,1,1,sexual:gray,613495,https://opendict.korean.go.kr/dictionary/view?sense_no=613495
어린아이 팔 꺾은 것 같다,잔인하고 참혹한 행동을 비유적으로 이르는 말.,vitality,1,1,,613501,https://opendict.korean.go.kr/dictionary/view?sense_no=613501
어머니가 반중매쟁이가 되어야 딸을 살린다,"딸을 둔 어머니는 중매쟁이가 되다시피 하여야 딸을 시집보낼 수 있다는 뜻으로, 과년한 딸을 가진 어머니는 딸을 시집보내기 위해서 누구보다 애쓰고 뛰어야 한다는 말.",vitality,1,1,violent:gray,613475,https://opendict.korean.go.kr/dictionary/view?sense_no=613475
어미 잃은 송아지,의지할 곳이 없어진 사람을 비유적으로 이르는 말.,vitality,1,1,,613384,https://opendict.korean.go.kr/dictionary/view?sense_no=613384
어사 덕분에 큰기침한다,남의 권세에 의지하여 큰소리침을 비유적으로 이르는 말.,vitality,1,1,,604953,https://opendict.korean.go.kr/dictionary/view?sense_no=604953
어설픈 약국이 사람 죽인다,"의술에 서투른 사람이 치료해 준다고 하다가 사람을 죽이기까지 한다는 뜻으로, 능력이 없어서 제구실을 못하면서 함부로 하다가 큰일을 저지르게 됨을 비유적으로 이르는 말. &lt;동의 속담&gt; ‘선무당이 사람 잡는다[죽인다]’",vitality,1,1,violent:gray,613593,https://opendict.korean.go.kr/dictionary/view?sense_no=613593
억지가 반벌충이다,"실패나 손실에 굴하지 말고, 초지일관으로 밀고 나가라는 말.",vitality,1,1,violent:gray,604863,https://opendict.korean.go.kr/dictionary/view?sense_no=604863
억지가 사촌보다 낫다,남에게 의지하기보다는 억지로라도 자기 힘으로 하는 것이 낫다는 말.,vitality,1,1,,604864,https://opendict.korean.go.kr/dictionary/view?sense_no=604864
얼음 우에 나막신 신고 다니기,어느 순간에 무슨 변을 당할지 모를 만큼 아주 조심스럽고 위태로운 행동을 비유적으로 이르는 말.,vitality,1,1,sexual:gray,604898,https://opendict.korean.go.kr/dictionary/view?sense_no=604898
엑 하면 떽 한다,자기가 남에게 말이나 행동을 좋게 하여야 남도 자기에게 좋게 한다는 말. &lt;동의 속담&gt; ‘가는 말이 고와야 오는 말이 곱다’ ‘가는 떡이 커야 오는 떡이 크다’ ‘가는 정이 있어야 오는 정이 있다’,vitality,1,1,,613274,https://opendict.korean.go.kr/dictionary/view?sense_no=613274
여든에 둥둥이,진취성이 없어 도무지 행동이 시원스럽지 못함을 비유적으로 이르는 말.,vitality,1,1,,613243,https://opendict.korean.go.kr/dictionary/view?sense_no=613243
여우볕에 콩 볶아 먹는다,행동이 매우 민첩함을 비유적으로 이르는 말.,vitality,1,1,sexual:gray|violent:gray,605037,https://opendict.korean.go.kr/dictionary/view?sense_no=605037
열녀전 끼고 서방질하기,겉으로는 깨끗한 체하면서 실제로는 추잡한 행동을 하는 경우를 비꼬는 말.,vitality,1,1,,613506,https://opendict.korean.go.kr/dictionary/view?sense_no=613506
열 번 재고 가위질은 한 번 하라,이모저모로 깊이 생각하고 세심하게 따져 본 다음에 행동에 옮기라는 말. &lt;동의 속담&gt; ‘열 번 재고 가위질하라’,vitality,1,1,sexual:gray,613416,https://opendict.korean.go.kr/dictionary/view?sense_no=613416
열 번 재고 가위질하라,이모저모로 깊이 생각하고 세심하게 따져 본 다음에 행동에 옮기라는 말. &lt;동의 속담&gt; ‘열 번 재고 가위질은 한 번 하라’,vitality,1,1,sexual:gray,613417,https://opendict.korean.go.kr/dictionary/view?sense_no=613417
열 사람 죽으러 가는 데는 가도 한 사람 살러 가는 데는 가지 말라,여러 사람을 희생시키더라도 제 한 목숨만 살겠다고 너절하게 행동하는 사람과는 절대로 상종하지 말라는 말.,vitality,1,1,violent:gray,613420,https://opendict.korean.go.kr/dictionary/view?sense_no=613420
열은 하나를 꾸리지 못해도 하나는 열을 꾸린다,평범한 사람은 아무리 머릿수가 많아도 큰일을 해내기 어렵지만 뛰어난 인물은 많은 사람을 묶어서 큰일을 어렵지 않게 해낸다는 말.,vitality,1,1,,613450,https://opendict.korean.go.kr/dictionary/view?sense_no=613450
열흘 굶어 군자 없다,아무리 착한 사람이라도 몹시 궁하게 되면 못하는 짓이 없게 됨을 비유적으로 이르는 말. &lt;동의 속담&gt; ‘사흘 굶어 도둑질 아니 할 놈 없다’ ‘사흘 굶어 담 아니 넘을 놈 없다’ ‘사흘 굶으면 못할 노릇이 없다’ ‘사흘(을) 굶으면 포도청의 담도 뛰어넘는다’ ‘세끼 굶으면 군자가 없다’,vitality,1,1,,605043,https://opendict.korean.go.kr/dictionary/view?sense_no=605043
옆집 처녀 믿고 장가 안 간다,"옆집 처녀는 생각지도 아니하는데 그와의 결혼을 혼잣속으로 생각하여 장가를 안 간다는 뜻으로, 상대편의 의사는 알지도 못하면서 제 나름대로 생각하여 행동함을 이르는 말.",vitality,1,1,,605064,https://opendict.korean.go.kr/dictionary/view?sense_no=605064
옆집 처녀 믿다가 장가 못 간다,상대편의 의사는 알지도 못하면서 제 나름대로 생각하여 행동하다가 일을 망치는 경우를 비유적으로 이르는 말. &lt;동의 속담&gt; ‘이웃집 색시 믿고 장가 못 든다’,vitality,1,1,sexual:gray,605065,https://opendict.korean.go.kr/dictionary/view?sense_no=605065
오뉴월 똥파리[쉬파리] (끓듯),멀리서도 먹을 것을 잘 알고 달려드는 사람이나 그런 경우를 비유적으로 이르는 말.,vitality,1,1,,613342,https://opendict.korean.go.kr/dictionary/view?sense_no=613342
오뉴월 마파람에 돼지 꼬리 놀듯,일정한 주관이 없이 건들거리는 사람의 행동을 비유적으로 이르는 말.,vitality,1,1,,613344,https://opendict.korean.go.kr/dictionary/view?sense_no=613344
오뉴월(의) 녹두 깝대기[껍데기] 같다,"햇볕에 바짝 말라 조금만 건드려도 탁탁 들고 일어나는 녹두 깝대기 같다는 뜻으로, 매우 신경질적이어서 툭 건드리기만 하여도 쏘는 성미를 이르는 말.",vitality,1,1,violent:gray,613369,https://opendict.korean.go.kr/dictionary/view?sense_no=613369
오리 새끼는 길러 놓으면 물로 가고 꿩 새끼는 산으로 간다,저마다 타고난 바탕대로 행동한다는 말.,vitality,1,1,,605191,https://opendict.korean.go.kr/dictionary/view?sense_no=605191
오목장이 암만 분주해도 제 볼 장만 본다,"크게 선 장이 아무리 분주하고 복잡하여도 장에 온 사람들은 다 제가 목적하고 온 볼일을 보며 돌아간다는 뜻으로, 아무리 어수선하고 복잡한 환경 속에서라도 저마다 제 할 일은 틀림없이 찾아서 하는 침착한 행동을 이르는 말.",vitality,1,1,,605207,https://opendict.korean.go.kr/dictionary/view?sense_no=605207
오입쟁이 헌 갓 쓰고 똥 누기는 예사다,"방탕한 오입쟁이라 헌 갓을 쓰고 똥을 누는 따위의 무례한 행동을 하는 것은 이상할 것이 없다는 뜻으로, 되지못한 자가 못된 짓을 하여도 놀랄 것은 아니라는 말.",vitality,1,1,,613620,https://opendict.korean.go.kr/dictionary/view?sense_no=613620
외며느리 고운 데 없다,며느리가 여럿이면 비교하여서 좋은 점도 찾을 수 있겠으나 외며느리라 그럴 수 없고 또 본디 며느리란 밉게 보이기 마련이라는 말.,vitality,1,1,,613594,https://opendict.korean.go.kr/dictionary/view?sense_no=613594
외상이면 사돈집 소도 잡아먹는다,뒷일은 어떻게 되든지 생각하지 아니하고 우선 당장 좋으면 그만인 것처럼 무턱대고 행동함을 비유적으로 이르는 말. &lt;동의 속담&gt; ‘외상이면 소[당나귀]도 잡아먹는다’,vitality,1,1,,613580,https://opendict.korean.go.kr/dictionary/view?sense_no=613580
외상이면 소[당나귀]도 잡아먹는다,뒷일은 어떻게 되든지 생각하지 아니하고 우선 당장 좋으면 그만인 것처럼 무턱대고 행동함을 비유적으로 이르는 말. &lt;동의 속담&gt; ‘외상이면 사돈집 소도 잡아먹는다’,vitality,1,1,,613581,https://opendict.korean.go.kr/dictionary/view?sense_no=613581
외손자는 업고 친손자는 걸리면서 업은 아이 발 시리다 빨리 가자 한다,"사랑에 있어 경중이 바뀌었다는 뜻으로, 행동에서 주객이 뒤바뀌었음을 이르는 말. &lt;동의 속담&gt; ‘친손자는 걸리고 외손자는 업고 간다’ ‘친손자는 걸리고 외손자는 업고 가면서 업힌 아이 갑갑해한다 빨리 걸으라 한다’",vitality,1,1,sexual:gray,613563,https://opendict.korean.go.kr/dictionary/view?sense_no=613563
외 얽고 벽 친다,"외를 얽은 다음 벽에 흙을 바르는 것이 순서라는 뜻으로, 너무나 분명한 것을 우기는 고집이 센 사람의 행동을 비유적으로 이르는 말.",vitality,1,1,sexual:gray,605212,https://opendict.korean.go.kr/dictionary/view?sense_no=605212
우는 아이 똥 먹이기,인정 없고 심술궂으며 무도한 짓을 비유적으로 이르는 말. &lt;동의 속담&gt; ‘빚값에 계집 뺏기’ ‘늙은 영감 덜미 잡기’ ‘무죄한 놈 뺨 치기’,vitality,1,1,sexual:gray,613658,https://opendict.korean.go.kr/dictionary/view?sense_no=613658
우는 애도 속이 있어 운다,"아무런 이유 없이 우는 아이가 없다는 뜻으로, 겉으로 나타난 행동은 속에 품은 뜻을 표현하는 것임을 이르는 말.",vitality,1,1,,613661,https://opendict.korean.go.kr/dictionary/view?sense_no=613661
우황 든 소 같다,가슴속의 분을 이기지 못하여 어쩔 줄 모르고 괴로워함을 비유적으로 이르는 말.,vitality,1,1,sexual:gray,605329,https://opendict.korean.go.kr/dictionary/view?sense_no=605329
의뭉하기는 노전 대사라,겉으로는 아주 어리석은 듯이 행동하면서도 속은 실속 있게 깐깐하거나 알면서도 모르는 체하는 사람을 비유적으로 이르는 말. &lt;동의 속담&gt; ‘의뭉하기는 음창(陰瘡) 벌레라’,vitality,1,1,sexual:gray|violent:gray,605445,https://opendict.korean.go.kr/dictionary/view?sense_no=605445
의뭉하기는 음창(陰瘡) 벌레라,겉으로는 아주 어리석은 듯이 행동하면서도 속은 실속 있게 깐깐하거나 알면서도 모르는 체하는 사람을 비유적으로 이르는 말. &lt;동의 속담&gt; ‘의뭉하기는 노전 대사라’,vitality,1,1,sexual:gray|violent:gray,605446,https://opendict.korean.go.kr/dictionary/view?sense_no=605446
이기면 충신(이요) 지면 역적(이라),강한 것이 정의(正義)가 된다는 말. &lt;동의 속담&gt; ‘잘되면 충신 못되면 역적이라’,vitality,1,1,,613778,https://opendict.korean.go.kr/dictionary/view?sense_no=613778
이도 아니 나서 콩밥을 씹는다,아직 준비가 안 되고 능력도 없으면서 또는 절차를 넘어서 어려운 일을 하려고 달려듦을 비유적으로 이르는 말. &lt;동의 속담&gt; ‘이도 아니 나서 황밤을 먹는다’ ‘아직 이도 나기 전에 갈비를 뜯는다’ ‘이도 안 난 것이 뼈다귀 추렴하겠단다[추렴한다]’ ‘이 빠진 강아지 언 똥에 덤빈다’,vitality,1,1,,605482,https://opendict.korean.go.kr/dictionary/view?sense_no=605482
이도 아니 나서 황밤을 먹는다,아직 준비가 안 되고 능력도 없으면서 또는 절차를 넘어서 어려운 일을 하려고 달려듦을 비유적으로 이르는 말. &lt;동의 속담&gt; ‘아직 이도 나기 전에 갈비를 뜯는다’ ‘이도 아니 나서 콩밥을 씹는다’ ‘이도 안 난 것이 뼈다귀 추렴하겠단다[추렴한다]’ ‘이 빠진 강아지 언 똥에 덤빈다’,vitality,1,1,,605483,https://opendict.korean.go.kr/dictionary/view?sense_no=605483
이도 안 난 것이 뼈다귀 추렴하겠단다[추렴한다],아직 준비가 안 되고 능력도 없으면서 또는 절차를 넘어서 어려운 일을 하려고 달려듦을 비유적으로 이르는 말. &lt;동의 속담&gt; ‘이도 아니 나서 황밤을 먹는다’ ‘아직 이도 나기 전에 갈비를 뜯는다’ ‘이도 아니 나서 콩밥을 씹는다’ ‘이 빠진 강아지 언 똥에 덤빈다’,vitality,1,1,,605484,https://opendict.korean.go.kr/dictionary/view?sense_no=605484
이 빠진 강아지 언 똥에 덤빈다,아직 준비가 안 되고 능력도 없으면서 또는 절차를 넘어서 어려운 일을 하려고 달려듦을 비유적으로 이르는 말. &lt;동의 속담&gt; ‘이도 아니 나서 황밤을 먹는다’ ‘아직 이도 나기 전에 갈비를 뜯는다’ ‘이도 아니 나서 콩밥을 씹는다’ ‘이도 안 난 것이 뼈다귀 추렴하겠단다[추렴한다]’,vitality,1,1,,605475,https://opendict.korean.go.kr/dictionary/view?sense_no=605475
이웃집 색시 믿고 장가 못 든다,상대편의 의사는 알지도 못하면서 제 나름대로 생각하여 행동하다가 일을 망치는 경우를 비유적으로 이르는 말. &lt;동의 속담&gt; ‘옆집 처녀 믿다가 장가 못 간다’,vitality,1,1,sexual:gray,605410,https://opendict.korean.go.kr/dictionary/view?sense_no=605410
인사 알고 똥 싼다,사리를 아는 사람이 당치 않은 행동을 하는 경우를 비난조로 이르는 말.,vitality,1,1,,614098,https://opendict.korean.go.kr/dictionary/view?sense_no=614098
입술에 침도 마르기 전에 돌아앉는다,서로 약속이나 다짐 따위를 하고 나서 금방 태도를 바꾸어 행동하는 경우를 비유적으로 이르는 말.,vitality,1,1,,613997,https://opendict.korean.go.kr/dictionary/view?sense_no=613997
입에서 젖내가 난다,나이가 어려 하는 말이나 행동이 유치함을 비유적으로 이르는 말.,vitality,1,1,sexual:gray,613960,https://opendict.korean.go.kr/dictionary/view?sense_no=613960
자다가 나는 새가 더 멀리 간다,갑자기 당한 위험에 놀라서 정신없이 하는 행동이 상상할 수 없는 큰 힘을 낸다는 말.,vitality,1,1,,614070,https://opendict.korean.go.kr/dictionary/view?sense_no=614070
자라나는 초목은 꺾지 않는다,젊은이들의 희망찬 포부를 꺾거나 전진을 제재하지 말아야 함을 이르는 말.,vitality,1,1,,614190,https://opendict.korean.go.kr/dictionary/view?sense_no=614190
자라나는 호박에 말뚝 박는다,한창 잘되어 가는 것을 훼방을 놓고 방해하는 심술 사나운 마음이나 행동을 비유적으로 이르는 말.,vitality,1,1,sexual:gray|violent:gray,614191,https://opendict.korean.go.kr/dictionary/view?sense_no=614191
자식 없는 과부,마음 붙이고 의지할 곳이 없어 매우 외로운 신세임을 이르는 말.,vitality,1,1,sexual:gray|violent:gray,605653,https://opendict.korean.go.kr/dictionary/view?sense_no=605653
작년 추석[팔월]에 먹었던 오례송편이 나온다,다른 사람의 아니꼬운 행동에 속이 뒤집힐 것처럼 비위가 상함을 비유적으로 이르는 말.,vitality,1,1,,605819,https://opendict.korean.go.kr/dictionary/view?sense_no=605819
작두날에 올라서겠다,"올라섰다가는 당장 발을 베일 작두날에조차도 당장 올라설 것 같다는 뜻으로, 성미가 날카롭고 결단성이 있음을 비유적으로 이르는 말.",vitality,1,1,sexual:gray,605747,https://opendict.korean.go.kr/dictionary/view?sense_no=605747
작두 밑에 목을 들이미는 격,매우 어리석고 위험한 행동을 하는 경우를 비유적으로 이르는 말.,vitality,1,1,violent:gray,605745,https://opendict.korean.go.kr/dictionary/view?sense_no=605745
작아도 후추알[고추알],몸집이 작은 사람이 큰 사람보다 재주가 뛰어나고 야무짐을 비유적으로 이르는 말. &lt;동의 속담&gt; ‘작은 고추가 더 맵다’ ‘고추는 작아도 맵다’ ‘고추보다 후추가 더 맵다’ ‘대국 고추는 작아도 맵다’ ‘작은 탕관이 이내 뜨거워진다’ ‘후추는 작아도 맵다’ ‘후추는 작아도 진상에만 간다’,vitality,1,1,,614279,https://opendict.korean.go.kr/dictionary/view?sense_no=614279
작은 고추가 더 맵다,몸집이 작은 사람이 큰 사람보다 재주가 뛰어나고 야무짐을 비유적으로 이르는 말. &lt;동의 속담&gt; ‘고추는 작아도 맵다’ ‘고추보다 후추가 더 맵다’ ‘대국 고추는 작아도 맵다’ ‘작아도 후추알[고추알]’ ‘작은 탕관이 이내 뜨거워진다’ ‘후추는 작아도 맵다’ ‘후추는 작아도 진상에만 간다’,vitality,1,1,,614281,https://opendict.korean.go.kr/dictionary/view?sense_no=614281
작은 탕관이 이내 뜨거워진다,몸집이 작은 사람이 큰 사람보다 재주가 뛰어나고 야무짐을 비유적으로 이르는 말. &lt;동의 속담&gt; ‘작은 고추가 더 맵다’ ‘고추는 작아도 맵다’ ‘고추보다 후추가 더 맵다’ ‘대국 고추는 작아도 맵다’ ‘작아도 후추알[고추알]’ ‘후추는 작아도 맵다’ ‘후추는 작아도 진상에만 간다’,vitality,1,1,,614295,https://opendict.korean.go.kr/dictionary/view?sense_no=614295
잔나비 밥 짓듯,조심성 없이 경솔하게 행동하는 경우를 비유적으로 이르는 말.,vitality,1,1,,605625,https://opendict.korean.go.kr/dictionary/view?sense_no=605625
잘 걷던 놈도 말만 보면 타고 가련다,자기 힘만으로 할 수 있는 일도 어떤 유리한 조건이 만들어지면 그것에 의지하고 자신의 힘을 쓰지 아니하려 함을 이르는 말. &lt;동의 속담&gt; ‘걸어가다가도 말만 보면 타고 가자고 한다’,vitality,1,1,,614238,https://opendict.korean.go.kr/dictionary/view?sense_no=614238
잘되면 충신 못되면 역적이라,강한 것이 정의(正義)가 된다는 말. &lt;동의 속담&gt; ‘이기면 충신(이요) 지면 역적(이라)’,vitality,1,1,,614255,https://opendict.korean.go.kr/dictionary/view?sense_no=614255
잘 먹고 잘 입어 못난 놈 없다,"사람이 아무리 못났더라도 잘 입고 잘 먹으면 덩달아 좋아 보이기 마련이란 뜻으로, 생활 형편이나 차림새를 가지고 사람을 평가하는 것은 옳지 못함을 이르는 말.",vitality,1,1,violent:gray,614241,https://opendict.korean.go.kr/dictionary/view?sense_no=614241
잡으라는 처녀는 놓치고 옆집 색시만 넘본다,자신의 처지에 걸맞지 않은 행동을 함을 비유적으로 이르는 말.,vitality,1,1,sexual:gray,605716,https://opendict.korean.go.kr/dictionary/view?sense_no=605716
잡은 꿩 놓아주고 나는 꿩 잡자 한다,객쩍게 어리석은 행동을 하여 헛수고하고 손해를 보았음을 비유적으로 이르는 말.,vitality,1,1,sexual:gray,605717,https://opendict.korean.go.kr/dictionary/view?sense_no=605717
장님에게 눈으로 가리키고 벙어리에게 속삭인다,각각의 일에 합당한 방도를 찾지 못하고 어리석게 행동하여 번번이 실패함을 이르는 말.,vitality,1,1,violent:gray,614334,https://opendict.korean.go.kr/dictionary/view?sense_no=614334
장님이 눈먼 말을 타고 밤중에 물에 들어선다,점점 헤어나기 어려운 불리한 상황으로 뛰어드는 경우를 비유적으로 이르는 말.,vitality,1,1,,614338,https://opendict.korean.go.kr/dictionary/view?sense_no=614338
장마 개구리 호박잎에 뛰어오르듯,귀엽지도 아니한 것이 깡똥하니 올라앉는 경우를 비유적으로 이르는 말.,vitality,1,1,,605601,https://opendict.korean.go.kr/dictionary/view?sense_no=605601
장마에 떠내려가면서도 가물 징조라 한다,아무것도 모르면서 앞일을 예견한다고 주제넘게 장담하는 어리석은 행동을 비꼬는 말.,vitality,1,1,,605609,https://opendict.korean.go.kr/dictionary/view?sense_no=605609
장마철 여름밤에 부나비 덤비듯,매우 성가시게 달려들며 성화를 부리는 모양을 비유적으로 이르는 말.,vitality,1,1,violent:gray,605737,https://opendict.korean.go.kr/dictionary/view?sense_no=605737
잦힌 밥에 흙 퍼붓기,잘되어 가는 일을 심술궂은 행동으로 망치는 경우를 비유적으로 이르는 말. &lt;동의 속담&gt; ‘패는 곡식 이삭 뽑기[빼기]’,vitality,1,1,violent:gray,605755,https://opendict.korean.go.kr/dictionary/view?sense_no=605755
재에 호 춤,"재를 올리며 호나라 춤을 춘다는 뜻으로, 격에 맞지 않는 행동을 하거나 호사를 부려 흉한 경우를 비유적으로 이르는 말.",vitality,1,1,,614213,https://opendict.korean.go.kr/dictionary/view?sense_no=614213
저 걷던 놈도 나만 보면 타고 가려네,없으면 없는 대로 잘 지내다가 눈에 보이기만 하면 시끄럽고 못살게 구는 경우를 비유적으로 이르는 말.,vitality,1,1,,614157,https://opendict.korean.go.kr/dictionary/view?sense_no=614157
적을 잘 알고 자신을 잘 아는 자는 백 번 싸워 백 번 이긴다,적에 대하여 구체적으로 알고 자신의 능력과 힘을 잘 알면 싸움에서 언제나 이길 수 있음을 이르는 말.,vitality,1,1,sexual:gray|violent:gray,614478,https://opendict.korean.go.kr/dictionary/view?sense_no=614478
적을 치려면 적을 알아야 한다,적을 이기려면 적의 실태를 구체적으로 파악한 후에 그에 맞는 전술을 짜고 싸워야 한다는 말.,vitality,1,1,,614479,https://opendict.korean.go.kr/dictionary/view?sense_no=614479
적의 두목도 도적이요 그 졸개도 도적이다,"도적의 우두머리나 졸개나 다 도적이기는 마찬가지라는 뜻으로, 나쁜 짓을 시키는 자나 그것을 받들어 밑에서 하는 자나 나쁘기는 매한가지임을 이르는 말.",vitality,1,1,violent:gray,614476,https://opendict.korean.go.kr/dictionary/view?sense_no=614476
절 모르고 시주하기,힘만 들이고 아무런 공이 나타나지 아니하게 됨을 비유적으로 이르는 말. &lt;동의 속담&gt; ‘동무 몰래 양식 내기’ ‘어두운 밤에 눈 깜짝이기’,vitality,1,1,,605798,https://opendict.korean.go.kr/dictionary/view?sense_no=605798
정신은 다 빠지고 등신만 남다,"정신은 나가고 겉모양만 남았다는 뜻으로, 어떤 사람이 얼떨떨해하고 모자라는 행동을 하는 경우를 비유적으로 이르는 말.",vitality,1,1,,614465,https://opendict.korean.go.kr/dictionary/view?sense_no=614465
정신은 침 뱉고 뒤지 하겠다,"정신이 흐려서 침을 뱉고는 밑을 닦는다는 뜻으로, 정신이 없어 앞뒤가 맞지 아니한 엉뚱한 행동을 하는 경우를 놀림조로 이르는 말. &lt;동의 속담&gt; ‘침 뱉고 밑 씻겠다’",vitality,1,1,,614472,https://opendict.korean.go.kr/dictionary/view?sense_no=614472
정신을 가다듬으면 바위라도 뚫는다,하겠다고 결심하면 못 할 일이 없음을 비유적으로 이르는 말.,vitality,1,1,sexual:gray,614473,https://opendict.korean.go.kr/dictionary/view?sense_no=614473
젖 먹는 강아지 발뒤축 문다,나이 어린 사람이 윗사람을 어려워하지 않고 버릇없이 행동함을 비유적으로 이르는 말.,vitality,1,1,sexual:gray,605832,https://opendict.korean.go.kr/dictionary/view?sense_no=605832
제갈량이 왔다가 울고 가겠다,"지략으로 유명한 제갈량이 상대의 지략에 놀라 자신의 무능을 한탄하여 울고 돌아가겠다는 뜻으로, 지혜와 지략이 매우 뛰어난 사람을 비유적으로 이르는 말.",vitality,1,1,violent:gray,614717,https://opendict.korean.go.kr/dictionary/view?sense_no=614717
제 눈을 제 손으로 우비는 멍청이 신세가 되겠다,스스로 자신의 신세를 망쳐 버릴 수 있는 어리석은 행동을 함을 비유적으로 이르는 말.,vitality,1,1,,614610,https://opendict.korean.go.kr/dictionary/view?sense_no=614610
제 등이 가려워야 긁는다,자기 앞에 어려운 일이 닥쳐야 비로소 그것을 처리하려고 행동한다는 말.,vitality,1,1,,614613,https://opendict.korean.go.kr/dictionary/view?sense_no=614613
제 몸이 중이면 중의 행세를 하라고,자기의 신분을 지켜 분수에 넘치는 행동을 삼가라는 말.,vitality,1,1,,614622,https://opendict.korean.go.kr/dictionary/view?sense_no=614622
제 못 쓰는 것 남 주기 싫어한다,"자기는 못 쓸 것이라도 남 주기는 싫어한다는 뜻으로, 구두쇠같이 옹졸하고 몹시 인색한 사람의 행동을 비유적으로 이르는 말.",vitality,1,1,sexual:gray,605883,https://opendict.korean.go.kr/dictionary/view?sense_no=605883
제 밑 구린 줄은 모르고 남의 탓은 되우 한다,자기에게 있는 결점은 모르고 공연히 남만 탓하는 어리석은 행동을 비유적으로 이르는 말.,vitality,1,1,,614623,https://opendict.korean.go.kr/dictionary/view?sense_no=614623
제 밥 먹고 큰집[상전] 일 한다,"자기 물건을 써 가며 공짜로 큰집 일을 해 주고 있다는 뜻으로, 자기 할 일은 똑똑히 못하면서 주책없이 행동함을 비유적으로 이르는 말.",vitality,1,1,,614634,https://opendict.korean.go.kr/dictionary/view?sense_no=614634
조모숨 열두 번 치고도 남 주기 아까와 딸네를 준다,"남은 것이 거의 없는데도 남 주기 아까워한다는 뜻으로, 무엇이나 남 주기 싫어하고 몹시 인색한 사람의 행동을 비유적으로 이르는 말.",vitality,1,1,sexual:gray,606052,https://opendict.korean.go.kr/dictionary/view?sense_no=606052
조조와 장비는 만나면 싸움,힘이나 수가 엇비슷한 사람끼리 만나기만 하면 승부를 겨룸을 비유적으로 이르는 말.,vitality,1,1,violent:gray,615041,https://opendict.korean.go.kr/dictionary/view?sense_no=615041
족제비 잡으니까 꼬리를 달란다,애써 얻은 것의 가장 긴요한 부분을 염치없이 빼앗으려는 행동을 비꼬는 말. &lt;동의 속담&gt; ‘족제비 잡은 데 꼬리 달라는 격’,vitality,1,1,,614915,https://opendict.korean.go.kr/dictionary/view?sense_no=614915
족제비 잡은 데 꼬리 달라는 격,애써 얻은 것의 가장 긴요한 부분을 염치없이 빼앗으려는 행동을 비꼬는 말. &lt;동의 속담&gt; ‘족제비 잡으니까 꼬리를 달란다’,vitality,1,1,,614916,https://opendict.korean.go.kr/dictionary/view?sense_no=614916
족제비 지나간 곳에 노린내 풍긴다,어떤 부정적인 행동을 하고 간 곳에는 반드시 그 흔적이 남음을 비유적으로 이르는 말.,vitality,1,1,sexual:gray,614918,https://opendict.korean.go.kr/dictionary/view?sense_no=614918
좁쌀알을 대패질해 먹겠다,몹시 잘고 좀스러운 사람의 행동을 비유적으로 이르는 말.,vitality,1,1,violent:gray,614418,https://opendict.korean.go.kr/dictionary/view?sense_no=614418
종야 통곡에 부지(不知) 하(何) 마누라 상사,"죽었다고 하여 밤새도록 슬피 울었으나 어떤 마누라가 죽었는지도 모르고 있다는 뜻으로, 애써 일을 하면서도 그 일의 내용이나 영문을 모르고 맹목적으로 하는 행동을 비꼬는 말. &lt;동의 속담&gt; ‘밤새도록 통곡해도 어느 마누라 초상인지 모른다’ ‘밤새도록 울다가 누가 죽었느냐고 한다’ ‘실컷 울고 나서 뉘 초상인가 물어본다’",vitality,1,1,violent:gray,605924,https://opendict.korean.go.kr/dictionary/view?sense_no=605924
주금에 누룩 장사,"술을 빚거나 파는 것을 금하고 있을 때에 누룩 장사를 한다는 뜻으로, 세상 물정에 어둡고 소견 없는 엉뚱한 행동을 함을 비유적으로 이르는 말. &lt;동의 속담&gt; ‘금주에 누룩 흥정[장사]’",vitality,1,1,,606011,https://opendict.korean.go.kr/dictionary/view?sense_no=606011
주는 떡이니 받아먹고 보자,나중에 어떻게 되든 당장 눈앞에 닥친 이익을 우선 제 것으로 만들어 놓고 보자는 분별없는 행동을 비유적으로 이르는 말.,vitality,1,1,,614893,https://opendict.korean.go.kr/dictionary/view?sense_no=614893
주인 없는 물건 찾기,"임자 없는 물건은 찾아내면 제 것이 되는 만큼 저마다 열을 내어 찾으려 한다는 뜻으로, 먼저 차지하려고 욕심스럽게 달려드는 모양을 비유적으로 이르는 말.",vitality,1,1,sexual:gray,614579,https://opendict.korean.go.kr/dictionary/view?sense_no=614579
죽은 게도 동여매고 먹으라,무슨 일이든지 앞뒤를 잘 살펴서 안전하게 행동하라는 말.,vitality,1,1,violent:gray,614801,https://opendict.korean.go.kr/dictionary/view?sense_no=614801
죽은 아이 코김 쐬듯 한다,"죽은 아이를 놓고 행여나 콧김이 나오는가 하여 쐬어 본다는 뜻으로, 전혀 소용이 없는 행동을 부질없이 하는 경우를 비유적으로 이르는 말.",vitality,1,1,violent:gray,614834,https://opendict.korean.go.kr/dictionary/view?sense_no=614834
죽을 놈이 한배에 탔다,"다 같이 죽을 운명에 있는 사람이 같은 배를 탔다는 뜻으로, 같은 처지에 있는 사람끼리 같이 행동하게 된 경우를 비유적으로 이르는 말.",vitality,1,1,violent:gray,614850,https://opendict.korean.go.kr/dictionary/view?sense_no=614850
중상 아래 반드시 날랜 사람 있다,크게 상을 걸면 뛰어난 재간을 가진 사람이 나선다는 말.,vitality,1,1,,614862,https://opendict.korean.go.kr/dictionary/view?sense_no=614862
쥐구멍으로 통영갓을 굴려 낼 놈,남을 속이는 재주가 놀랄 만큼 약삭빠르고 뛰어난 사람을 비꼬는 말. &lt;동의 속담&gt; ‘개구멍으로 통량갓을 굴려 낼 놈’,vitality,1,1,,606133,https://opendict.korean.go.kr/dictionary/view?sense_no=606133
지는 송사 어데 가서 못 하랴,"송사가 남을 이기려고 하는 것인데 지려고 하는 송사야 어려울 것이 있느냐는 뜻으로, 아무 데서나 손쉽게 할 수 있는 아주 쉬운 일을 비유적으로 이르는 말.",vitality,1,1,,606077,https://opendict.korean.go.kr/dictionary/view?sense_no=606077
지레 약은 참새(가) 방아간 지나간다[지나친다],제 딴에는 똑똑한 체하면서도 실상은 요긴한 것을 빼놓고 행동하는 경우를 비꼬는 말.,vitality,1,1,,615325,https://opendict.korean.go.kr/dictionary/view?sense_no=615325
지름길이 종종길이다,지름길은 가까운 길이기는 하나 결국 종종걸음으로 바삐 서둘러 가는 경우가 많은 길임을 이르는 말.,vitality,1,1,sexual:gray,615104,https://opendict.korean.go.kr/dictionary/view?sense_no=615104
지어먹은 마음이 사흘을 못 간다,일시적인 자극을 받고 한 결심은 오래가지 못함을 이르는 말.,vitality,1,1,sexual:gray,606199,https://opendict.korean.go.kr/dictionary/view?sense_no=606199
진국은 나 먹고 훗국은 너 먹어라,"물을 타지 아니한 진한 국은 내가 먹을 테니 물을 탄 멀건 국은 너나 먹으라는 뜻으로, 제 배나 불리려는 욕심스러운 행동을 하는 경우를 이르는 말.",vitality,1,1,,606180,https://opendict.korean.go.kr/dictionary/view?sense_no=606180
진 꽃은 또 피지만 꺾인 꽃은 다시 피지 못한다,아무리 형편이 어렵더라도 뜻을 굳게 가지고 굽히지 아니하여야 끝내 성공할 수 있음을 비유적으로 이르는 말.,vitality,1,1,sexual:gray|violent:gray,615147,https://opendict.korean.go.kr/dictionary/view?sense_no=615147
진잎죽 먹고 잣죽 트림 한다,"아주 거친 음식을 먹고도 잘 먹은 체하느라고 거드름을 부린다는 뜻으로, 실속은 없으면서 겉모양만 그럴듯하게 꾸미는 행동을 비유적으로 이르는 말. &lt;동의 속담&gt; ‘비짓국 먹고 용트림한다’",vitality,1,1,sexual:gray|violent:gray,606118,https://opendict.korean.go.kr/dictionary/view?sense_no=606118
짓속은 꽹매기 속이다,"하는 짓의 속내가 꽹과리 속과 같다는 뜻으로, 어떤 행동이 요란하나 속은 비어 있는 경우를 이르는 말.",vitality,1,1,violent:gray,606271,https://opendict.korean.go.kr/dictionary/view?sense_no=606271
짚신을 거꾸로 끌다,반가운 사람을 맞으려고 허둥지둥 정신없이 뛰어나가는 경우를 비유적으로 이르는 말.,vitality,1,1,,615222,https://opendict.korean.go.kr/dictionary/view?sense_no=615222
참새가 방아간을 거저 찾아오랴,어떤 행동이든지 다 추구하는 목적이 있음을 비유적으로 이르는 말.,vitality,1,1,sexual:gray,615292,https://opendict.korean.go.kr/dictionary/view?sense_no=615292
참새가 황새걸음 한다,되지도 아니할 일을 주제넘게 흉내 내어 행동함을 비유적으로 이르는 말.,vitality,1,1,sexual:gray,615302,https://opendict.korean.go.kr/dictionary/view?sense_no=615302
처녀가 인정이 헤프면 실수한다,처녀 때에는 남의 꼬임에 넘어가지 말고 야무지게 행동하여야 함을 비유적으로 이르는 말.,vitality,1,1,,606340,https://opendict.korean.go.kr/dictionary/view?sense_no=606340
천리마를 탄 기세로 달리다,"온갖 소극성과 보수주의, 낡고 침체한 것을 불살라 버리고 천리마의 기세로 계속 혁신·전진하여 나간다는 말.",vitality,1,1,,615332,https://opendict.korean.go.kr/dictionary/view?sense_no=615332
천하 장군도 먹어야 맥을 춘다,"천하에 이름날 만큼 용맹하고 뛰어난 장수라도 먹지 아니하고는 힘을 쓸 수 없다는 뜻으로, 먹는 것이 생활의 기본적인 조건임을 강조하여 이르는 말.",vitality,1,1,violent:gray,615311,https://opendict.korean.go.kr/dictionary/view?sense_no=615311
첫날밤에 내소박을 맞다,"사람이 지지리도 못나서 첫날밤에 아내의 구박을 받는다는 뜻으로, 철없고 부실하게 행동함을 이르는 말.",vitality,1,1,sexual:gray,606406,https://opendict.korean.go.kr/dictionary/view?sense_no=606406
첫마수걸이에 외상,무슨 일이 처음부터 꼬이기 시작하는 것이 재수가 없을 징조라는 말.,vitality,1,1,sexual:gray,606304,https://opendict.korean.go.kr/dictionary/view?sense_no=606304
첫애 낳고 나면 평안 감사도 뒤돌아 본다,첫아이를 낳고 나면 여인으로서의 태도나 행동이 떳떳해지며 아름다움도 돋보이고 예뻐진다는 말.,vitality,1,1,,606249,https://opendict.korean.go.kr/dictionary/view?sense_no=606249
청산이 늙겠다,하는 일이 더디고 굼뜬 사람이나 하는 일 없이 놀고 지내는 건달의 행동을 핀잔하는 말.,vitality,1,1,,606244,https://opendict.korean.go.kr/dictionary/view?sense_no=606244
초달에 매워 살다,매질이 무서워 마지못해 행동하는 경우를 이르는 말.,vitality,1,1,violent:gray,615401,https://opendict.korean.go.kr/dictionary/view?sense_no=615401
초상난 데 춤추기,때와 장소를 분별하지 못하고 경망스럽게 행동하는 경우를 비유적으로 이르는 말. &lt;동의 속담&gt; ‘초상술에 권주가 부른다’,vitality,1,1,,615501,https://opendict.korean.go.kr/dictionary/view?sense_no=615501
초상술에 권주가 부른다,때와 장소를 분별하지 못하고 경망스럽게 행동하는 경우를 비유적으로 이르는 말. &lt;동의 속담&gt; ‘초상난 데 춤추기’,vitality,1,1,,615504,https://opendict.korean.go.kr/dictionary/view?sense_no=615504
초저녁 닭이 울다,"새벽에 울어야 할 수탉이 초저녁에 운다는 뜻으로, 일의 앞뒤와 이치도 모르고 마구 행동하는 경우를 비유적으로 이르는 말.",vitality,1,1,,606355,https://opendict.korean.go.kr/dictionary/view?sense_no=606355
충주 결은 고비,"충주의 어느 부호가 돌아가신 부모의 제사 때에 쓴 지방(紙榜)을 때마다 불살라 버리기 아깝다 하여 기름으로 결어서 해마다 제사 때면 꺼내 썼다는 이야기에서 나온 말로, 매우 인색하고 이기적인 사람을 비유적으로 이르는 말. &lt;동의 속담&gt; ‘충주 자린고비’",vitality,1,1,sexual:gray|violent:gray,615452,https://opendict.korean.go.kr/dictionary/view?sense_no=615452
충주 자린고비,"충주의 어느 부호가 돌아가신 부모의 제사 때에 쓴 지방(紙榜)을 때마다 불살라 버리기 아깝다 하여 기름으로 결어서 해마다 제사 때면 꺼내 썼다는 이야기에서 나온 말로, 매우 인색하고 이기적인 사람을 비유적으로 이르는 말. &lt;동의 속담&gt; ‘충주 결은 고비’",vitality,1,1,sexual:gray|violent:gray,615454,https://opendict.korean.go.kr/dictionary/view?sense_no=615454
치고 보니 삼촌이라,어떤 행동을 하고 나서 알고 보니 매우 실례되는 일이었음을 비유적으로 이르는 말.,vitality,1,1,sexual:gray|violent:gray,615436,https://opendict.korean.go.kr/dictionary/view?sense_no=615436
친손자는 걸리고 외손자는 업고 가면서 업힌 아이 갑갑해한다 빨리 걸으라 한다,"사랑에 있어 경중이 바뀌었다는 뜻으로, 행동에서 주객이 뒤바뀌었음을 이르는 말. &lt;동의 속담&gt; ‘친손자는 걸리고 외손자는 업고 간다’ ‘외손자는 업고 친손자는 걸리면서 업은 아이 발 시리다 빨리 가자 한다’",vitality,1,1,sexual:gray,606317,https://opendict.korean.go.kr/dictionary/view?sense_no=606317
친손자는 걸리고 외손자는 업고 간다,"사랑에 있어 경중이 바뀌었다는 뜻으로, 행동에서 주객이 뒤바뀌었음을 이르는 말. &lt;동의 속담&gt; ‘외손자는 업고 친손자는 걸리면서 업은 아이 발 시리다 빨리 가자 한다’ ‘친손자는 걸리고 외손자는 업고 가면서 업힌 아이 갑갑해한다 빨리 걸으라 한다’",vitality,1,1,sexual:gray,606319,https://opendict.korean.go.kr/dictionary/view?sense_no=606319
칠성판에서 뛰어 났다,죽을 처지에 놓여 있다가 살아났음을 비유적으로 이르는 말.,vitality,1,1,sexual:gray|violent:gray,615589,https://opendict.korean.go.kr/dictionary/view?sense_no=615589
칠 홉 송장,정신이 흐리멍덩하고 행동이 반편 같은 사람을 비난조로 이르는 말.,vitality,1,1,,606501,https://opendict.korean.go.kr/dictionary/view?sense_no=606501
침 뱉고 밑 씻겠다,"정신이 흐려서 침을 뱉고는 밑을 닦는다는 뜻으로, 정신이 없어 앞뒤가 맞지 아니한 엉뚱한 행동을 하는 경우를 놀림조로 이르는 말. &lt;동의 속담&gt; ‘정신은 침 뱉고 뒤지 하겠다’",vitality,1,1,,606484,https://opendict.korean.go.kr/dictionary/view?sense_no=606484
칼부림을 즐기는 자는 칼[칼부림]에 죽는다,무력을 휘두르기를 좋아하는 사람은 그 행동에 해당하는 보복을 받게 된다는 말.,vitality,1,1,violent:gray,615505,https://opendict.korean.go.kr/dictionary/view?sense_no=615505
칼을 뽑고는 그대로 집에 꽂지 않는다,무슨 일이든 한번 결심하고 나면 끝장을 보고야 맒을 비유적으로 이르는 말.,vitality,1,1,violent:gray,615433,https://opendict.korean.go.kr/dictionary/view?sense_no=615433
코 묻은 떡[돈]이라도 뺏어 먹겠다,하는 행동이 너무나 치사하고 마음에 거슬리는 경우를 비꼬는 말. &lt;동의 속담&gt; ‘어린아이 가진 떡도 뺏어 먹겠다’,vitality,1,1,sexual:gray,615566,https://opendict.korean.go.kr/dictionary/view?sense_no=615566
콩밭에 가서 두부 찾는다,몹시 성급하게 행동함을 비유적으로 이르는 말. &lt;동의 속담&gt; ‘콩밭에 간수 치겠다’,vitality,1,1,,606540,https://opendict.korean.go.kr/dictionary/view?sense_no=606540
콩밭에 간수 치겠다,몹시 성급하게 행동함을 비유적으로 이르는 말. &lt;동의 속담&gt; ‘콩밭에 가서 두부 찾는다’,vitality,1,1,,606541,https://opendict.korean.go.kr/dictionary/view?sense_no=606541
큰 나무 밑에 작은 나무 큰지 모른다,크거나 뛰어나게 우수한 것과 나란히 있게 되어 그 우월성이 드러나기 힘듦을 비유적으로 이르는 말.,vitality,1,1,,615614,https://opendict.korean.go.kr/dictionary/view?sense_no=615614
키 크고 묽지 않은 놈 없다,키 큰 사람의 행동은 야무지지 못하고 싱겁다는 말. &lt;동의 속담&gt; ‘키 크고 싱겁지 않은 사람 없다’,vitality,1,1,,606551,https://opendict.korean.go.kr/dictionary/view?sense_no=606551
키 크고 속 없다,"허우대는 큰데 내용이 없거나 하는 짓이 실속 없다는 뜻으로, 키가 큰 데 비하여 생각이나 행동이 허술함을 이르는 말.",vitality,1,1,,606552,https://opendict.korean.go.kr/dictionary/view?sense_no=606552
키 크고 싱겁지 않은 사람 없다,키 큰 사람의 행동은 야무지지 못하고 싱겁다는 말. &lt;동의 속담&gt; ‘키 크고 묽지 않은 놈 없다’,vitality,1,1,,606553,https://opendict.korean.go.kr/dictionary/view?sense_no=606553
턱 떨어진 광대,의지할 데가 없어 꼼짝을 못하게 됨을 비유적으로 이르는 말. &lt;동의 속담&gt; ‘광대 끈 떨어졌다’ ‘끈 떨어진 뒤웅박[갓/둥우리/망석중이]’,vitality,1,1,,615877,https://opendict.korean.go.kr/dictionary/view?sense_no=615877
털도 안 뜯고 먹겠다 한다,너무 성급히 행동함을 비유적으로 이르는 말.,vitality,1,1,,615696,https://opendict.korean.go.kr/dictionary/view?sense_no=615696
토끼가 제 방귀에 놀란다,행동이나 말이 가볍고 방정맞음을 비유적으로 이르는 말.,vitality,1,1,sexual:gray,615718,https://opendict.korean.go.kr/dictionary/view?sense_no=615718
파리한 강아지 꽁지 치레하듯,"빼빼 마른 강아지가 앙상한 몰골은 생각하지 아니하고 꽁지만 치장한다는 뜻으로, 본바탕이 좋지 아니한 것은 헤아리지 아니하고 지엽적인 것만을 요란스럽게 꾸미는 어리석은 행동을 하는 경우를 비꼬는 말.",vitality,1,1,,606615,https://opendict.korean.go.kr/dictionary/view?sense_no=606615
팔자는 길들이기로 간다,습관이 천성이 되어 사람의 일생을 좌우할 수 있다는 말.,vitality,1,1,,615894,https://opendict.korean.go.kr/dictionary/view?sense_no=615894
패는 곡식 이삭 뽑기[빼기],잘되어 가는 일을 심술궂은 행동으로 망치는 경우를 비유적으로 이르는 말. &lt;동의 속담&gt; ‘잦힌 밥에 흙 퍼붓기’,vitality,1,1,violent:gray,606599,https://opendict.korean.go.kr/dictionary/view?sense_no=606599
평생의 지팽이,"평생 동안 의지해야 할 대상이라는 뜻으로, 일생을 같이 살아야 할 부부를 비유적으로 이르는 말.",vitality,1,1,,615853,https://opendict.korean.go.kr/dictionary/view?sense_no=615853
평시에 먹은 마음 취중에 나온다,"평소 생각하던 것을 술에 취한 김에 한다는 뜻으로, 술에 취하게 되면 평소 가졌던 생각이 말이나 행동으로 나타남을 이르는 말. &lt;동의 속담&gt; ‘상시에 먹은 마음 취중에 난다’ ‘생시에 먹은 마음 취중에 나온다’",vitality,1,1,sexual:gray,616144,https://opendict.korean.go.kr/dictionary/view?sense_no=616144
평양 병정의 발싸개 같다,물건이 더럽거나 행동이 천함을 비유적으로 이르는 말.,vitality,1,1,,616142,https://opendict.korean.go.kr/dictionary/view?sense_no=616142
포수 집 강아지 범 무서운 줄 모르듯,큰 세력을 등에 업고 주제넘게 행동함을 비꼬는 말.,vitality,1,1,,615847,https://opendict.korean.go.kr/dictionary/view?sense_no=615847
푸른 소에 돌 던지듯,"깊어서 푸르게 보이는 소(沼)에 돌을 던져 봐야 아무 흔적도 남지 않는다는 뜻으로, 쓸데없는 행동으로 아무런 이익도 없이 공연한 짓을 함을 비유적으로 이르는 말.",vitality,1,1,,615989,https://opendict.korean.go.kr/dictionary/view?sense_no=615989
푸석돌에 불 난다,"불이 날 리가 없는 푸석돌에 불이 난다는 뜻으로, 노력과 수단이 뛰어나면 무엇이든 이룰 수 있음을 비유적으로 이르는 말.",vitality,1,1,sexual:gray,606643,https://opendict.korean.go.kr/dictionary/view?sense_no=606643
하나를 보고도 열 백을 헤아리다,하나의 개별적인 사실이나 현상을 보고도 그와 관련된 전반적인 실태나 본질을 환히 꿰뚫어 볼 만큼 통찰력이 뛰어나다는 말.,vitality,1,1,,615966,https://opendict.korean.go.kr/dictionary/view?sense_no=615966
하루 죽을 줄은 모르고 열흘 살 줄만 안다,언제 죽을지 모르는 덧없는 세상에서 자기만은 얼마든지 오래 살 것처럼 행동하는 사람을 보고 이르는 말.,vitality,1,1,violent:gray,615945,https://opendict.korean.go.kr/dictionary/view?sense_no=615945
학도 아니고 봉도 아니고,"아무것도 아니라는 뜻으로, 행동이 분명하지 아니하거나 사람이 뚜렷하지 못한 경우를 비난조로 이르는 말.",vitality,1,1,,606745,https://opendict.korean.go.kr/dictionary/view?sense_no=606745
학이 곡곡 하고 우니 황새도 곡곡 하고 운다,남이 하는 대로 무턱대고 자기도 하겠다고 따라나서는 주책없는 행동을 비유적으로 이르는 말. &lt;동의 속담&gt; ‘새 오리 장가가면 헌 오리 나도 한다’,vitality,1,1,,606746,https://opendict.korean.go.kr/dictionary/view?sense_no=606746
한강에 배 지나간 자리 있나,어떤 행동의 흔적이 남지 아니한다는 말.,vitality,1,1,,606722,https://opendict.korean.go.kr/dictionary/view?sense_no=606722
한 갯물이 열 갯물 흐린다,한 사람의 나쁜 행동이 사회 전체에 악영향을 끼친다는 말. &lt;동의 속담&gt; ‘한 마리 고기가 온 강물을 흐린다’ ‘실뱀 한 마리가 온 바다를 흐리게 한다’,vitality,1,1,,615751,https://opendict.korean.go.kr/dictionary/view?sense_no=615751
한 달 싸우기 위해 팔 년 양병한다,무슨 일이나 확실한 성공을 거두기 위하여서는 준비에 많은 공을 들여야 한다는 말.,vitality,1,1,,615764,https://opendict.korean.go.kr/dictionary/view?sense_no=615764
한 마리 고기가 온 강물을 흐린다,한 사람의 나쁜 행동이 사회 전체에 악영향을 끼친다는 말. &lt;동의 속담&gt; ‘실뱀 한 마리가 온 바다를 흐리게 한다’ ‘한 갯물이 열 갯물 흐린다’,vitality,1,1,,615772,https://opendict.korean.go.kr/dictionary/view?sense_no=615772
한 바리에 실으면 바가 터지겠다,하는 말이나 행동이 분수없이 지나침을 비유적으로 이르는 말.,vitality,1,1,,615781,https://opendict.korean.go.kr/dictionary/view?sense_no=615781
한 번 벼르지 말고 열 번 치라,말로만 벼르지 말고 실제 행동으로 옮기라는 말.,vitality,1,1,,615793,https://opendict.korean.go.kr/dictionary/view?sense_no=615793
한 손뼉이 울지 못한다,상대가 없이 혼자서는 싸움이 되지 아니한다는 말. &lt;동의 속담&gt; ‘한 손으로는 손뼉을 못 친다’,vitality,1,1,violent:gray,615806,https://opendict.korean.go.kr/dictionary/view?sense_no=615806
한 손으로는 손뼉을 못 친다,상대가 없이 혼자서는 싸움이 되지 아니한다는 말. &lt;동의 속담&gt; ‘한 손뼉이 울지 못한다’,vitality,1,1,violent:gray,615807,https://opendict.korean.go.kr/dictionary/view?sense_no=615807
함정에서 뛰어 난 범,거의 죽게 된 위험한 고비에서 빠져나와 다시 살게 되어 좋아서 날뛰는 모습을 비유적으로 이르는 말.,vitality,1,1,violent:gray,616337,https://opendict.korean.go.kr/dictionary/view?sense_no=616337
현인은 복을 내리고 악인은 재앙을 만난다,어질게 행동하고 악한 짓을 하지 말라는 말.,vitality,1,1,,615896,https://opendict.korean.go.kr/dictionary/view?sense_no=615896
호박(을) 쓰고 돼지 굴로 들어간다,"돼지가 좋아하는 호박을 쓰고 돼지 굴로 들어간다는 뜻으로, 아무런 방비 없이 위험에 뛰어들어 스스로 멸망의 길로 감을 비유적으로 이르는 말.",vitality,1,1,,616129,https://opendict.korean.go.kr/dictionary/view?sense_no=616129
호박잎에 청개구리 뛰어오르듯,나이 적은 사람이 나이 많은 사람에게 버릇없이 구는 경우를 비유적으로 이르는 말.,vitality,1,1,,616250,https://opendict.korean.go.kr/dictionary/view?sense_no=616250
혼자 꿈꾸고 해몽한다,누구도 모르게 저 혼자서 결심하고 일을 처리함을 비유적으로 이르는 말.,vitality,1,1,,616087,https://opendict.korean.go.kr/dictionary/view?sense_no=616087
화가 홀아비 동심(動心)하듯,화가 불끈 일어나는 모양을 비유적으로 이르는 말.,vitality,1,1,,606929,https://opendict.korean.go.kr/dictionary/view?sense_no=606929
효자 노릇을 할래도 부모가 받아 줘야 한다,아무리 성의와 정성을 다하여도 그것을 받아 주는 태도가 없다면 그 행동이 빛이 날 수 없다는 말.,vitality,1,1,,616253,https://opendict.korean.go.kr/dictionary/view?sense_no=616253
후추는 작아도 맵다,몸집이 작은 사람이 큰 사람보다 재주가 뛰어나고 야무짐을 비유적으로 이르는 말. &lt;동의 속담&gt; ‘작은 고추가 더 맵다’ ‘고추는 작아도 맵다’ ‘고추보다 후추가 더 맵다’ ‘대국 고추는 작아도 맵다’ ‘작아도 후추알[고추알]’ ‘작은 탕관이 이내 뜨거워진다’ ‘후추는 작아도 진상에만 간다’,vitality,1,1,,607009,https://opendict.korean.go.kr/dictionary/view?sense_no=607009
후추는 작아도 진상에만 간다,몸집이 작은 사람이 큰 사람보다 재주가 뛰어나고 야무짐을 비유적으로 이르는 말. &lt;동의 속담&gt; ‘작은 고추가 더 맵다’ ‘고추는 작아도 맵다’ ‘고추보다 후추가 더 맵다’ ‘대국 고추는 작아도 맵다’ ‘작아도 후추알[고추알]’ ‘작은 탕관이 이내 뜨거워진다’ ‘후추는 작아도 맵다’,vitality,1,1,,607010,https://opendict.korean.go.kr/dictionary/view?sense_no=607010
후추를 통째로 삼킨다,속 내용은 모르고 겉 형식만 취하는 어리석은 행동을 비꼬는 말.,vitality,1,1,,607011,https://opendict.korean.go.kr/dictionary/view?sense_no=607011
흙으로 만든 부처가 내를 건느랴,되지도 않을 무모한 행동을 함을 놀림조로 이르는 말.,vitality,1,1,,616449,https://opendict.korean.go.kr/dictionary/view?sense_no=616449
흥정은 붙이고 싸움은 말리랬다,좋은 일은 도와주고 궂은일은 말리라는 말.,vitality,1,1,violent:gray,616399,https://opendict.korean.go.kr/dictionary/view?sense_no=616399
희기가 까치 배 바닥 같다,말이나 행동을 희떱게 하는 모양을 비유적으로 이르는 말.,vitality,1,1,,607022,https://opendict.korean.go.kr/dictionary/view?sense_no=607022
힘쓰기보다 꾀쓰기가 낫다,힘으로 우겨 달려들기보다 꾀를 써서 처리함이 손쉽다는 말.,vitality,1,1,,607059,https://opendict.korean.go.kr/dictionary/view?sense_no=607059
사내가 우비하고 거짓말은 가지고 다녀야 한다,"남자가 비 올 때 쓸 우비와 급할 때 둘러댈 거짓말을 갖추고 다녀야 한다는 뜻으로, 남자가 처세하려면 거짓말도 필요함을 이르는 말. &lt;동의 속담&gt; ‘사내자식 길 나설 때 갈모 하나 거짓말 하나는 가지고 나서야 한다’",wisdom,3,6,sexual:gray,603796,https://opendict.korean.go.kr/dictionary/view?sense_no=603796
사내자식 길 나설 때 갈모 하나 거짓말 하나는 가지고 나서야 한다,"남자가 비 올 때 쓸 갈모와 급할 때 둘러댈 거짓말을 갖추고 다녀야 한다는 뜻으로, 남자가 처세하려면 거짓말도 필요함을 이르는 말. &lt;동의 속담&gt; ‘사내가 우비하고 거짓말은 가지고 다녀야 한다’",wisdom,3,6,sexual:gray,603802,https://opendict.korean.go.kr/dictionary/view?sense_no=603802
대학을 가르칠라,미련한 자가 어리석은 말을 함을 비유적으로 이르는 말. 옛날에 한 농부가 촌 선생에게서 ≪대학≫을 배우다가 답답하여 공부를 단념하고 돌아가서 밭을 갈다가 소가 말을 듣지 않자 소에게 “≪대학≫을 가르칠까 보다.”라고 하였다는 말에서 유래한다.,wisdom,3,5,,609059,https://opendict.korean.go.kr/dictionary/view?sense_no=609059
셈 센 아버지가 참는다,"사물을 분별하는 슬기가 더 많은 아버지가 어리석은 자식의 말에 참는다는 뜻으로, 사리를 모르고 떠드는 사람에게 점잖은 이가 도리어 참는다는 말.",wisdom,3,5,,612144,https://opendict.korean.go.kr/dictionary/view?sense_no=612144
무식은 멸망이다,무식한 것은 자기를 망칠 뿐 아니라 나라와 민족에도 해가 됨을 이르는 말.,wisdom,3,4,,610109,https://opendict.korean.go.kr/dictionary/view?sense_no=610109
백성을 멀리하면 나라가 망한다,국민의 의사와 이익을 존중하지 않으면 나라까지도 위태롭게 된다는 말.,wisdom,3,4,,610821,https://opendict.korean.go.kr/dictionary/view?sense_no=610821
백성의 입 막기는 내 막기보다 힘들다[어렵다],"백성들 속에서 일어나는 사회적 여론을 막는 것은 흐르는 냇물을 막기보다도 어렵다는 뜻으로, 국민의 여론이나 소문을 막을 수 없음을 비유적으로 이르는 말.",wisdom,3,4,sexual:gray,610822,https://opendict.korean.go.kr/dictionary/view?sense_no=610822
벌도 법이 있지,"벌과 같은 곤충의 생활에도 일정한 질서가 있는데 하물며 사람에게 제도와 질서가 없을 수 있겠느냐는 뜻으로, 인간 사회의 무법함을 이르는 말.",wisdom,3,4,violent:gray,603414,https://opendict.korean.go.kr/dictionary/view?sense_no=603414
대궐 역사는 한이 없다,대궐 짓는 일과 같은 나라의 일은 끝이 없어 백성들이 늘 고생이라는 말.,wisdom,3,3,,602139,https://opendict.korean.go.kr/dictionary/view?sense_no=602139
대포로 참새를 쏘는 격,보잘것없는 일이나 사물 때문에 엄청나게 큰 대책을 세우며 야단법석을 떠는 것을 비유적으로 이르는 말.,wisdom,3,3,,602179,https://opendict.korean.go.kr/dictionary/view?sense_no=602179
말은 바른대로 하고 큰 고기는 내 앞에 놓아라,거짓말을 하거나 남을 속이려 하지 말고 솔직하게 털어놓으라고 이르는 말.,wisdom,3,3,,609759,https://opendict.korean.go.kr/dictionary/view?sense_no=609759
소경 매질하듯[팔매질하듯],옳고 그름을 판단할 줄도 모르는 사람이 젠체하고 남을 비판하는 경우를 비유적으로 이르는 말.,wisdom,3,3,violent:gray,611944,https://opendict.korean.go.kr/dictionary/view?sense_no=611944
하늬바람이 사흘 불면 통천하를 다 불다,위로부터 실시되는 정치적 조치나 시책이 매우 빨리 온 나라의 하부까지 전달되어 집행됨을 비유적으로 이르는 말.,wisdom,3,3,violent:gray,606730,https://opendict.korean.go.kr/dictionary/view?sense_no=606730
아내에게 한 말은 나도 소에게 한 말은 나지 않는다,"소에게는 무슨 말을 하여도 절대로 다시 옮기는 일이 없어 새어 나가지 아니하지만 처나 가까운 가족에게 한 말은 어김없이 새어 나가기 마련이라는 뜻으로, 아무리 다정한 사이라도 말을 조심하여서 가려 하여야 함을 비유적으로 이르는 말. &lt;동의 속담&gt; ‘소더러 한 말은 안 나도 처더러 한 말은 난다’ ‘소 앞에서 한 말은 안 나도 어미[아버지] 귀에 한 말은 난다’ ‘어미한테 한 말은 나고 소한테 한 말은 안 난다’",wisdom,2,11,sexual:gray,604713,https://opendict.korean.go.kr/dictionary/view?sense_no=604713
어미한테 한 말은 나고 소한테 한 말은 안 난다,"가까운 가족에게 한 말은 어김없이 새어 나가기 마련이지만 소에게는 무슨 말을 하여도 절대로 다시 옮기는 일이 없어 새어 나가지 아니한다는 뜻으로, 아무리 다정한 사이라도 말을 조심하여서 가려 하여야 함을 비유적으로 이르는 말. &lt;동의 속담&gt; ‘소더러 한 말은 안 나도 처더러 한 말은 난다’ ‘소 앞에서 한 말은 안 나도 어미[아버지] 귀에 한 말은 난다’ ‘아내에게 한 말은 나도 소에게 한 말은 나지 않는다’",wisdom,2,11,sexual:gray,613387,https://opendict.korean.go.kr/dictionary/view?sense_no=613387
부른 배 고픈 건 더 답답하다,"아이를 밴 여자는 남 보기에 배부른 것 같으므로 실지 배가 고파도 아무도 그 사정을 몰라주어 답답하다는 뜻으로, 속사정을 몰라주어 매우 답답한 경우를 비유적으로 이르는 말.",wisdom,2,7,violent:gray,603616,https://opendict.korean.go.kr/dictionary/view?sense_no=603616
나라 없는 백성은 금수보다도 못하다,나라가 없는 백성의 처지가 몹시 고달프고 힘듦을 비유적으로 이르는 말. &lt;동의 속담&gt; ‘나라 없는 백성은 상가집 개만도 못하다’,wisdom,2,6,,608018,https://opendict.korean.go.kr/dictionary/view?sense_no=608018
나라 없는 백성은 상가집 개만도 못하다,나라가 없는 백성의 처지가 몹시 고달프고 힘듦을 비유적으로 이르는 말. &lt;동의 속담&gt; ‘나라 없는 백성은 금수보다도 못하다’,wisdom,2,6,,608019,https://opendict.korean.go.kr/dictionary/view?sense_no=608019
거짓말도 잘만 하면 논 닷 마지기보다 낫다,"거짓말도 경우에 따라서는 처세에 도움이 될 수 있으니, 사람은 아무쪼록 말을 잘해야 한다는 말. &lt;동의 속담&gt; ‘거짓말도 잘하면 오려논 닷 마지기보다 낫다’",wisdom,2,4,,607531,https://opendict.korean.go.kr/dictionary/view?sense_no=607531
거짓말도 잘하면 오려논 닷 마지기보다 낫다,"거짓말도 경우에 따라서는 처세에 도움이 될 수 있으니, 사람은 아무쪼록 말을 잘해야 한다는 말. &lt;동의 속담&gt; ‘거짓말도 잘만 하면 논 닷 마지기보다 낫다’",wisdom,2,4,,607532,https://opendict.korean.go.kr/dictionary/view?sense_no=607532
백성이 있어야 관청도 있다,"관청과 같은 통치 기구도 백성이 있는 조건에서 존재한다는 뜻으로, 백성들을 너무 못살게 굴어서는 안 된다는 것을 비유적으로 이르는 말.",wisdom,2,4,,610823,https://opendict.korean.go.kr/dictionary/view?sense_no=610823
살은 쏘고 주워도 말은 하고 못 줍는다,"화살은 쏘아도 찾을 수 있으나 말은 다시 수습할 수 없다는 뜻으로, 말을 삼가야 한다는 말. &lt;동의 속담&gt; ‘쌀은 쏟고 주워도 말은 하고 못 줍는다’",wisdom,2,4,,603931,https://opendict.korean.go.kr/dictionary/view?sense_no=603931
쌀은 쏟고 주워도 말은 하고 못 줍는다,"쌀은 쏟아도 주울 수 있으나 말은 다시 수습할 수 없다는 뜻으로, 말을 삼가야 한다는 말. &lt;동의 속담&gt; ‘살은 쏘고 주워도 말은 하고 못 줍는다’",wisdom,2,4,,612819,https://opendict.korean.go.kr/dictionary/view?sense_no=612819
여자의 말은 잘 들어도 패가하고 안 들어도 망신한다,여자의 말은 적당하게 들어야 함을 비유적으로 이르는 말.,wisdom,2,4,violent:gray,604970,https://opendict.korean.go.kr/dictionary/view?sense_no=604970
가루는 칠수록 고와지고 말은 할수록 거칠어진다,가루는 체에 칠수록 고와지지만 말은 길어질수록 시비가 붙을 수 있고 마침내는 말다툼까지 가게 되니 말을 삼가라는 말.,wisdom,2,3,,607034,https://opendict.korean.go.kr/dictionary/view?sense_no=607034
거짓말은 도둑놈 될 장본,거짓말하는 버릇이 도둑질의 시초라는 말.,wisdom,2,3,,607533,https://opendict.korean.go.kr/dictionary/view?sense_no=607533
거짓말하고 뺨 맞는 것보다 낫다,좀 무안하더라도 사실을 사실대로 말해야지 거짓말을 하면 안 된다는 말.,wisdom,2,3,,607535,https://opendict.korean.go.kr/dictionary/view?sense_no=607535
계집의 말은 오뉴월 서리가 싸다,여자가 앙심을 품고 하는 악담은 오뉴월에 서리를 치게 하는 것보다 매섭고 독하여 사람들의 마음을 싸늘하게 만든다는 말. &lt;동의 속담&gt; ‘계집의 악담은 오뉴월에 서리 온 것 같다’ ‘여자의 악담에는 오뉴월에도 서리가 온다’,wisdom,2,3,sexual:gray|violent:gray,600967,https://opendict.korean.go.kr/dictionary/view?sense_no=600967
계집의 악담은 오뉴월에 서리 온 것 같다,여자가 앙심을 품고 하는 악담은 오뉴월에 서리를 치게 할 만큼 매섭고 독하여 사람들의 마음을 싸늘하게 만든다는 말. &lt;동의 속담&gt; ‘계집의 말은 오뉴월 서리가 싸다’ ‘여자의 악담에는 오뉴월에도 서리가 온다’,wisdom,2,3,sexual:gray|violent:gray,600969,https://opendict.korean.go.kr/dictionary/view?sense_no=600969
"고기는 씹어야 맛이요, 말은 해야 맛이라","고기의 참맛을 알려면 겉만 핥을 것이 아니라 자꾸 씹어야 하듯이, 하고 싶은 말이나 해야 할 말은 시원히 다 해 버려야 좋다는 말.",wisdom,2,3,,607734,https://opendict.korean.go.kr/dictionary/view?sense_no=607734
군말이 많으면 쓸 말이 적다,"하지 않아도 될 말을 이것저것 많이 늘어놓으면 그만큼 쓸 말은 적어진다는 뜻으로, 말을 삼가라는 말. &lt;동의 속담&gt; ‘말이 많으면 실언이 많다’ ‘말이 많으면 쓸 말이 적다’",wisdom,2,3,,607789,https://opendict.korean.go.kr/dictionary/view?sense_no=607789
굶어 죽어도 종자는 베고 죽는다,"죽으면서도 농사지을 종자는 먹지 않고 남겼다는 뜻으로, 답답할 정도로 어리석고 인색하기만 한 사람을 비유적으로 이르는 말. &lt;동의 속담&gt; ‘농사꾼이 (굶어) 죽어도 종자는 베고 죽는다’",wisdom,2,3,sexual:gray|violent:gray,607614,https://opendict.korean.go.kr/dictionary/view?sense_no=607614
농사꾼이 (굶어) 죽어도 종자는 베고 죽는다,"죽으면서도 농사지을 종자는 먹지 않고 남겼다는 뜻으로, 답답할 정도로 어리석고 인색하기만 한 사람을 비유적으로 이르는 말. &lt;동의 속담&gt; ‘굶어 죽어도 종자는 베고 죽는다’",wisdom,2,3,sexual:gray|violent:gray,601932,https://opendict.korean.go.kr/dictionary/view?sense_no=601932
당구 삼 년에 폐풍월(吠風月),어떤 분야에 대하여 지식과 경험이 전혀 없는 사람이라도 그 부문에 오래 있으면 얼마간의 지식과 경험을 갖게 된다는 것을 비유적으로 이르는 말. &lt;동의 속담&gt; ‘서당 개 삼 년에 풍월(을) 한다[읊는다/짓는다]’ ‘독서당 개가 맹자 왈 한다’,wisdom,2,3,,609006,https://opendict.korean.go.kr/dictionary/view?sense_no=609006
독서당 개가 맹자 왈 한다,어떤 분야에 대하여 지식과 경험이 전혀 없는 사람이라도 그 부문에 오래 있으면 얼마간의 지식과 경험을 갖게 된다는 것을 비유적으로 이르는 말. &lt;동의 속담&gt; ‘서당 개 삼 년에 풍월(을) 한다[읊는다/짓는다]’ ‘당구 삼 년에 폐풍월(吠風月)’,wisdom,2,3,,602255,https://opendict.korean.go.kr/dictionary/view?sense_no=602255
되는 것도 안 되는 것도 없다,옳은 방법으로 하는 일은 안 되고 부정한 방법으로는 안 되는 일이 없는 어지러운 세상을 이르는 말.,wisdom,2,3,,602393,https://opendict.korean.go.kr/dictionary/view?sense_no=602393
등잔불에 콩 볶아 먹을 놈,어리석고 옹졸하여 하는 짓마다 답답한 일만 하는 사람을 낮잡아 이르는 말.,wisdom,2,3,,609493,https://opendict.korean.go.kr/dictionary/view?sense_no=609493
말이 많으면 실언이 많다,"하지 않아도 될 말을 이것저것 많이 늘어놓으면 그만큼 쓸 말은 적어진다는 뜻으로, 말을 삼가라는 말. &lt;동의 속담&gt; ‘군말이 많으면 쓸 말이 적다’ ‘말이 많으면 쓸 말이 적다’",wisdom,2,3,,609775,https://opendict.korean.go.kr/dictionary/view?sense_no=609775
말이 많으면 쓸 말이 적다,"하지 않아도 될 말을 이것저것 많이 늘어놓으면 그만큼 쓸 말은 적어진다는 뜻으로, 말을 삼가라는 말. &lt;동의 속담&gt; ‘군말이 많으면 쓸 말이 적다’ ‘말이 많으면 실언이 많다’",wisdom,2,3,,609776,https://opendict.korean.go.kr/dictionary/view?sense_no=609776
못난이 열 명의 꾀가 잘난이 한 명의 꾀보다 낫다,한 사람의 지혜보다 여러 사람의 지혜가 더 현명함을 이르는 말.,wisdom,2,3,,603031,https://opendict.korean.go.kr/dictionary/view?sense_no=603031
무식은 암흑이요 지식은 광명이다,"무식한 사람의 앞날은 캄캄한 암흑과 같으나 지식을 갖춘 사람의 앞날은 광명한 세상이 된다는 뜻으로, 배움의 중요성을 강조하여 이르는 말.",wisdom,2,3,,610110,https://opendict.korean.go.kr/dictionary/view?sense_no=610110
배부른 자에게는 고량진미를 주어도 별맛을 모른다,"배가 부르면 아무리 맛있는 것도 그 참맛을 모른다는 뜻으로, 늘 행복하게 사는 사람은 자기에게 있는 행복이 얼마나 큰 것인가를 잘 모른다는 것을 비유적으로 이르는 말.",wisdom,2,3,,610853,https://opendict.korean.go.kr/dictionary/view?sense_no=610853
서당 개 삼 년에 풍월(을) 한다[읊는다/짓는다],"서당에서 삼 년 동안 살면서 매일 글 읽는 소리를 듣다 보면 개조차도 글 읽는 소리를 내게 된다는 뜻으로, 어떤 분야에 대하여 지식과 경험이 전혀 없는 사람이라도 그 부문에 오래 있으면 얼마간의 지식과 경험을 갖게 된다는 것을 비유적으로 이르는 말. &lt;동의 속담&gt; ‘당구 삼 년에 폐풍월(吠風月)’ ‘독서당 개가 맹자 왈 한다’",wisdom,2,3,violent:gray,604127,https://opendict.korean.go.kr/dictionary/view?sense_no=604127
술 취한 사람과 아이는 거짓말을 안 한다,술 취한 사람이 속에 품은 생각을 거짓 없이 말함을 비유적으로 이르는 말.,wisdom,2,3,,604451,https://opendict.korean.go.kr/dictionary/view?sense_no=604451
시어미 말대답이 아니라 경우가 그러하외다,"며느리는 시어머니에게 옳은 말을 하고도 말대답이라고 야단맞는다는 뜻으로, 자신이 괜히 대드는 것이 아니라 경우가 그러함을 이르는 말.",wisdom,2,3,,604568,https://opendict.korean.go.kr/dictionary/view?sense_no=604568
여자의 악담에는 오뉴월에도 서리가 온다,여자가 앙심을 품고 하는 악담은 오뉴월에 서리를 치게 할 만큼 매섭고 독하여 사람들의 마음을 싸늘하게 만든다는 말.  &lt;동의 속담&gt; ‘계집의 말은 오뉴월 서리가 싸다’ ‘계집의 악담은 오뉴월에 서리 온 것 같다’,wisdom,2,3,sexual:gray|violent:gray,604971,https://opendict.korean.go.kr/dictionary/view?sense_no=604971
옛날은 걷어 들이기 바쁘고 지금은 받기에 바쁘다,"예전에는 백성의 재물을 거두어들이기에 바빴고 지금은 세도를 이용하여 뇌물을 받기에 바쁘다는 뜻으로, 백성을 억압하여 약탈하는 부패한 관료들을 비꼬는 말.",wisdom,2,3,violent:gray,605123,https://opendict.korean.go.kr/dictionary/view?sense_no=605123
은 나라[나오라] 뚝딱 금 나라[나오라] 뚝딱,"도깨비들이 이런 말을 하면서 방망이를 치느라 떠들썩하다는 뜻으로, 시끄러운 상태를 이르는 말.",wisdom,2,3,,614039,https://opendict.korean.go.kr/dictionary/view?sense_no=614039
음식은 갈수록 줄고 말은 갈수록 는다,"먹을 것은 옮길수록 줄어들고 말은 할수록 더 보태게 된다는 뜻으로, 말을 삼가고 조심하여야 함을 이르는 말.",wisdom,2,3,sexual:gray,613711,https://opendict.korean.go.kr/dictionary/view?sense_no=613711
참깨가 기니 짧으니 한다,자질구레한 말을 하기 좋아하는 사람을 비꼬는 말. &lt;동의 속담&gt; ‘참새가 기니 짧으니 한다’,wisdom,2,3,,606238,https://opendict.korean.go.kr/dictionary/view?sense_no=606238
참는 게 아재비다,비위에 거슬리거나 꼴사나운 일들을 당하여도 참고 분별 있게 행동하여 일을 능숙히 처리함이 좋다는 말.,wisdom,2,3,,615340,https://opendict.korean.go.kr/dictionary/view?sense_no=615340
참는 자에게 복이 있다,억울하고 분한 일이 있더라도 필요에 따라서는 꾹 참고 견디는 것이 상책임을 이르는 말.,wisdom,2,3,,615341,https://opendict.korean.go.kr/dictionary/view?sense_no=615341
참새가 기니 짧으니 한다,자질구레한 말을 하기 좋아하는 사람을 비꼬는 말. &lt;동의 속담&gt; ‘참깨가 기니 짧으니 한다’,wisdom,2,3,,615291,https://opendict.korean.go.kr/dictionary/view?sense_no=615291
참새는 굴레 씌울 수 없지만 호랑이는 길들일 수 있다,뚝심으로 지혜를 이길 수는 없지만 지혜로는 뚝심을 이길 수 있음을 이르는 말.,wisdom,2,3,sexual:gray,615304,https://opendict.korean.go.kr/dictionary/view?sense_no=615304
코 막고 답답하다[숨이 막히다]고 한다,제힘으로 쉽게 할 수 있는 일을 어렵게 생각하여 다른 곳에서 해결책을 찾으려 함을 비유적으로 이르는 말.,wisdom,2,3,,615563,https://opendict.korean.go.kr/dictionary/view?sense_no=615563
가갸 뒷다리[뒤 자]도 모른다,"반절본문의 첫 글자인 ‘가’와 ‘갸’의 세로획조차도 쓸 줄 모른다는 뜻으로, 글자를 전혀 깨치지 못하여 무식하거나, 사리에 몹시 어두운 사람을 놀림조로 이르는 말.",wisdom,2,2,,600438,https://opendict.korean.go.kr/dictionary/view?sense_no=600438
간 빼 먹고 등치다,겉으로는 비위를 맞추며 잘해 주는 척하면서 정작 요긴한 것을 옳지 못한 방법으로 빼앗음을 비유적으로 이르는 말.,wisdom,2,2,sexual:gray,600637,https://opendict.korean.go.kr/dictionary/view?sense_no=600637
갓 쓰고 당나귀 타고 다니던 때,근대적 문명에서 뒤떨어진 조선 시대를 이르는 말.,wisdom,2,2,,600709,https://opendict.korean.go.kr/dictionary/view?sense_no=600709
검기는 왜장 청정(淸正)이라,"임진왜란 때 우리나라를 침략한 왜군 장수 가토 기요마사를 빗대어 왜간장이 검다는 데서, 빛이 검은 것을 이르는 말.",wisdom,2,2,,600876,https://opendict.korean.go.kr/dictionary/view?sense_no=600876
경점 치고 문지른다,"경점 치는 군사가 경점 칠 시간이 아닌데 경점을 치고 나서 자기의 잘못을 깨달아 북이나 징을 문질러 소리가 나지 않게 하려 한다는 뜻으로, 일을 그르쳐 놓고 어찌할 바를 몰라 자기의 잘못을 얼버무리려 함을 이르는 말.",wisdom,2,2,,607285,https://opendict.korean.go.kr/dictionary/view?sense_no=607285
고목에도 꽃을 피운다,몸은 늙었어도 계속 나라와 사회의 중요한 사람으로서 값있게 삶을 비유적으로 이르는 말.,wisdom,2,2,violent:gray,607507,https://opendict.korean.go.kr/dictionary/view?sense_no=607507
과부 중매 세 번 처녀 중매 세 번 하면 죽어 좋은 곳으로 간다,여자의 혼인 중매를 서는 일은 간단한 일이 아니며 책임을 져야 하는 어려운 일이므로 그만큼 좋은 일임을 비유적으로 이르는 말.,wisdom,2,2,violent:gray,601176,https://opendict.korean.go.kr/dictionary/view?sense_no=601176
관 속에 들어가도 막말은 말라,어떤 경우에라도 말을 함부로 해서는 안 된다는 말.,wisdom,2,2,,601192,https://opendict.korean.go.kr/dictionary/view?sense_no=601192
구관이 명관이다,무슨 일이든 경험이 많거나 익숙한 이가 더 잘하는 법임을 비유적으로 이르는 말.,wisdom,2,2,,601220,https://opendict.korean.go.kr/dictionary/view?sense_no=601220
굿하다 파한 집 같다,한참 법석이던 일이 있은 뒤 갑자기 고요해짐을 비유적으로 이르는 말. &lt;동의 속담&gt; ‘굿해 먹은 집 같다’,wisdom,2,2,,601337,https://opendict.korean.go.kr/dictionary/view?sense_no=601337
굿해 먹은 집 같다,한참 법석이던 일이 있은 뒤 갑자기 고요해짐을 비유적으로 이르는 말. &lt;동의 속담&gt; ‘굿하다 파한 집 같다’,wisdom,2,2,,601340,https://opendict.korean.go.kr/dictionary/view?sense_no=601340
귀머거리 삼 년이요 벙어리 삼 년(이라),"여자는 시집가서 남의 말을 듣고도 못 들은 체하고 하고 싶은 말이 있어도 하지 말아야 한다는 뜻으로, 시집살이의 어려움을 비유적으로 이르는 말. &lt;동의 속담&gt; ‘색시가 시집살이하려면 벙어리 삼 년 귀머거리 삼 년 해야 한다’ ‘시집살이하려면 벙어리 삼 년 귀머거리 삼 년 해야 한다’",wisdom,2,2,sexual:gray,608030,https://opendict.korean.go.kr/dictionary/view?sense_no=608030
낫 놓고 기역 자도 모른다,"기역 자 모양으로 생긴 낫을 보면서도 기역 자를 모른다는 뜻으로, 아주 무식함을 비유적으로 이르는 말.",wisdom,2,2,,608357,https://opendict.korean.go.kr/dictionary/view?sense_no=608357
낫으로 눈을 가린다,"낫으로 눈을 가리고 몸 전체를 가린 줄 안다는 뜻으로, 어리석고 미련한 짓을 함을 비유적으로 이르는 말.",wisdom,2,2,,608361,https://opendict.korean.go.kr/dictionary/view?sense_no=608361
내 고기야 날 잡아먹어라,"실수한 자신이 미워서 스스로 자기를 잡아먹으라고 한다는 뜻으로, 어떤 일을 크게 그르쳤을 때 스스로 책망하여 이르는 말.",wisdom,2,2,,601767,https://opendict.korean.go.kr/dictionary/view?sense_no=601767
녀자는 말을 안 하는 게 첫 수,여자는 함부로 가볍게 입을 놀리지 말아야 함을 비유적으로 이르는 말.,wisdom,2,2,,601912,https://opendict.korean.go.kr/dictionary/view?sense_no=601912
노루 때린 막대기,지난날의 방법을 가지고 덮어놓고 지금에도 적용하려는 어리석음을 비유적으로 이르는 말.,wisdom,2,2,sexual:gray,608627,https://opendict.korean.go.kr/dictionary/view?sense_no=608627
농사 물정 안다니까 피는 나락 홱 뽑는다[뺀다],남의 아첨하는 말이나 비꼬는 말을 제대로 알아듣지 못하고 잘난 체하거나 우쭐거리며 더 괴상한 짓을 하여 어리석음을 드러냄을 비유적으로 이르는 말.,wisdom,2,2,sexual:gray|violent:gray,608591,https://opendict.korean.go.kr/dictionary/view?sense_no=608591
누이 믿고 장가 안 간다,"누이와 결혼할 목적으로 다른 혼처에는 눈을 뜨지 않는다는 뜻으로, 도저히 가능하지 않은 일만을 하려고 하고 다른 방책을 세우지 않는 어리석은 모양을 비유적으로 이르는 말.",wisdom,2,2,,608669,https://opendict.korean.go.kr/dictionary/view?sense_no=608669
눈먼 말 워낭 소리 따라간다,무식한 사람이 남이 일러 준 대로 무비판적으로 따라 한다는 말.,wisdom,2,2,,601969,https://opendict.korean.go.kr/dictionary/view?sense_no=601969
늙은이 박대는 나라도 못 한다,늙은이를 사회적으로 존경해야 함을 비유적으로 이르는 말.,wisdom,2,2,,602056,https://opendict.korean.go.kr/dictionary/view?sense_no=602056
닭의 새끼가 발을 벗으니 오뉴월만 여긴다,"닭의 새끼가 맨발로 다니는 것을 보고 오뉴월 더운 때인 줄 안다는 뜻으로, 한창 추운 때에 추위를 막을 대책을 전혀 세우지 않음을 비유적으로 이르는 말.",wisdom,2,2,sexual:gray|violent:gray,609195,https://opendict.korean.go.kr/dictionary/view?sense_no=609195
당나귀 하품한다고 한다,"귀머거리는 당나귀가 우는 것을 보고 하품하는 줄로 안다는 뜻으로, 귀머거리의 판단 능력을 조롱하는 말.",wisdom,2,2,,602150,https://opendict.korean.go.kr/dictionary/view?sense_no=602150
더운죽에 혀 데기,"더운죽에 혀를 대면 덴다는 것을 뻔히 알면서도 어리석게 혀를 댄다는 뜻으로, 그르칠 것이 뻔한 일을 하는 것을 비유적으로 이르는 말.",wisdom,2,2,violent:gray,609050,https://opendict.korean.go.kr/dictionary/view?sense_no=609050
돈으로 비단은 살 수 있어도 사랑은 살 수 없다,남녀 간의 참다운 사랑은 돈으로 살 수 없는 것임을 이르는 말.,wisdom,2,2,sexual:gray,609142,https://opendict.korean.go.kr/dictionary/view?sense_no=609142
돈은 있다가도 없어지고 없다가도 생기는 법이라,재물은 돌고 도는 것이므로 재물을 가지고 상대를 평가하는 것은 어리석은 일이라는 말.,wisdom,2,2,,609145,https://opendict.korean.go.kr/dictionary/view?sense_no=609145
돝잠에 개꿈,격에 맞지 아니한 말을 주책없이 늘어놓는 경우를 비유적으로 이르는 말.,wisdom,2,2,,602383,https://opendict.korean.go.kr/dictionary/view?sense_no=602383
뜨겁기는 박태보(朴泰輔)가 살았을라고,"숙종이 인현 왕후를 폐비시킬 때 박태보가 반대 상소를 하였다가 불의 혹형을 받은 데서 나온 말로, 뜨겁기는 하지만 참으라는 말.",wisdom,2,2,,602659,https://opendict.korean.go.kr/dictionary/view?sense_no=602659
뜨물 먹고 주정한다,뻔히 알면서도 억지를 부리거나 거짓말을 몹시 함을 비유적으로 이르는 말.,wisdom,2,2,,609993,https://opendict.korean.go.kr/dictionary/view?sense_no=609993
말로는 못 할 말이 없다,실지 행동이나 책임이 뒤따르지 아니하는 말은 무슨 말이든지 다 할 수 있다는 말.,wisdom,2,2,,609748,https://opendict.korean.go.kr/dictionary/view?sense_no=609748
말은 앞서 할 게 아니다,구체적인 내용이나 진실을 모른 채 함부로 앞질러 말해서는 안 됨을 이르는 말.,wisdom,2,2,,609763,https://opendict.korean.go.kr/dictionary/view?sense_no=609763
말은 이 죽이듯 한다,말을 할 때 조금도 남김없이 자세히 다 함을 이르는 말.,wisdom,2,2,violent:gray,609765,https://opendict.korean.go.kr/dictionary/view?sense_no=609765
말은 적을수록 좋다,말이 많으면 군말을 많이 하게 되므로 그 결과가 좋지 못하다는 말.,wisdom,2,2,,609766,https://opendict.korean.go.kr/dictionary/view?sense_no=609766
말은 청산유수다,말을 그칠 줄 모르고 잘한다는 말.,wisdom,2,2,,609767,https://opendict.korean.go.kr/dictionary/view?sense_no=609767
말이 말을 만든다,말은 사람의 입을 거치는 동안 그 내용이 과장되고 변한다는 말.,wisdom,2,2,,609777,https://opendict.korean.go.kr/dictionary/view?sense_no=609777
말 잃고 외양간 고친다,"말을 도둑맞은 다음에서야 빈 외양간의 허물어진 데를 고치느라 수선을 떤다는 뜻으로, 일이 이미 잘못된 뒤에는 손을 써도 소용이 없음을 비꼬는 말. &lt;동의 속담&gt; ‘소 잃고 외양간 고친다’ ‘도둑맞고 사립[빈지] 고친다’",wisdom,2,2,sexual:gray,602759,https://opendict.korean.go.kr/dictionary/view?sense_no=602759
며느리 샘에 발꿈치 희어진다,여자가 참을성 없고 투기가 아주 심함을 이르는 말.,wisdom,2,2,,609958,https://opendict.korean.go.kr/dictionary/view?sense_no=609958
모르는 것이 부처,"아무것도 모르면 차라리 마음이 편하여 좋으나, 무엇이나 좀 알고 있으면 걱정거리가 많아 도리어 해롭다는 말. &lt;동의 속담&gt; ‘모르면 약이요 아는 게 병’ ‘무지각이 상팔자’ ‘아는 것이 병[탈]’",wisdom,2,2,sexual:gray,610002,https://opendict.korean.go.kr/dictionary/view?sense_no=610002
모르면 약이요 아는 게 병,"아무것도 모르면 차라리 마음이 편하여 좋으나, 무엇이나 좀 알고 있으면 걱정거리가 많아 도리어 해롭다는 말. &lt;동의 속담&gt; ‘모르는 것이 부처’ ‘무지각이 상팔자’ ‘아는 것이 병[탈]’",wisdom,2,2,sexual:gray,610003,https://opendict.korean.go.kr/dictionary/view?sense_no=610003
무지각이 상팔자,"아무것도 모르면 차라리 마음이 편하여 좋으나, 무엇이나 좀 알고 있으면 걱정거리가 많아 도리어 해롭다는 말. &lt;동의 속담&gt; ‘모르면 약이요 아는 게 병’ ‘모르는 것이 부처’ ‘아는 것이 병[탈]’",wisdom,2,2,sexual:gray,603065,https://opendict.korean.go.kr/dictionary/view?sense_no=603065
발 없는 말이 천 리 간다,"말은 비록 발이 없지만 천 리 밖까지도 순식간에 퍼진다는 뜻으로, 말을 삼가야 함을 비유적으로 이르는 말.",wisdom,2,2,,603270,https://opendict.korean.go.kr/dictionary/view?sense_no=603270
밤비에 자란 사람,"밤사이에 내린 비를 맞고 어둠 속에서 연약하게 자란 식물과 같다는 뜻으로, 깨치지 못하고 어리석으며 야무지지 못한 사람을 비유적으로 이르는 말.",wisdom,2,2,,610791,https://opendict.korean.go.kr/dictionary/view?sense_no=610791
번갯불에 담배 붙이겠다[붙인다],거짓말을 되는대로 쉽게 함을 비꼬는 말.,wisdom,2,2,,611238,https://opendict.korean.go.kr/dictionary/view?sense_no=611238
번갯불에 솜 구워 먹겠다,"번쩍하는 번갯불에 솜을 다 구워서 먹겠다는 뜻으로, 거짓말을 쉽게 잘함을 이르는 말.",wisdom,2,2,,611239,https://opendict.korean.go.kr/dictionary/view?sense_no=611239
벙어리 발등 앓는 소리냐,"발등을 다친 벙어리가 말도 못 하면서 그저 끙끙 앓기만 하는 소리냐는 뜻으로, 책을 읽는 소리나 노래를 부르는 소리가 신통치 않음을 비유적으로 이르는 말.",wisdom,2,2,sexual:gray,611019,https://opendict.korean.go.kr/dictionary/view?sense_no=611019
벙어리 재판,"말 못 하는 벙어리를 대상으로 재판을 한다는 뜻으로, 옳고 그름을 판단하기 매우 어렵거나 곤란한 경우를 비유적으로 이르는 말.",wisdom,2,2,violent:gray,611031,https://opendict.korean.go.kr/dictionary/view?sense_no=611031
벼슬아치 심부름꾼,나라 살림을 하는 벼슬아치는 결국 백성을 위하여 일한다는 말.,wisdom,2,2,,603502,https://opendict.korean.go.kr/dictionary/view?sense_no=603502
부처님한테 설법,다 잘 알고 잘못도 없는 이에게 주제넘게 가르치려 드는 어리석은 행동을 비유적으로 이르는 말.,wisdom,2,2,,603635,https://opendict.korean.go.kr/dictionary/view?sense_no=603635
빚은 값으로나 떡이라지,"떡이 도무지 떡답지가 않고 빚어서 만들었다는 점만 떡 같다는 뜻으로, 제 기능을 잘 못하는 물건을 아쉬운 대로 써야 하는 경우를 이르는 말.",wisdom,2,2,,611437,https://opendict.korean.go.kr/dictionary/view?sense_no=611437
사내는 돈을 잘 써야 하고 녀편네는 물을 잘 써야 한다,남자는 밖에 나가서 사회적 활동을 잘해야 하고 여자는 집 안에서 살림살이를 잘해야 함을 이르는 말.,wisdom,2,2,sexual:gray|violent:gray,603798,https://opendict.korean.go.kr/dictionary/view?sense_no=603798
사람 위에 사람 없고 사람 밑에 사람 없다,사람은 본래 태어날 때부터 권리나 의무가 평등함을 이르는 말.,wisdom,2,2,,611610,https://opendict.korean.go.kr/dictionary/view?sense_no=611610
상좌가 많으면 가마솥을 깨뜨린다,"상좌가 많아서 저마다 명령을 하면 무쇠 가마조차도 깨뜨리고 만다는 뜻으로, 뚜렷한 책임자 없이 여러 사람이 저마다 간섭을 하면 도리어 일을 그르침을 이르는 말.",wisdom,2,2,,604208,https://opendict.korean.go.kr/dictionary/view?sense_no=604208
새벽 봉창 두들긴다,"한참 단잠 자는 새벽에 남의 집 봉창을 두들겨 놀라 깨게 한다는 뜻으로, 뜻밖의 일이나 말을 갑자기 불쑥 내미는 행동을 비유적으로 이르는 말. &lt;동의 속담&gt; ‘자다가 봉창 두드린다’",wisdom,2,2,violent:gray,612026,https://opendict.korean.go.kr/dictionary/view?sense_no=612026
색시가 시집살이하려면 벙어리 삼 년 귀머거리 삼 년 해야 한다,"여자는 시집가서 남의 말을 듣고도 못 들은 체하고 하고 싶은 말이 있어도 하지 말아야 한다는 뜻으로, 시집살이의 어려움을 비유적으로 이르는 말. &lt;동의 속담&gt; ‘귀머거리 삼 년이요 벙어리 삼 년(이라)’ ‘시집살이하려면 벙어리 삼 년 귀머거리 삼 년 해야 한다’",wisdom,2,2,sexual:gray,611852,https://opendict.korean.go.kr/dictionary/view?sense_no=611852
선생님 앞에서 책장 번진다,‘부처님한테 설법’의 북한 속담.,wisdom,2,2,,611838,https://opendict.korean.go.kr/dictionary/view?sense_no=611838
성인도 하루에 죽을 말을 세 번 한다,"성인이라 하더라도 하루에 세 번씩은 말실수를 하기 마련이라는 뜻으로, 아무리 훌륭한 사람이라도 실수는 하는 법이니 실수했다고 너무 걱정하지 말라는 말.",wisdom,2,2,violent:gray,612264,https://opendict.korean.go.kr/dictionary/view?sense_no=612264
시누이올케 춤추는 가운데 올케 못 출까,"시누이와 올케가 함께 춤추는 자리에서 올케라고 춤을 못 추겠느냐는 뜻으로, 자신도 마땅히 참여할 자격과 권리가 있음을 주장하며 이르는 말.",wisdom,2,2,sexual:gray,612663,https://opendict.korean.go.kr/dictionary/view?sense_no=612663
시집살이하려면 벙어리 삼 년 귀머거리 삼 년 해야 한다,"여자는 시집가서 남의 말을 듣고도 못 들은 체하고 하고 싶은 말이 있어도 하지 말아야 한다는 뜻으로, 시집살이의 어려움을 비유적으로 이르는 말. &lt;동의 속담&gt; ‘귀머거리 삼 년이요 벙어리 삼 년(이라)’ ‘색시가 시집살이하려면 벙어리 삼 년 귀머거리 삼 년 해야 한다’",wisdom,2,2,sexual:gray,612706,https://opendict.korean.go.kr/dictionary/view?sense_no=612706
식자가 소눈깔[외눈깔],아무것도 아는 것이 없는 무식한 사람을 비유적으로 이르는 말.,wisdom,2,2,,604600,https://opendict.korean.go.kr/dictionary/view?sense_no=604600
썩은 새끼로 범[호랑이] 잡기,어수룩한 계책과 허술한 준비로 큰일을 하겠다고 덤비는 어리석음을 비유적으로 이르는 말.,wisdom,2,2,sexual:gray,612915,https://opendict.korean.go.kr/dictionary/view?sense_no=612915
아가리가 광주리만 해도 막말은 못 한다,"입이 아무리 커도 함부로 말할 수 없다는 뜻으로, 상대편이 어처구니없는 말을 함을 비난조로 이르는 말.",wisdom,2,2,,612698,https://opendict.korean.go.kr/dictionary/view?sense_no=612698
아는 것이 병[탈],"아무것도 모르면 차라리 마음이 편하여 좋으나, 무엇이나 좀 알고 있으면 걱정거리가 많아 도리어 해롭다는 말. &lt;동의 속담&gt; ‘모르면 약이요 아는 게 병’ ‘모르는 것이 부처’ ‘무지각이 상팔자’",wisdom,2,2,sexual:gray,604731,https://opendict.korean.go.kr/dictionary/view?sense_no=604731
암까마귀인지 수까마귀인지 어찌 알랴,"다 같이 새까만 까마귀를 보고 암놈, 수놈을 가려내기 어렵다는 뜻으로, 옳고 그름을 판단하기 어려움을 비유적으로 이르는 말.",wisdom,2,2,,604692,https://opendict.korean.go.kr/dictionary/view?sense_no=604692
앞 달구지 넘어진 데서 뒤 달구지 넘어지지 않는다,"앞서 간 달구지가 넘어진 자리에서는 뒤에 오는 달구지가 조심해서 몰기 때문에 여간해서는 넘어지지 않는다는 뜻으로, 다른 사람의 경험을 교훈으로 삼으면 앞서 저지른 잘못을 거듭 저지르지 않게 됨을 비유적으로 이르는 말.",wisdom,2,2,,613123,https://opendict.korean.go.kr/dictionary/view?sense_no=613123
약삭빠른 강아지 밤눈이 어둡다,지나치게 약게 굴면 도리어 판단을 그르쳐 기회를 놓치는 수가 있음을 비유적으로 이르는 말.,wisdom,2,2,sexual:gray,604858,https://opendict.korean.go.kr/dictionary/view?sense_no=604858
열 소경이 풀어도 아니 듣는다,자기 고집만 내세우고 남의 말을 도무지 듣지 아니함을 이르는 말.,wisdom,2,2,,613434,https://opendict.korean.go.kr/dictionary/view?sense_no=613434
옛말 그른 데 없다,예로부터 전하여 오는 말은 잘못된 것이 없으니 명심하여야 한다는 말.,wisdom,2,2,,613519,https://opendict.korean.go.kr/dictionary/view?sense_no=613519
원두한이 사촌을 모른다,"원두막에서 참외나 수박 따위를 파는 사람이 사촌이 와도 하나도 거저 주지 아니한다는 뜻으로, 물건을 팔아서 이익을 얻는 장사치는 아는 사람이라고 해서 거저 주거나 더 헐하게 주는 등 인심을 쓰는 법이 없음을 비유적으로 이르는 말.",wisdom,2,2,sexual:gray,605312,https://opendict.korean.go.kr/dictionary/view?sense_no=605312
의사와 변호사는 나라에서 내놓은 도둑놈이라,국가의 허가를 얻어 개업하고 있는 의사와 변호사 중에 보수를 무리하게 많이 요구하는 사람이 있음을 비꼬는 말.,wisdom,2,2,sexual:gray,613874,https://opendict.korean.go.kr/dictionary/view?sense_no=613874
입술에 침이나 바르지,속이 빤히 들여다보이게 거짓말을 하는 사람에게 그런 얕은 수작은 그만두라고 핀잔하는 말. &lt;동의 속담&gt; ‘혓바닥에 침이나 묻혀라’,wisdom,2,2,,613998,https://opendict.korean.go.kr/dictionary/view?sense_no=613998
자다가 봉창 두드린다,"한참 단잠 자는 새벽에 남의 집 봉창을 두들겨 놀라 깨게 한다는 뜻으로, 뜻밖의 일이나 말을 갑자기 불쑥 내미는 행동을 비유적으로 이르는 말. &lt;동의 속담&gt; ‘새벽 봉창 두들긴다’",wisdom,2,2,violent:gray,614072,https://opendict.korean.go.kr/dictionary/view?sense_no=614072
저 중 잘 달아난다 하니까 고깔 벗어 들고 달아난다,거짓으로 칭찬한 말을 곧이듣고 신이 나서 쓸데없는 용기를 내는 모양을 비유적으로 이르는 말. &lt;동의 속담&gt; ‘저 중 잘 뛴다니까 장삼 벗어 걸머지고 뛴다’,wisdom,2,2,,605759,https://opendict.korean.go.kr/dictionary/view?sense_no=605759
저 중 잘 뛴다니까 장삼 벗어 걸머지고 뛴다,거짓으로 칭찬한 말을 곧이듣고 신이 나서 쓸데없는 용기를 내는 모양을 비유적으로 이르는 말. &lt;동의 속담&gt; ‘저 중 잘 달아난다 하니까 고깔 벗어 들고 달아난다’,wisdom,2,2,,605760,https://opendict.korean.go.kr/dictionary/view?sense_no=605760
쪽박 쓰고 비 피하기,봉변을 당하였을 때 당황하여 저도 모르는 사이에 어리석은 방법으로 변을 벗어나려 하는 경우를 비유적으로 이르는 말. &lt;동의 속담&gt; ‘쪽박을 쓰고 벼락을 피해[피하랴]’,wisdom,2,2,violent:gray,606211,https://opendict.korean.go.kr/dictionary/view?sense_no=606211
쪽박을 쓰고 벼락을 피해[피하랴],봉변을 당하였을 때 당황하여 저도 모르는 사이에 어리석은 방법으로 변을 벗어나려 하는 경우를 비유적으로 이르는 말. &lt;동의 속담&gt; ‘쪽박 쓰고 비 피하기’,wisdom,2,2,violent:gray,606214,https://opendict.korean.go.kr/dictionary/view?sense_no=606214
쫓겨 가는 며느리 대답질하듯,남의 말을 받아 대꾸질을 잘하는 경우를 비꼬는 말.,wisdom,2,2,,615230,https://opendict.korean.go.kr/dictionary/view?sense_no=615230
찬물 먹고 냉돌방에서 땀 낸다,당치 않은 방법으로 목적을 이루려고 어리석게 행동함을 비꼬는 말.,wisdom,2,2,,615108,https://opendict.korean.go.kr/dictionary/view?sense_no=615108
참새 백 마리면 호랑이 눈깔도 빼 간다,보잘것없는 존재라도 힘과 지혜를 합치면 못 할 일이 없음을 이르는 말.,wisdom,2,2,sexual:gray,615284,https://opendict.korean.go.kr/dictionary/view?sense_no=615284
초낮이 밤중이다,"초낮이 되었음에도 불구하고 밤중으로 안다는 뜻으로, 때가 어떻게 되었는지 일이 어떻게 되어 가고 있는지 도무지 모르고 있음을 비유적으로 이르는 말.",wisdom,2,2,sexual:gray,606412,https://opendict.korean.go.kr/dictionary/view?sense_no=606412
춘향이가 인도환생을 했나,"춘향이가 인간 세상에 다시 태어났느냐는 뜻으로, 마음씨 아름답고 정조가 굳은 여자를 이르는 말.",wisdom,2,2,sexual:gray,606403,https://opendict.korean.go.kr/dictionary/view?sense_no=606403
춘향이 집 가리키기,"집이 어디냐고 묻는 이 도령의 질문에 춘향이가 대답한 사설이 까다롭고 복잡했다는 데서, 집을 찾아가는 길이 복잡한 경우를 이르는 말.",wisdom,2,2,,606402,https://opendict.korean.go.kr/dictionary/view?sense_no=606402
큰 도적이 좀도적 잡는 시늉 한다,권력을 가진 사람이 자기는 닥치는 대로 재물을 긁어모으면서도 밑의 사람들의 부정행위는 엄격히 다스림을 비유적으로 이르는 말.,wisdom,2,2,,615616,https://opendict.korean.go.kr/dictionary/view?sense_no=615616
한 번 똥 눈 개가 일생 눈다고 한다,"어쩌다 한 번 똥 눈 개를 보고 늘 똥 눈 개라고 한다는 뜻으로, 한 번 실수하여 오점을 남기면 그것이 평생 가는 법임을 교훈적으로 이르는 말.",wisdom,2,2,,615791,https://opendict.korean.go.kr/dictionary/view?sense_no=615791
혓바닥에 침이나 묻혀라,속이 빤히 들여다보이게 거짓말을 하는 사람에게 그런 얕은 수작은 그만두라고 핀잔하는 말. &lt;동의 속담&gt; ‘입술에 침이나 바르지’,wisdom,2,2,,606811,https://opendict.korean.go.kr/dictionary/view?sense_no=606811
법 밑에 법 모른다,법을 잘 지켜야 할 법률 기관에서 법을 다루면서도 도리어 법을 모르고 어기는 경우를 비유적으로 이르는 말.,wisdom,1,6,,610876,https://opendict.korean.go.kr/dictionary/view?sense_no=610876
약기는 쥐 새끼냐 참새 굴레도 씌우겠다,"약기가 쥐 새끼만큼이나 해서 약삭빠른 참새의 목에다 굴레를 씌울 만하다는 뜻으로, 꾀가 많은 사람을 비꼬는 말. &lt;동의 속담&gt; ‘꿩처럼 굴레를 벗고 쓴다’ ‘참새 굴레 쌀 만하다’ ‘참새 굴레 씌우겠다’ ‘참새 얼려 잡겠다’",wisdom,1,5,,613099,https://opendict.korean.go.kr/dictionary/view?sense_no=613099
가난 구제는 나라[나라님/임금]도 못한다[어렵다],"남의 가난한 살림을 도와주기란 끝이 없는 일이어서, 개인은 물론 나라의 힘으로도 구제하지 못한다는 말. &lt;동의 속담&gt; ‘가난은 나라(님)도 못 당한다’",wisdom,1,4,,600443,https://opendict.korean.go.kr/dictionary/view?sense_no=600443
가난은 나라(님)도 못 당한다,"남의 가난한 살림을 도와주기란 끝이 없는 일이어서, 개인은 물론 나라의 힘으로도 구제하지 못한다는 말. &lt;동의 속담&gt; ‘가난 구제는 나라[나라님/임금]도 못한다[어렵다]’",wisdom,1,4,,600448,https://opendict.korean.go.kr/dictionary/view?sense_no=600448
꿩처럼 굴레를 벗고 쓴다,꾀가 많은 사람을 비꼬는 말. &lt;동의 속담&gt; ‘약기는 쥐 새끼냐 참새 굴레도 씌우겠다’ ‘참새 굴레 쌀 만하다’ ‘참새 굴레 씌우겠다’ ‘참새 얼려 잡겠다’,wisdom,1,4,,608393,https://opendict.korean.go.kr/dictionary/view?sense_no=608393
남의 손만 쳐다보면 나라가 망한다,자국의 힘으로 나라의 살림을 해 나가지 않고 다른 나라의 덕만 입자고 하면 나라가 망한다는 말.,wisdom,1,4,,608499,https://opendict.korean.go.kr/dictionary/view?sense_no=608499
낮말은 새가 듣고 밤말은 쥐가 듣는다,아무도 안 듣는 데서라도 말조심해야 한다는 말. &lt;동의 속담&gt; ‘밤말은 쥐가 듣고 낮말은 새가 듣는다’,wisdom,1,4,,601749,https://opendict.korean.go.kr/dictionary/view?sense_no=601749
능참봉을 하니까 거둥이 한 달에 스물아홉 번이라,오래 바라고 고대하던 일이 이루어졌으나 허울만 좋을 뿐 수고롭기만 하고 실속이 없음을 비유적으로 이르는 말. &lt;동의 속담&gt; ‘여든에 능참봉을 하니 한 달에 거둥이 스물아홉 번이라’ ‘모처럼 능참봉을 하니까 한 달에 거둥이 스물아홉 번’ ‘칠십에 능참봉을 하니 하루에 거둥이 열아홉 번씩이라’,wisdom,1,4,sexual:gray,602025,https://opendict.korean.go.kr/dictionary/view?sense_no=602025
모처럼 능참봉을 하니까 한 달에 거둥이 스물아홉 번,오래 바라고 고대하던 일이 이루어졌으나 허울만 좋을 뿐 수고롭기만 하고 실속이 없음을 비유적으로 이르는 말. &lt;동의 속담&gt; ‘여든에 능참봉을 하니 한 달에 거둥이 스물아홉 번이라’ ‘능참봉을 하니까 거둥이 한 달에 스물아홉 번이라’ ‘칠십에 능참봉을 하니 하루에 거둥이 열아홉 번씩이라’,wisdom,1,4,sexual:gray,602944,https://opendict.korean.go.kr/dictionary/view?sense_no=602944
밤말은 쥐가 듣고 낮말은 새가 듣는다,아무도 안 듣는 데서라도 말조심해야 한다는 말. &lt;동의 속담&gt; ‘낮말은 새가 듣고 밤말은 쥐가 듣는다’,wisdom,1,4,,616464,https://opendict.korean.go.kr/dictionary/view?sense_no=616464
서 홉에도 참견 닷 홉에도 참견,"서 홉을 되는데도 많다 적다 하고 다섯 홉을 되는데도 이러쿵저러쿵 쓸데없이 참견한다는 뜻으로, 부질없이 아무 일에나 참견함을 비유적으로 이르는 말.",wisdom,1,4,,604110,https://opendict.korean.go.kr/dictionary/view?sense_no=604110
여든에 능참봉을 하니 한 달에 거둥이 스물아홉 번이라,오래 바라고 고대하던 일이 이루어졌으나 허울만 좋을 뿐 수고롭기만 하고 실속이 없음을 비유적으로 이르는 말. &lt;동의 속담&gt; ‘능참봉을 하니까 거둥이 한 달에 스물아홉 번이라’ ‘모처럼 능참봉을 하니까 한 달에 거둥이 스물아홉 번’ ‘칠십에 능참봉을 하니 하루에 거둥이 열아홉 번씩이라’,wisdom,1,4,sexual:gray,613241,https://opendict.korean.go.kr/dictionary/view?sense_no=613241
여자가 셋이면 나무 접시가 들논다,여자가 많이 모이면 말이 많고 떠들썩함을 비유적으로 이르는 말. &lt;동의 속담&gt; ‘여자 셋이 모이면 새 접시를 뒤집어 놓는다’ ‘여자 열이 모이면 쇠도 녹인다’,wisdom,1,4,,604964,https://opendict.korean.go.kr/dictionary/view?sense_no=604964
여자 셋이 모이면 새 접시를 뒤집어 놓는다,여자가 많이 모이면 말이 많고 떠들썩함을 비유적으로 이르는 말. &lt;동의 속담&gt; ‘여자가 셋이면 나무 접시가 들논다’ ‘여자 열이 모이면 쇠도 녹인다’,wisdom,1,4,,604962,https://opendict.korean.go.kr/dictionary/view?sense_no=604962
여자 열이 모이면 쇠도 녹인다,여자가 많이 모이면 말이 많고 떠들썩함을 비유적으로 이르는 말. &lt;동의 속담&gt; ‘여자가 셋이면 나무 접시가 들논다’ ‘여자 셋이 모이면 새 접시를 뒤집어 놓는다’,wisdom,1,4,,604963,https://opendict.korean.go.kr/dictionary/view?sense_no=604963
참새 굴레 쌀 만하다,꾀가 많은 사람을 비꼬는 말. &lt;동의 속담&gt; ‘약기는 쥐 새끼냐 참새 굴레도 씌우겠다’ ‘꿩처럼 굴레를 벗고 쓴다’ ‘참새 굴레 씌우겠다’ ‘참새 얼려 잡겠다’,wisdom,1,4,,615277,https://opendict.korean.go.kr/dictionary/view?sense_no=615277
참새 굴레 씌우겠다,꾀가 많은 사람을 비꼬는 말. &lt;동의 속담&gt; ‘약기는 쥐 새끼냐 참새 굴레도 씌우겠다’ ‘꿩처럼 굴레를 벗고 쓴다’ ‘참새 굴레 쌀 만하다’ ‘참새 얼려 잡겠다’,wisdom,1,4,,615278,https://opendict.korean.go.kr/dictionary/view?sense_no=615278
참새 얼려 잡겠다,꾀가 많은 사람을 비꼬는 말. &lt;동의 속담&gt; ‘약기는 쥐 새끼냐 참새 굴레도 씌우겠다’ ‘꿩처럼 굴레를 벗고 쓴다’ ‘참새 굴레 쌀 만하다’ ‘참새 굴레 씌우겠다’,wisdom,1,4,,615289,https://opendict.korean.go.kr/dictionary/view?sense_no=615289
칠십에 능참봉을 하니 하루에 거둥이 열아홉 번씩이라,오래 바라고 고대하던 일이 이루어졌으나 허울만 좋을 뿐 수고롭기만 하고 실속이 없음을 비유적으로 이르는 말. &lt;동의 속담&gt; ‘여든에 능참봉을 하니 한 달에 거둥이 스물아홉 번이라’ ‘능참봉을 하니까 거둥이 한 달에 스물아홉 번이라’ ‘모처럼 능참봉을 하니까 한 달에 거둥이 스물아홉 번’,wisdom,1,4,sexual:gray,615591,https://opendict.korean.go.kr/dictionary/view?sense_no=615591
나라가 망하면 충신이 욕을 본다,한 나라의 충신들은 나라와 흥망을 같이함을 이르는 말.,wisdom,1,3,,608020,https://opendict.korean.go.kr/dictionary/view?sense_no=608020
나라가 어지러우면 충신이 난다,나라가 어지러워 반역의 무리가 날뛸 때에는 그를 반대하여 싸우는 충신이 나오게 된다는 말. &lt;동의 속담&gt; ‘집이 가난하면 효자가 나고 나라가 어지러우면 충신이 난다’,wisdom,1,3,,608021,https://opendict.korean.go.kr/dictionary/view?sense_no=608021
나라의 쌀독이 차야 나라가 잘산다,나라가 잘되려면 무엇보다도 식량 사정이 좋아야 함을 비유적으로 이르는 말.,wisdom,1,3,,608024,https://opendict.korean.go.kr/dictionary/view?sense_no=608024
낮말은 지게문이 듣는다,‘낮말은 새가 듣고 밤말은 쥐가 듣는다’의 북한 속담.,wisdom,1,3,,601751,https://opendict.korean.go.kr/dictionary/view?sense_no=601751
눈먼 탓이나 하지 개천 나무래 무엇 하나,"개천에 빠진 소경이 제 결함은 생각지 아니하고 개천만 나무란다는 뜻으로, 자기 결함은 생각지 아니하고 애꿎은 사람이나 조건만 탓하는 경우를 비유적으로 이르는 말. &lt;동의 속담&gt; ‘소경 개천 나무란다’ ‘봉사 개천 나무란다’ ‘소경 개천 그르다 하여 무얼 해’ ‘소경이 그르냐 개천이 그르냐’ ‘장님 개천 나무란다’",wisdom,1,3,,601974,https://opendict.korean.go.kr/dictionary/view?sense_no=601974
말은 보태고 떡은 뗀다,"말은 퍼질수록 더 보태어지고, 음식은 이 손 저 손으로 돌아가는 동안 없어지는 것이라는 말. &lt;동의 속담&gt; ‘말은 보태고 봉송(封送)은 던다’",wisdom,1,3,sexual:gray,609760,https://opendict.korean.go.kr/dictionary/view?sense_no=609760
말은 보태고 봉송(封送)은 던다,"말은 퍼질수록 더 보태어지고, 보낸 선물은 이 손 저 손으로 옮아가는 동안 없어지는 것이라는 말. &lt;동의 속담&gt; ‘말은 보태고 떡은 뗀다’",wisdom,1,3,,609761,https://opendict.korean.go.kr/dictionary/view?sense_no=609761
법당은 호법당(好法堂)이나 불무영험(佛無靈驗),"법당은 요란하게 잘 꾸몄으나 부처님은 영험이 없다는 뜻으로, 겉치레만 요란하고 실상은 아무짝에도 쓸모없음을 비유적으로 이르는 말.",wisdom,1,3,sexual:gray,603406,https://opendict.korean.go.kr/dictionary/view?sense_no=603406
법은 멀고 주먹은 가깝다,법보다는 폭력이 더 우세하다는 말. &lt;동의 속담&gt; ‘주먹은 가깝고 법은 멀다’,wisdom,1,3,violent:gray,610880,https://opendict.korean.go.kr/dictionary/view?sense_no=610880
봉사 개천 나무란다,"개천에 빠진 봉사가 제 결함은 생각지 아니하고 개천만 나무란다는 뜻으로, 자기 결함은 생각지 아니하고 애꿎은 사람이나 조건만 탓하는 경우를 비유적으로 이르는 말. &lt;동의 속담&gt; ‘소경 개천 나무란다’ ‘눈먼 탓이나 하지 개천 나무래 무엇 하나’ ‘소경 개천 그르다 하여 무얼 해’ ‘소경이 그르냐 개천이 그르냐’ ‘장님 개천 나무란다’",wisdom,1,3,,603556,https://opendict.korean.go.kr/dictionary/view?sense_no=603556
소경 개천 그르다 하여 무얼 해,"개천에 빠진 소경이 제 결함은 생각지 아니하고 개천만 나무란다는 뜻으로, 자기 결함은 생각지 아니하고 애꿎은 사람이나 조건만 탓하는 경우를 비유적으로 이르는 말. &lt;동의 속담&gt; ‘소경 개천 나무란다’ ‘눈먼 탓이나 하지 개천 나무래 무엇 하나’ ‘봉사 개천 나무란다’ ‘소경이 그르냐 개천이 그르냐’ ‘장님 개천 나무란다’",wisdom,1,3,,611933,https://opendict.korean.go.kr/dictionary/view?sense_no=611933
소경 개천 나무란다,"개천에 빠진 소경이 제 결함은 생각지 아니하고 개천만 나무란다는 뜻으로, 자기 결함은 생각지 아니하고 애꿎은 사람이나 조건만 탓하는 경우를 비유적으로 이르는 말. &lt;동의 속담&gt; ‘눈먼 탓이나 하지 개천 나무래 무엇 하나’ ‘봉사 개천 나무란다’ ‘소경 개천 그르다 하여 무얼 해’ ‘소경이 그르냐 개천이 그르냐’ ‘장님 개천 나무란다’",wisdom,1,3,,611934,https://opendict.korean.go.kr/dictionary/view?sense_no=611934
소경이 그르냐 개천이 그르냐,"개천에 빠진 소경이 제 결함은 생각지 아니하고 개천만 나무란다는 뜻으로, 자기 결함은 생각지 아니하고 애꿎은 사람이나 조건만 탓하는 경우를 비유적으로 이르는 말. &lt;동의 속담&gt; ‘소경 개천 나무란다’ ‘눈먼 탓이나 하지 개천 나무래 무엇 하나’ ‘봉사 개천 나무란다’ ‘소경 개천 그르다 하여 무얼 해’ ‘장님 개천 나무란다’",wisdom,1,3,,611973,https://opendict.korean.go.kr/dictionary/view?sense_no=611973
소는 몰고 말은 끈다,"소는 뒤에서 몰면서 가야 잘 가고 말은 앞에서 끌어야 잘 간다는 뜻으로, 모든 일을 이치에 맞게 하여야 함을 비유적으로 이르는 말. &lt;동의 속담&gt; ‘소는 몰아야 가고 말은 끌어야 간다’",wisdom,1,3,,612631,https://opendict.korean.go.kr/dictionary/view?sense_no=612631
소는 몰아야 가고 말은 끌어야 간다,"소는 뒤에서 몰면서 가야 잘 가고 말은 앞에서 끌어야 잘 간다는 뜻으로, 모든 일을 이치에 맞게 하여야 함을 비유적으로 이르는 말. &lt;동의 속담&gt; ‘소는 몰고 말은 끈다’",wisdom,1,3,,612632,https://opendict.korean.go.kr/dictionary/view?sense_no=612632
장님 개천 나무란다,"개천에 빠진 장님이 제 결함은 생각지 아니하고 개천만 나무란다는 뜻으로, 자기 결함은 생각지 아니하고 애꿎은 사람이나 조건만 탓하는 경우를 비유적으로 이르는 말. &lt;동의 속담&gt; ‘소경 개천 나무란다’ ‘눈먼 탓이나 하지 개천 나무래 무엇 하나’ ‘봉사 개천 나무란다’ ‘소경 개천 그르다 하여 무얼 해’ ‘소경이 그르냐 개천이 그르냐’",wisdom,1,3,,614311,https://opendict.korean.go.kr/dictionary/view?sense_no=614311
주먹은 가깝고 법은 멀다,법보다는 폭력이 더 우세하다는 말. &lt;동의 속담&gt; ‘법은 멀고 주먹은 가깝다’,wisdom,1,3,violent:gray,615097,https://opendict.korean.go.kr/dictionary/view?sense_no=615097
집이 가난하면 효자가 나고 나라가 어지러우면 충신이 난다,"가난한 집에는 부모를 공대하는 효자가 나오고, 나라가 어지러워 반역의 무리가 날뛸 때에는 그를 반대하여 싸우는 충신이 나오게 된다는 말. &lt;동의 속담&gt; ‘나라가 어지러우면 충신이 난다’",wisdom,1,3,,615073,https://opendict.korean.go.kr/dictionary/view?sense_no=615073
참새고기를 먹으면 까불고 닭의 발목을 먹으면 버르집는다,참새고기를 먹으면 참새같이 까불게 되고 닭의 발목을 먹으면 닭과 같이 헤집는 버릇이 생김을 놀림조로 이르는 말.,wisdom,1,3,,606288,https://opendict.korean.go.kr/dictionary/view?sense_no=606288
참새를 까먹었다,말이 빠르고 몹시 재잘거리기를 잘함을 비유적으로 이르는 말. &lt;동의 속담&gt; ‘참새를 볶아 먹었나’ ‘참새 알을 까먹었나’,wisdom,1,3,,615306,https://opendict.korean.go.kr/dictionary/view?sense_no=615306
참새를 볶아 먹었나,말이 빠르고 몹시 재잘거리기를 잘함을 비유적으로 이르는 말. &lt;동의 속담&gt; ‘참새를 까먹었다’ ‘참새 알을 까먹었나’,wisdom,1,3,,615307,https://opendict.korean.go.kr/dictionary/view?sense_no=615307
참새 알을 까먹었나,말이 빠르고 몹시 재잘거리기를 잘함을 비유적으로 이르는 말. &lt;동의 속담&gt; ‘참새를 볶아 먹었나’ ‘참새를 까먹었다’,wisdom,1,3,,615286,https://opendict.korean.go.kr/dictionary/view?sense_no=615286
참외밭에 든 녀석,"몰래 남의 참외 밭에 들어 익은 참외를 따겠다고 이리 뛰고 저리 뛰는 녀석이라는 뜻으로, 몹시 날뛰고 덤비는 사람을 비유적으로 이르는 말.",wisdom,1,3,,615446,https://opendict.korean.go.kr/dictionary/view?sense_no=615446
참을 인(忍) 자를 붙이고 다니랬다,어떤 경우에도 끝까지 참으면 무슨 일이든 이루지 못할 것이 없다는 말. &lt;동의 속담&gt; ‘참을 인(忍) 자 셋이면 살인도 피한다’,wisdom,1,3,violent:gray,615343,https://opendict.korean.go.kr/dictionary/view?sense_no=615343
참을 인(忍) 자 셋이면 살인도 피한다,어떤 경우에도 끝까지 참으면 무슨 일이든 이루지 못할 것이 없다는 말. &lt;동의 속담&gt; ‘참을 인(忍) 자를 붙이고 다니랬다’,wisdom,1,3,violent:gray,615342,https://opendict.korean.go.kr/dictionary/view?sense_no=615342
청기와 장수,비법이나 기술 따위를 자기만 알고 남에게는 알려 주지 아니하는 사람을 비유적으로 이르는 말. 옛날 어떤 사람이 청기와 굽는 법을 창안했으나 이익을 혼자 차지할 생각으로 남에게 그 방법을 가르치지 않았다는 이야기에서 나온 말이다.,wisdom,1,3,violent:gray,606229,https://opendict.korean.go.kr/dictionary/view?sense_no=606229
한시를 참으면 백 날이 편하다,"일시적인 화를 참으면 나중의 생활이 편하다는 뜻으로, 격분하더라도 참는 것이 제일이라는 말.",wisdom,1,3,violent:gray,615982,https://opendict.korean.go.kr/dictionary/view?sense_no=615982
갑갑한 놈이 송사한다,제일 급하고 일이 필요한 사람이 그 일을 서둘러 하게 되어 있다는 말. &lt;동의 속담&gt; ‘목마른 놈이 우물 판다’ ‘갑갑한 놈이 우물 판다’ ‘답답한 놈이 송사한다[소지(所志) 쓴다]’,wisdom,1,2,,600689,https://opendict.korean.go.kr/dictionary/view?sense_no=600689
갑갑한 놈이 우물 판다,제일 급하고 일이 필요한 사람이 그 일을 서둘러 하게 되어 있다는 말. &lt;동의 속담&gt; ‘목마른 놈이 우물 판다’ ‘갑갑한 놈이 송사한다’ ‘답답한 놈이 송사한다[소지(所志) 쓴다]’,wisdom,1,2,,600690,https://opendict.korean.go.kr/dictionary/view?sense_no=600690
강한 말은 매 놓은 기둥에 상한다,"힘이 매우 센 말은 그것이 움직이지 못하도록 단단히 매 놓은 기둥에 상처를 입게 된다는 뜻으로, 사람을 너무 구속하면 오히려 좋지 않은 결과를 가져올 수 있음을 비유적으로 이르는 말.",wisdom,1,2,sexual:gray|violent:gray,600714,https://opendict.korean.go.kr/dictionary/view?sense_no=600714
개 꼬리 잡고 선소리하겠군,"가죽을 벗겨 소고를 메울 동안을 못 참고 개 꼬리를 들고 선소리를 한다는 뜻으로, 참을성 없는 사람을 비유적으로 이르는 말.",wisdom,1,2,violent:gray,600771,https://opendict.korean.go.kr/dictionary/view?sense_no=600771
거짓말이 외삼촌보다 낫다,거짓말이 경우에 따라서는 큰 도움이 될 수 있다는 말.,wisdom,1,2,,607534,https://opendict.korean.go.kr/dictionary/view?sense_no=607534
계집의 곡한[독한] 마음 오뉴월에 서리 친다,여자가 한번 마음이 틀어져 미워하거나 원한을 품으면 오뉴월에도 서릿발이 칠 만큼 매섭고 독하다는 말. &lt;동의 속담&gt; ‘여자가 한을 품으면 오뉴월에도 서리가 내린다’,wisdom,1,2,sexual:gray|violent:gray,600966,https://opendict.korean.go.kr/dictionary/view?sense_no=600966
구두장이 셋이면 제갈량의 꾀를 이긴다,여러 사람의 지혜가 어떤 뛰어난 한 사람의 지혜보다 나음을 비유적으로 이르는 말. &lt;동의 속담&gt; ‘구두장이 셋이 모이면 제갈량보다 낫다’,wisdom,1,2,sexual:gray,601245,https://opendict.korean.go.kr/dictionary/view?sense_no=601245
구두장이 셋이 모이면 제갈량보다 낫다,여러 사람의 지혜가 어떤 뛰어난 한 사람의 지혜보다 나음을 비유적으로 이르는 말. &lt;동의 속담&gt; ‘구두장이 셋이면 제갈량의 꾀를 이긴다’,wisdom,1,2,sexual:gray,601244,https://opendict.korean.go.kr/dictionary/view?sense_no=601244
나라가 없어 진상하나,"나라님에게 무엇이 없어서 진상하는 것이 아니라는 뜻으로, 남에게 무엇을 주려는데 상대가 가지고 있다고 사양할 때 하는 말.",wisdom,1,2,,608022,https://opendict.korean.go.kr/dictionary/view?sense_no=608022
나라가 편해야 신하가 편하다,나라님이 편해야 그 밑의 신하들도 마음 편히 지낼 수 있다는 말.,wisdom,1,2,sexual:gray,608023,https://opendict.korean.go.kr/dictionary/view?sense_no=608023
내 말은 남이 하고 남 말은 내가 한다,누구나 다 남의 말 하기를 좋아한다는 말.,wisdom,1,2,,601779,https://opendict.korean.go.kr/dictionary/view?sense_no=601779
노루가 아이 업고 간다,"노루가 아이를 업고 갈 일이란 도저히 있을 수 없다는 뜻으로, 참여하지 않아도 될 일에 참여함을 비꼬는 말.",wisdom,1,2,,608639,https://opendict.korean.go.kr/dictionary/view?sense_no=608639
눈을 져다가 우물을 판다,"눈을 가져다가 가만히 두어도 물이 될 것을 거기에 또 우묵히 파서 물이 나게 한다는 뜻으로, 일 처리가 둔하고 답답한 것을 비유적으로 이르는 말.",wisdom,1,2,,602004,https://opendict.korean.go.kr/dictionary/view?sense_no=602004
늙은 소 바소 견디듯,탈이 난 늙은 소가 찌르는 바소를 참고 견디듯이 고통스러운 것을 겉으로 표현하지 않고 은근히 참아 견디는 모양을 비유적으로 이르는 말.,wisdom,1,2,,608952,https://opendict.korean.go.kr/dictionary/view?sense_no=608952
늙은이도 세 살 먹은 아이 말을 귀담아들으랬다,"어린아이가 하는 말이라도 일리가 있을 수 있으므로 소홀히 여기지 말고 귀담아들어야 한다는 뜻으로, 남이 하는 말을 신중하게 잘 들어야 함을 비유적으로 이르는 말. &lt;동의 속담&gt; ‘세 살 먹은 아이 말도 귀담아들으랬다’ ‘아이 말도 귀여겨들으랬다’ ‘어린아이 말도 귀담아들어라’ ‘업은 아기 말도 귀담아들으랬다’ ‘업은 자식에게 배운다’ ‘팔십 노인도 세 살 먹은 아이한테 배울 것이 있다’",wisdom,1,2,,602062,https://opendict.korean.go.kr/dictionary/view?sense_no=602062
달아나면 이밥 준다,위험이 닥쳐 몸을 피해야 할 때에는 싸우거나 다른 계책을 세우기보다 우선 피하는 것이 상책이라는 말. &lt;동의 속담&gt; ‘삼십육계 줄행랑이 제일[으뜸]’,wisdom,1,2,violent:gray,609160,https://opendict.korean.go.kr/dictionary/view?sense_no=609160
담뱃대로 가슴을 찌를 노릇,몹시 답답하고 원통함을 비유적으로 이르는 말. &lt;동의 속담&gt; ‘솜뭉치로 가슴(을) 칠 일(이다)’,wisdom,1,2,sexual:gray,602116,https://opendict.korean.go.kr/dictionary/view?sense_no=602116
답답한 놈이 송사한다[소지(所志) 쓴다],제일 급하고 일이 필요한 사람이 그 일을 서둘러 하게 되어 있다는 말. &lt;동의 속담&gt; ‘목마른 놈이 우물 판다’ ‘갑갑한 놈이 송사한다’ ‘갑갑한 놈이 우물 판다’,wisdom,1,2,,609325,https://opendict.korean.go.kr/dictionary/view?sense_no=609325
닷곱에 참녜 서 홉에 참견,남의 사소한 일에까지 간섭하는 것을 비유적으로 이르는 말.,wisdom,1,2,,602142,https://opendict.korean.go.kr/dictionary/view?sense_no=602142
덕석에 참새 떼 앉은 격,"소 잔등을 덮어 준 덕석에 참새 떼가 되는대로 내려앉은 격이라는 뜻으로, 어중이떠중이가 모여든 모양을 비유적으로 이르는 말.",wisdom,1,2,,609055,https://opendict.korean.go.kr/dictionary/view?sense_no=609055
독 안에서 푸념,"남이 들을까 봐 몰래 푸념한다는 뜻으로, 마음이 옹졸하여 하는 짓이 답답함을 이르는 말.",wisdom,1,2,sexual:gray,609468,https://opendict.korean.go.kr/dictionary/view?sense_no=609468
말 같지 않은 말은 귀가 없다,이치에 맞지 아니한 말은 못 들은 척한다는 말.,wisdom,1,2,,609725,https://opendict.korean.go.kr/dictionary/view?sense_no=609725
말은 꾸밀 탓으로 간다,같은 내용의 말이라도 하기에 달렸다는 말. &lt;동의 속담&gt;‘말은 할 탓이다’,wisdom,1,2,,609757,https://opendict.korean.go.kr/dictionary/view?sense_no=609757
말은 앵무새,말은 그럴듯하게 잘하나 실천이 없는 사람을 이르는 말.,wisdom,1,2,,609764,https://opendict.korean.go.kr/dictionary/view?sense_no=609764
말은 하는 데 달리지 않고 듣는 데 달렸다,남의 말은 귀담아서 바르게 이해하여 들어야 함을 이르는 말.,wisdom,1,2,,609768,https://opendict.korean.go.kr/dictionary/view?sense_no=609768
말은 할수록 늘고 되질은 할수록 준다,"말은 퍼질수록 보태어지고, 물건은 옮겨 갈수록 줄어든다는 말.",wisdom,1,2,,609770,https://opendict.korean.go.kr/dictionary/view?sense_no=609770
말은 할 탓이다,같은 내용의 말이라도 하기에 달렸다는 말. &lt;동의 속담&gt; ‘말은 꾸밀 탓으로 간다’,wisdom,1,2,,609769,https://opendict.korean.go.kr/dictionary/view?sense_no=609769
말은 해야 맛이고 고기는 씹어야 맛이다,마땅히 할 말은 해야 한다는 말.,wisdom,1,2,,609771,https://opendict.korean.go.kr/dictionary/view?sense_no=609771
말하는 것을 얼음에 박 밀듯 한다,"말을 하는 것이 마치 얼음판 위에서 박을 밀듯이 거침이 없다는 뜻으로, 말을 아주 유창하게 잘함을 이르는 말.",wisdom,1,2,sexual:gray|violent:gray,609786,https://opendict.korean.go.kr/dictionary/view?sense_no=609786
머리는 끝부터 가르고 말은 밑부터 한다,말은 시작부터 요령 있게 하여야 한다는 말.,wisdom,1,2,,609944,https://opendict.korean.go.kr/dictionary/view?sense_no=609944
먼저 먹은 후 답답,남보다 먼저 먹고 나서 남이 먹을 때에는 바라만 보고 있음을 이르는 말.,wisdom,1,2,sexual:gray,610161,https://opendict.korean.go.kr/dictionary/view?sense_no=610161
목마른 놈이 우물 판다,제일 급하고 일이 필요한 사람이 그 일을 서둘러 하게 되어 있다는 말. &lt;동의 속담&gt; ‘갑갑한 놈이 송사한다’ ‘갑갑한 놈이 우물 판다’ ‘답답한 놈이 송사한다[소지(所志) 쓴다]’,wisdom,1,2,,610353,https://opendict.korean.go.kr/dictionary/view?sense_no=610353
무식한 도깨비가 부작을 모른다,무식한 사람이 제게 중요한 것이 무엇인지 몰라서 크게 실수를 하게 된다는 말.,wisdom,1,2,,610113,https://opendict.korean.go.kr/dictionary/view?sense_no=610113
무식한 도깨비 진언을 알랴,무식한 사람을 비꼬는 말.,wisdom,1,2,,610112,https://opendict.korean.go.kr/dictionary/view?sense_no=610112
물 묻은 치마에 땀 묻는 걸 꺼리랴,"물이 묻어 젖은 치마에 땀방울이 묻는 것을 새삼스레 꺼리겠느냐는 뜻으로, 이왕 크게 잘못된 처지에서 소소하게 잘못된 것을 꺼릴 필요가 없음을 비유적으로 이르는 말.",wisdom,1,2,sexual:gray,610587,https://opendict.korean.go.kr/dictionary/view?sense_no=610587
민심은 천심,"백성의 마음이 곧 하늘의 마음과 같다는 뜻으로, 백성의 마음을 저버릴 수 없음을 비유적으로 이르는 말.",wisdom,1,2,sexual:gray,610827,https://opendict.korean.go.kr/dictionary/view?sense_no=610827
배곯고 있을 게 있나 약과라도 먹고 있지,어떤 대책을 제때에 취하지 못하고 속수무책으로 있는 경우를 놀림조로 이르는 말.,wisdom,1,2,,603369,https://opendict.korean.go.kr/dictionary/view?sense_no=603369
버선목이라 뒤집어 보이나,"버선목처럼 뒤집어 보일 수도 없어 답답하다는 뜻으로, 아무리 해명을 해도 상대편이 수긍을 하지 않는 경우를 비유적으로 이르는 말. &lt;동의 속담&gt; ‘버선목이라 (오장을) 뒤집어 보이지도 못하고’",wisdom,1,2,,610803,https://opendict.korean.go.kr/dictionary/view?sense_no=610803
버선목이라 (오장을) 뒤집어 보이지도 못하고,"버선목처럼 뒤집어 보일 수도 없어 답답하다는 뜻으로, 아무리 해명을 해도 상대편이 수긍을 하지 않는 경우를 비유적으로 이르는 말. &lt;동의 속담&gt; ‘버선목이라 뒤집어 보이나’",wisdom,1,2,,610802,https://opendict.korean.go.kr/dictionary/view?sense_no=610802
법 돌아가다가 외돌아가는 세상,"법대로 가는 것 같다가도 그릇된 방향으로 가는 세상이라는 뜻으로, 옳은 것과 그른 것이 뒤죽박죽이 되어 갈피를 잡을 수 없는 경우를 비유적으로 이르는 말.",wisdom,1,2,violent:gray,610874,https://opendict.korean.go.kr/dictionary/view?sense_no=610874
법 모르는 관리가 볼기로 위세 부린다,"법 규정이 어떻게 되어 있는지 알지 못하는 벼슬아치가 덮어놓고 볼기를 치며 위세를 부린다는 뜻으로, 실력이 없는 자가 덮어놓고 우격다짐으로 일을 처리하는 경우를 비유적으로 이르는 말.",wisdom,1,2,,610875,https://opendict.korean.go.kr/dictionary/view?sense_no=610875
벙어리 냉가슴 앓듯,"벙어리가 안타까운 마음을 하소연할 길이 없어 속만 썩이듯 한다는 뜻으로, 답답한 사정이 있어도 남에게 말하지 못하고 혼자만 괴로워하며 걱정하는 경우를 비유적으로 이르는 말. &lt;동의 속담&gt; ‘우황 든 소 앓듯’",wisdom,1,2,sexual:gray,611015,https://opendict.korean.go.kr/dictionary/view?sense_no=611015
봉사 눈 뜬 것 같다,어둡고 답답하다가 시원히 볼 수 있게 되거나 막혔던 일이 시원스럽게 해결되는 경우를 비유적으로 이르는 말.,wisdom,1,2,,603560,https://opendict.korean.go.kr/dictionary/view?sense_no=603560
봉산 참배는 물이나 있지,맛 좋다고 소문난 봉산의 참배에도 물이 있어 흠이 있는데 비하여 아무런 흠도 없음을 이르는 말. &lt;동의 속담&gt; ‘백미에는 뉘나 섞였지’,wisdom,1,2,sexual:gray,603650,https://opendict.korean.go.kr/dictionary/view?sense_no=603650
봉천답이 소나기를 싫다 하랴,"빗물에 의하여서만 농사를 짓는 봉천답이 소나기를 싫다고 할 리 없다는 뜻으로, 틀림없이 좋아할 것임을 비유적으로 이르는 말.",wisdom,1,2,,603612,https://opendict.korean.go.kr/dictionary/view?sense_no=603612
부름이 크면 대답도 크다,"큰 소리로 부르면 자연히 대답도 큰 소리로 하게 된다는 뜻으로, 서로 상응함을 이르는 말.",wisdom,1,2,,603515,https://opendict.korean.go.kr/dictionary/view?sense_no=603515
불을 즐기는 자는 불에 타 죽는다,침략 전쟁을 좋아하는 자는 침략 전쟁에서 망한다는 말.,wisdom,1,2,violent:gray,611345,https://opendict.korean.go.kr/dictionary/view?sense_no=611345
삼십육계 줄행랑이 제일[으뜸],위험이 닥쳐 몸을 피해야 할 때에는 싸우거나 다른 계책을 세우기보다 우선 피하는 것이 상책이라는 말. &lt;동의 속담&gt; ‘달아나면 이밥 준다’,wisdom,1,2,violent:gray,604019,https://opendict.korean.go.kr/dictionary/view?sense_no=604019
상좌 중의 법고 치듯,무엇을 아주 빨리 쾅쾅 치는 모양을 비유적으로 이르는 말. &lt;동의 속담&gt; ‘중의 법고 치듯’,wisdom,1,2,,612021,https://opendict.korean.go.kr/dictionary/view?sense_no=612021
새 도랑 내지 말고 옛 도랑 메우지 말라,새로운 법을 내려고 하기보다 오히려 옛 법을 잘 운영함이 나음을 비유적으로 이르는 말.,wisdom,1,2,sexual:gray,611818,https://opendict.korean.go.kr/dictionary/view?sense_no=611818
섬 속에서 소 잡아먹겠다,"작은 섬 속에서 큰 소를 잡아먹겠다는 뜻으로, 하는 짓이 옹졸하고 답답하며 근시안적임을 비유적으로 이르는 말.",wisdom,1,2,,604281,https://opendict.korean.go.kr/dictionary/view?sense_no=604281
세 살 먹은 아이 말도 귀담아들으랬다,"어린아이가 하는 말이라도 일리가 있을 수 있으므로 소홀히 여기지 말고 귀담아들어야 한다는 뜻으로, 남이 하는 말을 신중하게 잘 들어야 함을 비유적으로 이르는 말. &lt;동의 속담&gt; ‘늙은이도 세 살 먹은 아이 말을 귀담아들으랬다’ ‘아이 말도 귀여겨들으랬다’ ‘어린아이 말도 귀담아들어라’ ‘업은 아기 말도 귀담아들으랬다’ ‘업은 자식에게 배운다’ ‘팔십 노인도 세 살 먹은 아이한테 배울 것이 있다’",wisdom,1,2,,604331,https://opendict.korean.go.kr/dictionary/view?sense_no=604331
솔개도 오래면 꿩을 잡는다,어떤 분야에 대하여 지식과 경험이 전혀 없는 사람이라도 그 부문에 오랫동안 있으면 얼마간의 지식과 경험을 가지게 됨을 이르는 말.,wisdom,1,2,,612072,https://opendict.korean.go.kr/dictionary/view?sense_no=612072
솜뭉치로 가슴(을) 칠 일(이다),"아무리 쳐도 가슴이 시원해지지 않을 솜뭉치로 가슴을 칠 일이라는 뜻으로, 몹시 답답하고 원통함을 비유적으로 이르는 말. &lt;동의 속담&gt; ‘담뱃대로 가슴을 찌를 노릇’",wisdom,1,2,sexual:gray,604413,https://opendict.korean.go.kr/dictionary/view?sense_no=604413
쉬파리 똥 갈기듯 한다,주책없이 무책임한 짓을 함을 비유적으로 이르는 말.,wisdom,1,2,,604423,https://opendict.korean.go.kr/dictionary/view?sense_no=604423
어린아이 말도 귀담아들어라,"어린아이가 하는 말이라도 일리가 있을 수 있으므로 소홀히 여기지 말고 귀담아들어야 한다는 뜻으로, 남이 하는 말을 신중하게 잘 들어야 함을 비유적으로 이르는 말. &lt;동의 속담&gt; ‘세 살 먹은 아이 말도 귀담아들으랬다’ ‘늙은이도 세 살 먹은 아이 말을 귀담아들으랬다’ ‘아이 말도 귀여겨들으랬다’ ‘업은 아기 말도 귀담아들으랬다’ ‘업은 자식에게 배운다’ ‘팔십 노인도 세 살 먹은 아이한테 배울 것이 있다’",wisdom,1,2,,613496,https://opendict.korean.go.kr/dictionary/view?sense_no=613496
업은 아기 말도 귀담아들으랬다,"어린아이가 하는 말이라도 일리가 있을 수 있으므로 소홀히 여기지 말고 귀담아들어야 한다는 뜻으로, 남이 하는 말을 신중하게 잘 들어야 함을 비유적으로 이르는 말. &lt;동의 속담&gt; ‘세 살 먹은 아이 말도 귀담아들으랬다’ ‘늙은이도 세 살 먹은 아이 말을 귀담아들으랬다’ ‘아이 말도 귀여겨들으랬다’ ‘어린아이 말도 귀담아들어라’ ‘업은 자식에게 배운다’ ‘팔십 노인도 세 살 먹은 아이한테 배울 것이 있다’",wisdom,1,2,,613545,https://opendict.korean.go.kr/dictionary/view?sense_no=613545
업은 자식에게 배운다,"어린아이가 하는 말이라도 일리가 있을 수 있으므로 소홀히 여기지 말고 귀담아들어야 한다는 뜻으로, 남이 하는 말을 신중하게 잘 들어야 함을 비유적으로 이르는 말. &lt;동의 속담&gt; ‘세 살 먹은 아이 말도 귀담아들으랬다’ ‘늙은이도 세 살 먹은 아이 말을 귀담아들으랬다’ ‘아이 말도 귀여겨들으랬다’ ‘어린아이 말도 귀담아들어라’ ‘업은 아기 말도 귀담아들으랬다’ ‘팔십 노인도 세 살 먹은 아이한테 배울 것이 있다’",wisdom,1,2,,613548,https://opendict.korean.go.kr/dictionary/view?sense_no=613548
여자가 한을 품으면 오뉴월에도 서리가 내린다,여자가 한번 마음이 틀어져 미워하거나 원한을 품으면 오뉴월에도 서릿발이 칠 만큼 매섭고 독하다는 말. &lt;동의 속담&gt; ‘계집의 곡한[독한] 마음 오뉴월에 서리 친다’,wisdom,1,2,sexual:gray|violent:gray,604965,https://opendict.korean.go.kr/dictionary/view?sense_no=604965
여자는 높이 놀고 낮이 논다,여자는 시집을 잘 가고 못 감에 따라 귀해지기도 하고 천해지기도 함을 비유적으로 이르는 말.,wisdom,1,2,,604966,https://opendict.korean.go.kr/dictionary/view?sense_no=604966
여자는 사흘을 안 때리면 여우가 된다,여자는 간사한 짓을 부리기 쉽다는 말.,wisdom,1,2,violent:gray,604967,https://opendict.korean.go.kr/dictionary/view?sense_no=604967
여자는 익은 음식 같다,젊은 여자는 남자들이 덤비니 조심하여야 된다는 말.,wisdom,1,2,sexual:gray,604968,https://opendict.korean.go.kr/dictionary/view?sense_no=604968
여자는 제 고을 장날을 몰라야 팔자가 좋다,여자는 집 안에서 살림이나 하고 사는 것이 가장 행복한 것임을 비유적으로 이르는 말.,wisdom,1,2,,604969,https://opendict.korean.go.kr/dictionary/view?sense_no=604969
역놈의 새끼같이 대답을 잘한다,조금도 제 뜻을 굽히지 않고 떳떳하게 맞서서 말대답하는 경우를 비유적으로 이르는 말.,wisdom,1,2,,605041,https://opendict.korean.go.kr/dictionary/view?sense_no=605041
우황 든 소 앓듯,"우황에 걸린 소처럼 말도 못하고 앓기만 한다는 뜻으로, 답답한 사정이 있어도 남에게 말하지 못하고 혼자만 괴로워하며 걱정하는 경우를 비유적으로 이르는 말. &lt;동의 속담&gt; ‘벙어리 냉가슴 앓듯’",wisdom,1,2,sexual:gray,605330,https://opendict.korean.go.kr/dictionary/view?sense_no=605330
원님은 책방에서 춘다,"수령의 비서(祕書) 사무(事務)를 하는 책방에서 그 원님이 훌륭하다고 추어올린다는 뜻으로, 사람의 진가를 드러내는 일은 그를 잘 알고 있는 자이어야 함을 이르는 말.",wisdom,1,2,,605338,https://opendict.korean.go.kr/dictionary/view?sense_no=605338
의뭉한 두꺼비 옛말 한다,의뭉한 사람이 남의 말이나 옛말을 끌어다가 자기가 하고 싶은 말을 함을 이르는 말.,wisdom,1,2,,605447,https://opendict.korean.go.kr/dictionary/view?sense_no=605447
일색 소박은 있어도 박색 소박은 없다,"아름다운 여자는 흔히 잘난 체하므로 남편에게 소박을 당하여도, 못생긴 여자는 다소곳하므로 소박을 당하는 일이 적다는 말.",wisdom,1,2,sexual:gray,614307,https://opendict.korean.go.kr/dictionary/view?sense_no=614307
입은 가죽이 모자라서 냈나,"말하기 위해서 입을 냈지 살가죽이 모자라서 입을 내놓은 것이 아니라는 뜻으로, 말을 해야 할 때 말을 하지 않는 사람을 핀잔하는 말.",wisdom,1,2,violent:gray,613962,https://opendict.korean.go.kr/dictionary/view?sense_no=613962
입은 비뚤어져도 말은 바로 해라[하랬다],상황이 어떻든지 말은 언제나 바르게 하여야 함을 이르는 말. &lt;동의 속담&gt; ‘입은 비뚤어져도 주라는 바로 불어라’,wisdom,1,2,,613963,https://opendict.korean.go.kr/dictionary/view?sense_no=613963
입은 비뚤어져도 주라는 바로 불어라,상황이 어떻든지 말은 언제나 바르게 하여야 함을 이르는 말. &lt;동의 속담&gt; ‘입은 비뚤어져도 말은 바로 해라[하랬다]’,wisdom,1,2,,613964,https://opendict.korean.go.kr/dictionary/view?sense_no=613964
접시 물에 빠져 죽지,처지가 매우 궁박하여 어쩔 줄 모르고 답답해하는 경우를 비유적으로 이르는 말.,wisdom,1,2,violent:gray,614268,https://opendict.korean.go.kr/dictionary/view?sense_no=614268
주리 참듯,모진 고통을 억지로 참음을 비유적으로 이르는 말.,wisdom,1,2,sexual:gray,606017,https://opendict.korean.go.kr/dictionary/view?sense_no=606017
중의 법고 치듯,무엇을 아주 빨리 쾅쾅 치는 모양을 비유적으로 이르는 말. &lt;동의 속담&gt; ‘상좌 중의 법고 치듯’,wisdom,1,2,,614736,https://opendict.korean.go.kr/dictionary/view?sense_no=614736
참나무에 곁낫걸이,"단단한 참나무에다 대고 곁낫질을 한다는 뜻으로, 도저히 당하여 낼 수 없는 대상한테 멋도 모르고 주제넘게 덤벼듦을 비유적으로 이르는 말. &lt;동의 속담&gt; ‘장나무에 낫걸이’ ‘토막나무에 낫걸이’",wisdom,1,2,,606216,https://opendict.korean.go.kr/dictionary/view?sense_no=606216
참대밭에 쑥이 나도 참대같이 곧아진다,나쁜 사람도 좋은 사람들 속에 있으면 좋은 사람으로 변하게 됨을 비유적으로 이르는 말.,wisdom,1,2,,606315,https://opendict.korean.go.kr/dictionary/view?sense_no=606315
참빗이 뭔지도 모르는 참빗 장사,맡은 일에 대하여 아무것도 모르는 주제에 그 일을 맡아보는 사람을 비꼬는 말.,wisdom,1,2,,615229,https://opendict.korean.go.kr/dictionary/view?sense_no=615229
참새가 방앗간에 치여 죽어도 짹 하고 죽는다,아무리 약한 것이라도 너무 괴롭히면 대항한다는 말. &lt;동의 속담&gt; ‘참새가 죽어도 짹 한다’,wisdom,1,2,violent:gray,615295,https://opendict.korean.go.kr/dictionary/view?sense_no=615295
참새가 죽어도 짹 한다,아무리 약한 것이라도 너무 괴롭히면 대항한다는 말. &lt;동의 속담&gt; ‘참새가 방앗간에 치여 죽어도 짹 하고 죽는다’,wisdom,1,2,violent:gray,615300,https://opendict.korean.go.kr/dictionary/view?sense_no=615300
참새고기를 먹었나,‘참새를 볶아 먹었나’의 북한 속담.,wisdom,1,2,,606287,https://opendict.korean.go.kr/dictionary/view?sense_no=606287
참외도 까마귀 파먹은 것이 다르다,"까마귀가 잘 익은 참외만 골라서 파먹는다는 뜻으로, 남이 좋다고 욕심을 내는 것은 역시 좋은 것이 틀림없음을 비유적으로 이르는 말.",wisdom,1,2,sexual:gray,615448,https://opendict.korean.go.kr/dictionary/view?sense_no=615448
책력 보아 가며 밥 먹는다,"매일 밥을 먹을 수가 없어 책력을 보아 가며 좋은 날만을 택하여 밥을 먹는다는 뜻으로, 가난하여 끼니를 자주 거른다는 말.",wisdom,1,2,violent:gray,615514,https://opendict.korean.go.kr/dictionary/view?sense_no=615514
책을 떠난 식자란 있을 수 없다,지식을 넓혀 나가는 데에 책이 매우 중요함을 강조하여 이르는 말.,wisdom,1,2,violent:gray,615662,https://opendict.korean.go.kr/dictionary/view?sense_no=615662
층층시하에 줄방귀 참는 새댁처럼,몹시 참기 어려움을 비유적으로 이르는 말.,wisdom,1,2,,606463,https://opendict.korean.go.kr/dictionary/view?sense_no=606463
팔십 노인도 세 살 먹은 아이한테 배울 것이 있다,"어린아이가 하는 말이라도 일리가 있을 수 있으므로 소홀히 여기지 말고 귀담아들어야 한다는 뜻으로, 남이 하는 말을 신중하게 잘 들어야 함을 비유적으로 이르는 말. &lt;동의 속담&gt; ‘세 살 먹은 아이 말도 귀담아들으랬다’ ‘늙은이도 세 살 먹은 아이 말을 귀담아들으랬다’ ‘아이 말도 귀여겨들으랬다’ ‘어린아이 말도 귀담아들어라’ ‘업은 아기 말도 귀담아들으랬다’ ‘업은 자식에게 배운다’",wisdom,1,2,,615900,https://opendict.korean.go.kr/dictionary/view?sense_no=615900
호박꽃도 꽃이냐,예쁘지 않은 여자는 여자로 볼 수 없음을 이르는 말.,wisdom,1,2,sexual:gray,616321,https://opendict.korean.go.kr/dictionary/view?sense_no=616321
가꾸지 않는 곡식 잘되는 법이 없다,공들여 가꾸지 않고 버려둔 곡식이 잘되는 일이 없듯이 사람을 바르게 가르치고 잘 이끌지 않으면 제구실을 못 한다는 말.,wisdom,1,1,,607069,https://opendict.korean.go.kr/dictionary/view?sense_no=607069
가락꼬치 아니면 송곳,"날카로워서 잘 꿰뚫는다는 뜻으로, 판단이 아주 정확함을 비유적으로 이르는 말.",wisdom,1,1,,600507,https://opendict.korean.go.kr/dictionary/view?sense_no=600507
가마가 검기로 밥도 검을까,"가마가 검다고 하여 가마 안의 밥까지 검겠느냐는 뜻으로, 겉이 좋지 않다고 하여 속도 좋지 않을 것이라고 경솔하게 판단하지 말라는 말. &lt;동의 속담&gt; ‘가마솥이 검기로 밥도 검을까’ ‘겉이 검기로 속도 검을까’",wisdom,1,1,,600511,https://opendict.korean.go.kr/dictionary/view?sense_no=600511
가마솥이 검기로 밥도 검을까,"가마솥이 검다고 하여 가마솥 안의 밥까지 검겠느냐는 뜻으로, 겉이 좋지 않다고 하여 속도 좋지 않을 것이라고 경솔하게 판단하지 말라는 말. &lt;동의 속담&gt; ‘가마가 검기로 밥도 검을까’ ‘겉이 검기로 속도 검을까’",wisdom,1,1,,607039,https://opendict.korean.go.kr/dictionary/view?sense_no=607039
간다 간다 하면서 아이 셋 낳고 간다,어떤 일을 하겠다고 늘 말을 하면서도 실행하지 못함을 비유적으로 이르는 말.,wisdom,1,1,,600501,https://opendict.korean.go.kr/dictionary/view?sense_no=600501
갈매기도 제집이 있다,"하찮은 갈매기도 다 제집이 있는 법이라는 뜻으로, 집 없는 사람의 서러운 처지를 한탄하여 이르는 말. &lt;동의 속담&gt; ‘까막까치도 집이 있다’ ‘우렁이도 집이 있다’",wisdom,1,1,violent:gray,607079,https://opendict.korean.go.kr/dictionary/view?sense_no=607079
감 고장의 인심,"감나무가 많은 고장에서는 누가 감을 따 먹어도 아무도 말리는 법이 없다는 데서, 매우 순박하고 후한 인심을 비유적으로 이르는 말.",wisdom,1,1,violent:gray,600647,https://opendict.korean.go.kr/dictionary/view?sense_no=600647
감출 줄은 모르고 훔칠 줄만 안다,생각이 밝지 못하여 도무지 융통성이 없고 미련하다는 말. &lt;동의 속담&gt; ‘하나만 알고 둘은 모른다’,wisdom,1,1,,607095,https://opendict.korean.go.kr/dictionary/view?sense_no=607095
갓 쓰고 망신(한다),한껏 점잔을 빼고 있는데 뜻하지 아니한 망신을 당하여 더 무참하게 되었음을 비유적으로 이르는 말.,wisdom,1,1,sexual:gray,600710,https://opendict.korean.go.kr/dictionary/view?sense_no=600710
강아지도 닷새면 주인을 안다,"짐승인 개도 닷새면 자기를 돌봐 주는 주인을 안다는 뜻으로, 배은망덕한 사람을 꾸짖어 이르는 말. &lt;동의 속담&gt; ‘개도 주인을 알아본다’ ‘개도 닷새가 되면 주인을 안다’ ‘개도 제 주인을 보면 꼬리 친다’ ‘개 새끼도 주인을 보면 꼬리를 친다’",wisdom,1,1,,607113,https://opendict.korean.go.kr/dictionary/view?sense_no=607113
강원도 삼척,"방이 몹시 추움을 비유적으로 이르는 말. 삼척은 삼청의 잘못된 발음으로, 삼청(三廳) 즉 옛날 금군 삼청(禁軍三廳)의 방에는 늘 불을 때지 않아 방이 매우 찼다는 데서 유래한 말이다. &lt;동의 속담&gt; ‘강원도 안 가도 삼척’",wisdom,1,1,sexual:gray|violent:gray,600740,https://opendict.korean.go.kr/dictionary/view?sense_no=600740
강원도 안 가도 삼척,"방이 몹시 추움을 비유적으로 이르는 말. 삼척은 삼청의 잘못된 발음으로, 삼청(三廳) 즉 옛날 금군 삼청(禁軍三廳)의 방에는 늘 불을 때지 않아 방이 매우 찼다는 데서 유래한 말이다. &lt;동의 속담&gt; ‘강원도 삼척’",wisdom,1,1,sexual:gray|violent:gray,600741,https://opendict.korean.go.kr/dictionary/view?sense_no=600741
개가 약과 먹은 것 같다,참맛도 모르면서 바삐 먹어 치우는 것을 이르는 말. &lt;동의 속담&gt; ‘개 머루[약과] 먹듯’,wisdom,1,1,,600818,https://opendict.korean.go.kr/dictionary/view?sense_no=600818
개구리 움츠리는[주저앉는] 뜻은 멀리 뛰자는 뜻이다,어떤 큰일을 하기 위한 준비 태세가 언뜻 보기에는 못나고 어리석어 보일 수 있음을 비유적으로 이르는 말.,wisdom,1,1,sexual:gray,607368,https://opendict.korean.go.kr/dictionary/view?sense_no=607368
개도 닷새가 되면 주인을 안다,"짐승인 개도 닷새가 되면 자기를 돌봐 주는 주인을 안다는 뜻으로, 배은망덕한 사람을 꾸짖어 이르는 말. &lt;동의 속담&gt; ‘개도 주인을 알아본다’ ‘강아지도 닷새면 주인을 안다’ ‘개도 제 주인을 보면 꼬리 친다’ ‘개 새끼도 주인을 보면 꼬리를 친다’",wisdom,1,1,,600829,https://opendict.korean.go.kr/dictionary/view?sense_no=600829
개도 제 주인을 보면 꼬리 친다,"짐승인 개도 자기를 돌봐 주는 주인을 안다는 뜻으로, 배은망덕한 사람을 꾸짖어 이르는 말. &lt;동의 속담&gt; ‘개도 주인을 알아본다’ ‘강아지도 닷새면 주인을 안다’ ‘개도 닷새가 되면 주인을 안다’ ‘개 새끼도 주인을 보면 꼬리를 친다’",wisdom,1,1,,600836,https://opendict.korean.go.kr/dictionary/view?sense_no=600836
개도 주인을 알아본다,"짐승인 개도 자기를 돌봐 주는 주인을 안다는 뜻으로, 배은망덕한 사람을 꾸짖어 이르는 말. &lt;동의 속담&gt; ‘강아지도 닷새면 주인을 안다’ ‘개도 닷새가 되면 주인을 안다’ ‘개도 제 주인을 보면 꼬리 친다’ ‘개 새끼도 주인을 보면 꼬리를 친다’",wisdom,1,1,,600838,https://opendict.korean.go.kr/dictionary/view?sense_no=600838
개똥참외도 가꿀 탓이다,평범한 사람도 잘 가르치면 훌륭한 인물이 될 수 있음을 비유적으로 이르는 말.,wisdom,1,1,sexual:gray,607121,https://opendict.korean.go.kr/dictionary/view?sense_no=607121
개똥참외도 임자가 있다,어떤 물건이든 다 임자가 있음을 비유적으로 이르는 말.,wisdom,1,1,sexual:gray,607122,https://opendict.korean.go.kr/dictionary/view?sense_no=607122
개 머루[약과] 먹듯,참맛도 모르면서 바삐 먹어 치우는 것을 이르는 말. &lt;동의 속담&gt; ‘개가 약과 먹은 것 같다’,wisdom,1,1,,600777,https://opendict.korean.go.kr/dictionary/view?sense_no=600777
개미역사 하듯,큰 대상에 새까맣게 달라붙어 사면팔방으로 공격하여 들어감을 비유적으로 이르는 말.,wisdom,1,1,,607384,https://opendict.korean.go.kr/dictionary/view?sense_no=607384
갯고랑을 베게 되었다,"갯고랑을 베개 삼아 비참하게 한데에서 죽을 지경에 이르렀다는 뜻으로, 욕으로 쓰는 말.",wisdom,1,1,violent:gray,607402,https://opendict.korean.go.kr/dictionary/view?sense_no=607402
걱정도 팔자(다),하지 않아도 될 걱정을 하거나 관계도 없는 남의 일에 참견하는 사람에게 놀림조로 이르는 말.,wisdom,1,1,,607453,https://opendict.korean.go.kr/dictionary/view?sense_no=607453
건너다보니 절터(라),일의 결과가 신통치 않음이 뻔하게 내다보인다는 말.,wisdom,1,1,sexual:gray,600864,https://opendict.korean.go.kr/dictionary/view?sense_no=600864
건너다보니 절터요 찌그르르하니 입맛(이라),걸핏하면 아이들이 먹을 것을 주지 않나 하고 기대하는 것을 놀림조로 이르는 말.,wisdom,1,1,,600866,https://opendict.korean.go.kr/dictionary/view?sense_no=600866
검은 데 가면 검어지고 흰 데 가면 희어진다,주위 환경이 사람의 사상이나 성격에 큰 영향을 줌을 이르는 말.,wisdom,1,1,,600886,https://opendict.korean.go.kr/dictionary/view?sense_no=600886
겉이 검기로 속도 검을까,"겉이 검다고 하여 속까지 검겠느냐는 뜻으로, 겉이 좋지 않다고 하여 속도 좋지 않을 것이라고 경솔하게 판단하지 말라는 말. &lt;동의 속담&gt; ‘가마가 검기로 밥도 검을까’ ‘가마솥이 검기로 밥도 검을까’",wisdom,1,1,,607093,https://opendict.korean.go.kr/dictionary/view?sense_no=607093
겨울이 다 되어야 솔이 푸른 줄 안다,"푸른 것이 다 없어진 한겨울에야 솔이 푸른 줄 안다는 뜻으로, 위급하거나 어려운 고비를 당하여 보아야 비로소 그 사람의 진가를 알 수 있음을 비유적으로 이르는 말.",wisdom,1,1,sexual:gray,607249,https://opendict.korean.go.kr/dictionary/view?sense_no=607249
겨 주고 겨 바꾼다,쓸데없는 일을 하거나 어리석은 일을 하는 것을 비유적으로 이르는 말.,wisdom,1,1,,607325,https://opendict.korean.go.kr/dictionary/view?sense_no=607325
경신년 글강 외듯,하지 않아도 좋을 말을 거듭 되풀이함을 이르는 말. &lt;동의 속담&gt; ‘무진년 글강 외듯’,wisdom,1,1,,600981,https://opendict.korean.go.kr/dictionary/view?sense_no=600981
경위가 삼칠장이라,"투전에서 끗수가 3, 7, 10이면 끗수가 없는 판이 된다는 데에서 사물의 옳고 그름과 좋고 나쁨을 가리지 못함을 이르는 말.",wisdom,1,1,,607536,https://opendict.korean.go.kr/dictionary/view?sense_no=607536
경주 돌이면 다 옥석인가,"사물을 평가할 때, 그것이 나는 곳이나 그 이름만을 가지고서 판단할 수 없다는 말. &lt;동의 속담&gt; ‘처녀면 다 확실인가’",wisdom,1,1,,607502,https://opendict.korean.go.kr/dictionary/view?sense_no=607502
계집은 상을 들고 문지방을 넘으며 열두 가지 생각을 한다,"아내가 남편에게 할 이야기가 많지만 말할 기회가 없어 못하고 있다가, 밥상을 들고 들어가면서 여러 가지 할 말을 생각한다는 말.",wisdom,1,1,sexual:gray,600964,https://opendict.korean.go.kr/dictionary/view?sense_no=600964
계집의 얼굴은 눈의 안경,여자의 얼굴이 곱고 미운 것은 보는 사람에 따라 다르다는 말.,wisdom,1,1,sexual:gray,600970,https://opendict.korean.go.kr/dictionary/view?sense_no=600970
계집의 주둥이는 사기 접시를 뒤집어 놓는다,여자들의 말시비가 사기 접시까지 뒤집힐 정도로 심하다는 말.,wisdom,1,1,sexual:gray,600971,https://opendict.korean.go.kr/dictionary/view?sense_no=600971
계집이 늙으면 여우가 된다,여자는 나이를 먹을수록 요망스러워진다는 말.,wisdom,1,1,sexual:gray,600972,https://opendict.korean.go.kr/dictionary/view?sense_no=600972
계집 입 싼 것,"입이 가볍고 말이 헤픈 여자는 화를 일으키는 일이 많다는 뜻으로, 아무짝에도 쓸데없고 도리어 해롭기만 하다는 말. &lt;동의 속담&gt; ‘어린애 입 잰 것’",wisdom,1,1,sexual:gray,600961,https://opendict.korean.go.kr/dictionary/view?sense_no=600961
고기 그물에 기러기가 걸린다,‘참새 그물에 기러기 걸린다’의 북한 속담.,wisdom,1,1,,607724,https://opendict.korean.go.kr/dictionary/view?sense_no=607724
고기는 씹어야 맛을 안다,겉으로만 핥아서는 그 진미를 모른다는 말.,wisdom,1,1,,607732,https://opendict.korean.go.kr/dictionary/view?sense_no=607732
고사리는 귀신도 좋아한다,"예로부터 고사리는 제상을 받으러 온 귀신도 다 좋아해서 제상에 빼놓지 않고 올려놓았다는 데서, 우리나라 사람 모두가 몹시 즐겨 먹는 음식임을 비유적으로 이르는 말.",wisdom,1,1,sexual:gray,601033,https://opendict.korean.go.kr/dictionary/view?sense_no=601033
고양이가 알 낳을 노릇이다[일이다],터무니없는 거짓말 같은 일이라는 말.,wisdom,1,1,,601083,https://opendict.korean.go.kr/dictionary/view?sense_no=601083
곪으면 터지는 법,"살이 곪으면 마침내 터지고 말듯이, 원한이나 갈등이 쌓이고 쌓이면 마침내 터지고야 만다는 것을 비유적으로 이르는 말.",wisdom,1,1,,607602,https://opendict.korean.go.kr/dictionary/view?sense_no=607602
곪은 염통이 그냥 나을가,"이미 곪은 염통은 그냥 나을 수 없으며 터지고야 만다는 뜻으로, 잘못된 일은 아무리 감싸도 결국에는 드러나고야 만다는 것을 비유적으로 이르는 말.",wisdom,1,1,,607603,https://opendict.korean.go.kr/dictionary/view?sense_no=607603
곱게 살면 갚음 받을 날이 있다,바른 양심을 가지고 진실하게 살아가다 보면 나중에는 좋은 결과를 얻게 됨을 이르는 말.,wisdom,1,1,sexual:gray,607477,https://opendict.korean.go.kr/dictionary/view?sense_no=607477
공자 왈 맹자 왈 (하는 식),"공자, 맹자를 거론하며 유학의 가르침을 아는 체함을 이르는 말.",wisdom,1,1,,607642,https://opendict.korean.go.kr/dictionary/view?sense_no=607642
과부 집에 가서 바깥양반 찾기,사람 또는 물건 따위가 있을 수 없는 데에 가서 엉뚱하게 그것을 찾는 경우를 비유적으로 이르는 말. &lt;동의 속담&gt; ‘절간에 가서 참빗 찾기’ ‘절에 가서 젓국 달라 한다’,wisdom,1,1,,601180,https://opendict.korean.go.kr/dictionary/view?sense_no=601180
관기 보자 하니 에누리 수작이라,하는 꼴이 신통치 않아 쓸데없는 짓이나 하게 생겼다는 말.,wisdom,1,1,,607741,https://opendict.korean.go.kr/dictionary/view?sense_no=607741
광주리에 담은 밥도 엎어질 수가 있다,틀림없을 듯한 것도 실수하여 그르칠 수가 있음을 비유적으로 이르는 말.,wisdom,1,1,sexual:gray,607513,https://opendict.korean.go.kr/dictionary/view?sense_no=607513
괴 딸 아비,"고양이 딸의 아비라는 뜻으로, 그 내력을 도무지 알 수 없는 사람을 비유적으로 이르는 말.",wisdom,1,1,,607415,https://opendict.korean.go.kr/dictionary/view?sense_no=607415
구두 신고 발등 긁기,"구두를 신고 발등을 긁으면 긁으나 마나라는 뜻으로, 요긴한 곳에 직접 미치지 못하여 안타까운 경우를 비유적으로 이르는 말. &lt;동의 속담&gt; ‘신 신고 발바닥 긁기’ ‘목화 신고 발등 긁기’ ‘버선 신고 발바닥 긁기’ ‘옷을 격해 가려운 데를 긁는다’ ‘옷 입고 가려운 데 긁기’",wisdom,1,1,,601249,https://opendict.korean.go.kr/dictionary/view?sense_no=601249
구름 없는 하늘에 비 올까,필요한 조건 없이 결과가 이루어지는 법이 없음을 강조하여 이르는 말.,wisdom,1,1,sexual:gray,601232,https://opendict.korean.go.kr/dictionary/view?sense_no=601232
구린 입 지린 입,하는 말이 시시하고 더러워서 그런 말을 하는 입조차도 구리고 지리다는 말.,wisdom,1,1,,607762,https://opendict.korean.go.kr/dictionary/view?sense_no=607762
구멍 속의 뱀이 서 발인지 너 발인지,아직 나타나지 않은 재능이나 감추어져 있는 사물은 그 정도를 판단하기가 매우 어려움을 비유적으로 이르는 말. &lt;동의 속담&gt; ‘구멍에 든 뱀 (길이를 모른다)’ ‘뱀의 굴이 석 자인지 넉 자인지 어찌 알랴’,wisdom,1,1,violent:gray,607572,https://opendict.korean.go.kr/dictionary/view?sense_no=607572
구멍에 든 뱀 (길이를 모른다),아직 나타나지 않은 재능이나 감추어져 있는 사물은 그 정도를 판단하기가 매우 어려움을 비유적으로 이르는 말. &lt;동의 속담&gt; ‘구멍 속의 뱀이 서 발인지 너 발인지’ ‘뱀의 굴이 석 자인지 넉 자인지 어찌 알랴’,wisdom,1,1,violent:gray,607573,https://opendict.korean.go.kr/dictionary/view?sense_no=607573
구멍은 깎을수록 커진다,잘못된 일을 변명하고 얼버무리려고 하면 할수록 더욱 일이 어려워짐을 비유적으로 이르는 말.,wisdom,1,1,,607574,https://opendict.korean.go.kr/dictionary/view?sense_no=607574
구복이 원수(라),"입으로 먹고 배를 채우는 일이 원수 같다는 뜻으로, 먹고살기 위하여 괴로운 일이나 아니꼬운 일도 참아야 한다는 말.",wisdom,1,1,,601239,https://opendict.korean.go.kr/dictionary/view?sense_no=601239
구운 게도 다리를 떼고[매 놓고] 먹는다,"구운 게라도 혹시 물지 모르므로 다리를 떼고 먹는다는 뜻으로, 틀림없을 듯하더라도 만일의 경우를 생각하여 세심한 주의를 기울여야 낭패가 없음을 이르는 말. &lt;동의 속담&gt; ‘구운 게도 매어 먹어라’",wisdom,1,1,sexual:gray|violent:gray,607859,https://opendict.korean.go.kr/dictionary/view?sense_no=607859
구운 게도 매어 먹어라,"구운 게라도 혹시 물지 모르므로 다리를 매고 먹는다는 뜻으로, 틀림없을 듯하더라도 만일의 경우를 생각하여 세심한 주의를 기울여야 낭패가 없음을 이르는 말. &lt;동의 속담&gt; ‘구운 게도 다리를 떼고[매 놓고] 먹는다’",wisdom,1,1,sexual:gray|violent:gray,607861,https://opendict.korean.go.kr/dictionary/view?sense_no=607861
국사에도 사정이 있다,"나라의 일에도 사정을 봐주는 경우가 있다는 뜻으로, 어째서 남의 사정을 좀 봐주지 않느냐는 말.",wisdom,1,1,,601264,https://opendict.korean.go.kr/dictionary/view?sense_no=601264
국이 끓는지 장이 끓는지 (모른다),일이 어떻게 돌아가는지 도무지 영문을 모르겠다는 말.,wisdom,1,1,,601256,https://opendict.korean.go.kr/dictionary/view?sense_no=601256
굿 구경을 하려면 계면떡이 나오도록,무슨 일이든 착수를 하면 참고 견디어 끝장을 보아야 한다는 말.,wisdom,1,1,,601326,https://opendict.korean.go.kr/dictionary/view?sense_no=601326
궁한 뒤에 행세를 본다,어려운 일을 당하여야 비로소 그 사람의 참된 가치나 본성을 엿볼 수 있음을 비유적으로 이르는 말.,wisdom,1,1,sexual:gray,601356,https://opendict.korean.go.kr/dictionary/view?sense_no=601356
귀때기가 떨어졌으면 이다음 와 찾지,우물쭈물하지 말고 급히 떠나라는 말.,wisdom,1,1,sexual:gray,601372,https://opendict.korean.go.kr/dictionary/view?sense_no=601372
귀머거리 제 마음에 있는 소리 한다,"귀머거리는 남의 말을 듣지 못하므로 그저 제가 생각하고 있는 말만을 한다는 뜻으로, 남의 이야기는 듣지도 않고 자기 마음에 있는 이야기만 함을 이르는 말.",wisdom,1,1,sexual:gray,608032,https://opendict.korean.go.kr/dictionary/view?sense_no=608032
귀먹은 중 마 캐듯,남이 무슨 말을 하거나 말거나 알아듣지 못한 체하고 저 하던 일만 그대로 함을 비유적으로 이르는 말.,wisdom,1,1,,608038,https://opendict.korean.go.kr/dictionary/view?sense_no=608038
귀신은 경으로 떼고 도깨비는 방망이로 뗀다,말을 듣지 아니하거나 미쳐 날뛰는 놈들은 강제적인 힘으로 다스려야 함을 비유적으로 이르는 말.,wisdom,1,1,,607891,https://opendict.korean.go.kr/dictionary/view?sense_no=607891
귀에다 말뚝을 박았나,말을 잘 알아듣지 못하는 사람을 핀잔하는 말. &lt;동의 속담&gt; ‘귓구멍에 마늘쪽 박았나’,wisdom,1,1,,607689,https://opendict.korean.go.kr/dictionary/view?sense_no=607689
귓구멍에 마늘쪽 박았나,말을 잘 알아듣지 못하는 사람을 핀잔하는 말. &lt;동의 속담&gt; ‘귀에다 말뚝을 박았나’,wisdom,1,1,,601391,https://opendict.korean.go.kr/dictionary/view?sense_no=601391
귓구멍이 나팔통 같다,"귓구멍이 크다는 뜻으로, 남의 말을 잘 듣는 사람을 두고 이르는 말.",wisdom,1,1,,601392,https://opendict.korean.go.kr/dictionary/view?sense_no=601392
글 속에도 글 있고 말 속에도 말 있다,"글이라고 하여 다 글이 아니며 말이라고 하여 다 말이 아니라는 뜻으로, 쓸 만한 글과 말은 따로 있음을 비유적으로 이르는 말.",wisdom,1,1,sexual:gray,607955,https://opendict.korean.go.kr/dictionary/view?sense_no=607955
금강산 상상봉에 물 밀어 배 띄워 평지 되거든,도무지 실현될 가능성이 없는 일임을 비유적으로 이르는 말. &lt;동의 속담&gt; ‘기암절벽 천층석(千層石)이 눈비 맞아 썩어지거든’ ‘까마귀 대가리 희거든’,wisdom,1,1,,607759,https://opendict.korean.go.kr/dictionary/view?sense_no=607759
금승말 갈기 외로 질지 바로 질지 모른다,"어린 말의 갈기가 장차 어느 쪽으로 넘어질지 모른다는 뜻으로, 일이 앞으로 어떻게 될지 짐작할 수 없음을 비유적으로 이르는 말.",wisdom,1,1,sexual:gray,601415,https://opendict.korean.go.kr/dictionary/view?sense_no=601415
기둥을 치면 대들보가[들보가/봇장이] 운다[울린다],직접 맞대고 탓하지 않고 간접적으로 넌지시 말을 하여도 알아들을 수가 있음을 비유적으로 이르는 말.,wisdom,1,1,sexual:gray,608373,https://opendict.korean.go.kr/dictionary/view?sense_no=608373
기암절벽 천층석(千層石)이 눈비 맞아 썩어지거든,도무지 실현될 가능성이 없는 일임을 비유적으로 이르는 말. &lt;동의 속담&gt; ‘금강산 상상봉에 물 밀어 배 띄워 평지 되거든’ ‘까마귀 대가리 희거든’,wisdom,1,1,,601479,https://opendict.korean.go.kr/dictionary/view?sense_no=601479
기역 자 왼 다리도 못 그린다,아주 무식하다는 말.,wisdom,1,1,,601477,https://opendict.korean.go.kr/dictionary/view?sense_no=601477
길로 가라니까 뫼로 간다,편하고 유리한 방법을 가르쳐 주었는데도 굳이 자기 고집대로만 함을 이르는 말.,wisdom,1,1,,608087,https://opendict.korean.go.kr/dictionary/view?sense_no=608087
길 아래 돌부처도 돌아앉는다,아무리 온순한 사람일지라도 자기의 권리나 이익에 손해를 입은 경우에는 가만있지 않음을 비유적으로 이르는 말.,wisdom,1,1,sexual:gray,608085,https://opendict.korean.go.kr/dictionary/view?sense_no=608085
길은 갈 탓(이요) 말은 할 탓(이라),같은 말이라도 하기에 따라서 상대편에게 주는 영향이 다름을 비유적으로 이르는 말.,wisdom,1,1,,608090,https://opendict.korean.go.kr/dictionary/view?sense_no=608090
깊은 산에서 목마르다고 하면 호랑이를 본다,물을 찾기 어려운 깊은 산에서는 목이 마르더라도 참으라는 말.,wisdom,1,1,,601491,https://opendict.korean.go.kr/dictionary/view?sense_no=601491
까마귀가 알 (물어다) 감추듯,"까마귀가 알을 물어다 감추고 나중에 어디에 두었는지 모른다는 데서, 제가 둔 물건이 있는 곳을 걸핏하면 잘 잊어버리는 경우를 비유적으로 이르는 말. &lt;동의 속담&gt; ‘까마귀 떡 감추듯’",wisdom,1,1,,607852,https://opendict.korean.go.kr/dictionary/view?sense_no=607852
까마귀 꿩 잡을 계교,어리석은 잔꾀를 비웃어 이르는 말.,wisdom,1,1,,607810,https://opendict.korean.go.kr/dictionary/view?sense_no=607810
까마귀 대가리 희거든,도무지 실현될 가능성이 없는 일임을 비유적으로 이르는 말. &lt;동의 속담&gt; ‘기암절벽 천층석(千層石)이 눈비 맞아 썩어지거든’ ‘금강산 상상봉에 물 밀어 배 띄워 평지 되거든’,wisdom,1,1,,607812,https://opendict.korean.go.kr/dictionary/view?sense_no=607812
까마귀 떡 감추듯,"까마귀가 떡을 물어다 감추고 나중에 어디에 두었는지 모른다는 데서, 제가 둔 물건이 있는 곳을 걸핏하면 잘 잊어버리는 경우를 비유적으로 이르는 말. &lt;동의 속담&gt; ‘까마귀가 알 (물어다) 감추듯’",wisdom,1,1,,607816,https://opendict.korean.go.kr/dictionary/view?sense_no=607816
까마귀 아래턱이 떨어질 소리,상대편으로부터 천만부당한 말을 들었을 경우에 어처구니없어 그런 소리 말라고 이르는 말.,wisdom,1,1,,607830,https://opendict.korean.go.kr/dictionary/view?sense_no=607830
까막까치도 집이 있다,"하찮은 까마귀나 까치들도 다 제집이 있는 법이라는 뜻으로, 집 없는 사람의 서러운 처지를 한탄하여 이르는 말. &lt;동의 속담&gt; ‘갈매기도 제집이 있다’ ‘우렁이도 집이 있다’",wisdom,1,1,violent:gray,601512,https://opendict.korean.go.kr/dictionary/view?sense_no=601512
꽃은 꽃이라도 호박꽃이라,못생긴 여자를 비유적으로 이르는 말.,wisdom,1,1,,608254,https://opendict.korean.go.kr/dictionary/view?sense_no=608254
꾀만 있으면 용궁에 잡혀갔다가도 살아 나온다,지혜가 있으면 아무리 힘들고 위태로운 일을 만나도 그 일로부터 벗어날 수 있음을 비유적으로 이르는 말.,wisdom,1,1,sexual:gray,608311,https://opendict.korean.go.kr/dictionary/view?sense_no=608311
꾼 값은 말 닷 되,"한 말을 꾸면 한 말 닷 되를 갚게 된다는 뜻으로, 꾸어 쓰는 것에는 공짜가 없음을 이르는 말.",wisdom,1,1,sexual:gray,601550,https://opendict.korean.go.kr/dictionary/view?sense_no=601550
꿀 먹은 개 욱대기듯,속에 있는 말을 시원히 하지 못하고 딱딱거리기만 함을 이르는 말.,wisdom,1,1,,601579,https://opendict.korean.go.kr/dictionary/view?sense_no=601579
꿩 잡는 것이 매다,"꿩을 잡아야 매라고 할 수 있다는 뜻으로, 방법이 어떻든 간에 목적을 이루는 것이 가장 중요함을 비유적으로 이르는 말.",wisdom,1,1,violent:gray,608388,https://opendict.korean.go.kr/dictionary/view?sense_no=608388
끓는 국에 맛 모른다,급한 경우를 당하면 정확한 판단을 할 수 없음을 비유적으로 이르는 말. &lt;동의 속담&gt; ‘뜨거운 국에 맛 모른다’,wisdom,1,1,sexual:gray,608201,https://opendict.korean.go.kr/dictionary/view?sense_no=608201
나라 상감님도 늙은이 대접은 한다,누구나 노인은 우대해야 함을 비유적으로 이르는 말.,wisdom,1,1,,608017,https://opendict.korean.go.kr/dictionary/view?sense_no=608017
나무에서 고기를 찾는다,물에서 사는 물고기를 나무에서 구한다는 뜻으로 도저히 불가능한 일을 하려고 애쓰는 어리석음을 비유적으로 이르는 말. &lt;동의 속담&gt; ‘산에서 물고기 잡기’ ‘바다에 가서 토끼 찾기’ ‘솔밭에 가서 고기 낚기’,wisdom,1,1,sexual:gray,608188,https://opendict.korean.go.kr/dictionary/view?sense_no=608188
난쟁이 교자꾼 참여하듯,자기 분수에 맞지 않는 일에 주제넘게 나서는 모양을 비유적으로 이르는 말.,wisdom,1,1,,601658,https://opendict.korean.go.kr/dictionary/view?sense_no=601658
낡은 터에서 이밥 먹던 소리 한다,때와 환경을 고려하지 아니하고 엉뚱한 말을 함을 비유적으로 이르는 말. &lt;동의 속담&gt; ‘났던 곳에서 흰죽 쑤어 먹던 이야기 한다’ ‘묵은 집터에서 고추장 찍어 먹던 소리를 한다’,wisdom,1,1,violent:gray,601705,https://opendict.korean.go.kr/dictionary/view?sense_no=601705
남산에서 돌팔매질을 하면 김씨나 이씨 집 마당에 떨어진다,우리나라 사람의 성에 김씨와 이씨가 많다는 말.,wisdom,1,1,violent:gray,601736,https://opendict.korean.go.kr/dictionary/view?sense_no=601736
남의 걸상에 끼여 앉다,자기가 당연히 누려야 할 권리도 찾지 못하고 공연히 남의 눈치를 보면서 군색하게 살아감을 비유적으로 이르는 말.,wisdom,1,1,sexual:gray,608437,https://opendict.korean.go.kr/dictionary/view?sense_no=608437
남의 말 다 들으면 목에 칼 벗을 날 없다,"남의 말을 너무 잘 듣고 순종만 하면 낭패 보는 일이 많다는 뜻으로, 꼭 자기가 들어야 할 말만 들어야 한다는 말.",wisdom,1,1,violent:gray,608462,https://opendict.korean.go.kr/dictionary/view?sense_no=608462
남의 아이 이름 내가 어이 짓나,남의 어려운 일을 나라고 어떻게 할 수 있겠느냐는 말.,wisdom,1,1,,608506,https://opendict.korean.go.kr/dictionary/view?sense_no=608506
남의 아이 한 번 때리나 열 번 때리나 때렸단 소리 듣기는 마찬가지다,잘못을 한 번 저지르나 여러 번 저지르나 잘못하였다는 말을 듣기는 매한가지임을 비유적으로 이르는 말.,wisdom,1,1,violent:gray,608507,https://opendict.korean.go.kr/dictionary/view?sense_no=608507
났던 곳에서 흰죽 쑤어 먹던 이야기 한다,때와 환경을 고려하지 아니하고 엉뚱한 말을 함을 비유적으로 이르는 말. &lt;동의 속담&gt; ‘낡은 터에서 이밥 먹던 소리 한다’ ‘묵은 집터에서 고추장 찍어 먹던 소리를 한다’,wisdom,1,1,violent:gray,601577,https://opendict.korean.go.kr/dictionary/view?sense_no=601577
낳은 아이 아들 아니면 딸이지,둘 가운데에 하나라는 말.,wisdom,1,1,,608275,https://opendict.korean.go.kr/dictionary/view?sense_no=608275
내관의 새끼냐 꼬집기도 잘한다,공개적으로 말하지 않고 내숭스러운 방법으로 헐뜯는 사람을 비유적으로 이르는 말.,wisdom,1,1,,601723,https://opendict.korean.go.kr/dictionary/view?sense_no=601723
내 미락 네 미락,책임을 지지 아니하려고 서로 미룬다는 말. &lt;동의 속담&gt; ‘내 미룩 네 미룩’ ‘네 미락 내 미락’ ‘네 미룩 내 미룩’,wisdom,1,1,,608999,https://opendict.korean.go.kr/dictionary/view?sense_no=608999
내 미룩 네 미룩,책임을 지지 아니하려고 서로 미룬다는 말. &lt;동의 속담&gt; ‘내 미락 네 미락’ ‘네 미락 내 미락’ ‘네 미룩 내 미룩’,wisdom,1,1,,609000,https://opendict.korean.go.kr/dictionary/view?sense_no=609000
냉수에 이 부러진다,"하찮은 것 때문에 크게 당황스러운 일을 겪는다는 뜻으로, 도무지 이치에 닿지 않는 어이없는 경우를 비유적으로 이르는 말.",wisdom,1,1,,601828,https://opendict.korean.go.kr/dictionary/view?sense_no=601828
너 난 날 내 났다,"너나 나나 별다를 것이 없다는 뜻으로, 쓸데없이 잘난 척하는 사람을 책망하는 말.",wisdom,1,1,,601855,https://opendict.korean.go.kr/dictionary/view?sense_no=601855
넉 사 자 방 맞은 듯,입을 헤벌리고 멋없이 헤벌쭉거리거나 주책없이 좋아하는 사람을 비유적으로 이르는 말.,wisdom,1,1,,608397,https://opendict.korean.go.kr/dictionary/view?sense_no=608397
네 떡이 한 개면 내 떡이 한 개라,말은 누구에게나 점잖고 부드럽게 하여야 한다는 말. &lt;동의 속담&gt; ‘오는 말이 고와야 가는 말이 곱다’ ‘오는 떡이 두터워야[커야] 가는 떡이 두텁다[크다]’ ‘오는 정이 있어야 가는 정이 있다’,wisdom,1,1,,601869,https://opendict.korean.go.kr/dictionary/view?sense_no=601869
네 미락 내 미락,책임을 지지 아니하려고 서로 미룬다는 말. &lt;동의 속담&gt; ‘내 미락 네 미락’ ‘내 미룩 네 미룩’ ‘네 미룩 내 미룩’,wisdom,1,1,,601844,https://opendict.korean.go.kr/dictionary/view?sense_no=601844
네 미룩 내 미룩,책임을 지지 아니하려고 서로 미룬다는 말. &lt;동의 속담&gt; ‘내 미락 네 미락’ ‘내 미룩 네 미룩’ ‘네 미락 내 미락’,wisdom,1,1,,601845,https://opendict.korean.go.kr/dictionary/view?sense_no=601845
녀편네 말 잘 들으면 오뉴월에 팥밥 먹는다,아내가 걱정하는 말을 잘 들으면 좋은 수가 생길 수 있음을 비유적으로 이르는 말.,wisdom,1,1,sexual:gray,601905,https://opendict.korean.go.kr/dictionary/view?sense_no=601905
녀편네 셋만 모이면 접시 구멍을 뚫는다,‘여자가 셋이면 나무 접시가 들논다’의 북한 속담.,wisdom,1,1,,601906,https://opendict.korean.go.kr/dictionary/view?sense_no=601906
노래면 다 륙자배긴 줄 아니,어떤 사물에 대하여 똑똑히 알지도 못하면서 제가 알고 있는 옅은 지식을 가지고 어림짐작으로 그릇되게 판단함을 핀잔하는 말.,wisdom,1,1,,601908,https://opendict.korean.go.kr/dictionary/view?sense_no=601908
놀던 계집이 결딴나도 엉덩이 짓은 남는다,어떤 것이 망하여 버리더라도 모두 없어지는 법은 없고 무언가 남는 것이 있음을 비유적으로 이르는 말.,wisdom,1,1,sexual:gray,608368,https://opendict.korean.go.kr/dictionary/view?sense_no=608368
농 속에 갇혔던 새,새로 자유롭게 된 사람을 비유적으로 이르는 말.,wisdom,1,1,,608659,https://opendict.korean.go.kr/dictionary/view?sense_no=608659
눈물은 내려가고 숟가락[밥술]은 올라간다,죽은 사람에 대한 슬픔이 아무리 커도 결국 그것을 참고 견디면서 살아 나갈 길을 찾기 마련임을 비유적으로 이르는 말.,wisdom,1,1,violent:gray,608716,https://opendict.korean.go.kr/dictionary/view?sense_no=608716
눈 앓는 놈 고춧가루 넣기,"성한 눈도 견디기 힘든 고춧가루를 앓는 눈에 뿌린다는 뜻으로, 엎친 데 덮친 격으로 아주 나쁜 결과를 가져올 대책을 이르는 말. &lt;동의 속담&gt; ‘안질에 고춧가루’",wisdom,1,1,,608834,https://opendict.korean.go.kr/dictionary/view?sense_no=608834
눈에 눈이 들어가니 눈물인가 눈물인가,"얼굴의 눈에 하늘에서 내리는 눈이 들어갔을 때 흐르는 물이 눈에서 나오는 눈물인지 눈이 녹은 눈물인지 분간할 수 없다는 뜻으로, 도무지 분간하기 어렵게 된 경우를 말장난으로 이르는 말.",wisdom,1,1,,608844,https://opendict.korean.go.kr/dictionary/view?sense_no=608844
눈은 있어도 망울이 없다,사물을 바로 분별하거나 꿰뚫어 볼 줄 모름을 비유적으로 이르는 말.,wisdom,1,1,,608853,https://opendict.korean.go.kr/dictionary/view?sense_no=608853
눈이 아무리 밝아도 제 코는 안 보인다,제아무리 똑똑해도 자기 자신에 대해서는 잘 모른다는 것을 비유적으로 이르는 말.,wisdom,1,1,,608862,https://opendict.korean.go.kr/dictionary/view?sense_no=608862
눈치가 안는 암탉 잡아먹겠다,뒷일은 고려하지 않고 당장의 편익만을 생각하는 분별없는 사람을 비유적으로 이르는 말.,wisdom,1,1,,608876,https://opendict.korean.go.kr/dictionary/view?sense_no=608876
눈치가 참새 방앗간 찾기,눈치가 매우 빠름을 비유적으로 이르는 말.,wisdom,1,1,violent:gray,608878,https://opendict.korean.go.kr/dictionary/view?sense_no=608878
눈치는 형사다,눈치가 빨라 말을 하지 않아도 남의 경우를 잘 알아차리는 사람을 비유적으로 이르는 말.,wisdom,1,1,,608879,https://opendict.korean.go.kr/dictionary/view?sense_no=608879
늙은 당나귀 꾀 많다,늙은이는 경험이 많기 때문에 묘한 꾀를 잘 냄을 비유적으로 이르는 말.,wisdom,1,1,,608945,https://opendict.korean.go.kr/dictionary/view?sense_no=608945
늙은 말이 길을 안다,나이와 경험이 많으면 그만큼 일에 대한 이치를 잘 앎을 비유적으로 이르는 말.,wisdom,1,1,,608950,https://opendict.korean.go.kr/dictionary/view?sense_no=608950
늙은 소 콩밭으로 간다,늙으면 오랜 경험을 통하여 자기에게 이로운 일만 함을 비유적으로 이르는 말.,wisdom,1,1,,608954,https://opendict.korean.go.kr/dictionary/view?sense_no=608954
다 된 농사에 낫 들고 덤빈다,일이 다 끝난 뒤에 쓸데없이 참견하고 나섬을 비유적으로 이르는 말.,wisdom,1,1,,608981,https://opendict.korean.go.kr/dictionary/view?sense_no=608981
다 된 죽에 코 풀기,남의 다 된 일을 악랄한 방법으로 방해하는 것을 비유적으로 이르는 말. &lt;동의 속담&gt; ‘잘되는 밥 가마에 재를 넣는다’,wisdom,1,1,violent:gray,608984,https://opendict.korean.go.kr/dictionary/view?sense_no=608984
다리 밑에서 욕하기,직접 말을 못 하고 잘 들리지 아니하는 곳에서 불평이나 욕을 하는 것을 비유적으로 이르는 말. &lt;동의 속담&gt; ‘다리 아래서 원을 꾸짖는다’ ‘다릿목 아래서 원 꾸짖기’,wisdom,1,1,,602081,https://opendict.korean.go.kr/dictionary/view?sense_no=602081
다리 아래서 원을 꾸짖는다,직접 말을 못 하고 잘 들리지 아니하는 곳에서 불평이나 욕을 하는 것을 비유적으로 이르는 말. &lt;동의 속담&gt; ‘다리 밑에서 욕하기’ ‘다릿목 아래서 원 꾸짖기’,wisdom,1,1,,602082,https://opendict.korean.go.kr/dictionary/view?sense_no=602082
다릿목 아래서 원 꾸짖기,직접 말을 못 하고 잘 들리지 아니하는 곳에서 불평이나 욕을 하는 것을 비유적으로 이르는 말. &lt;동의 속담&gt; ‘다리 아래서 원을 꾸짖는다’ ‘다리 밑에서 욕하기’,wisdom,1,1,,602085,https://opendict.korean.go.kr/dictionary/view?sense_no=602085
다 삭은 바자 틈에 누렁개 주둥이 같다,"삭을 대로 삭아서 다치기만 하여도 구멍이 펑펑 나는 바자 틈에 난데없이 쑥 나온 누렁개의 주둥이와 같다는 뜻으로, 당찮은 일에 끼어들어 주제넘게 말참견을 하는 것을 비꼬는 말. &lt;동의 속담&gt; ‘삭은 바자 구멍에 노란 개 주둥이 (내밀듯)’",wisdom,1,1,,608990,https://opendict.korean.go.kr/dictionary/view?sense_no=608990
단술 먹은 여드레 만에 취한다,어떤 일을 겪은 후 한참 만에야 비로소 그 영향이 나타난다는 말. &lt;동의 속담&gt; ‘작년에 고인 눈물 금년에 떨어진다’,wisdom,1,1,,602093,https://opendict.korean.go.kr/dictionary/view?sense_no=602093
단 장을 달지 않다고 말을 한다,"맛이 단 장을 놓고 달지 않다고 억지소리를 한다는 뜻으로, 뻔한 사실을 말하지 않고 딴소리로 우김을 비유적으로 이르는 말.",wisdom,1,1,,609080,https://opendict.korean.go.kr/dictionary/view?sense_no=609080
달기는 엿집 할머니 손가락이라,"엿 맛이 달다고 해서 엿집 할머니의 손가락까지도 단 줄 안다는 뜻으로, 무슨 일에 너무 마음이 혹하여 좋은 것만 보이고 나쁜 것은 안 보인다는 말.",wisdom,1,1,sexual:gray,609081,https://opendict.korean.go.kr/dictionary/view?sense_no=609081
닭알 때 짓밟아 뭉개 치워야 한다,부정적인 요소가 더 커지고 자라나기 전에 아예 없애 버려야 함을 비유적으로 이르는 말.,wisdom,1,1,,608920,https://opendict.korean.go.kr/dictionary/view?sense_no=608920
닭알 장사 속구구,현실성이 없는 헛된 공상만 하다가 얼마 안 되는 밑천까지 잃어버리는 어리석은 짓을 비유적으로 이르는 말.,wisdom,1,1,,608922,https://opendict.korean.go.kr/dictionary/view?sense_no=608922
닭알 통변,"아직 닭으로는 되지 못하고 달걀 상태에 머물러 있는 통역이라는 뜻으로, 외국 말을 겨우 조금 할 수 있는 정도를 비유적으로 이르는 말.",wisdom,1,1,,608924,https://opendict.korean.go.kr/dictionary/view?sense_no=608924
닭 잡아먹고 오리발 내놓기,옳지 못한 일을 저질러 놓고 엉뚱한 수작으로 속여 넘기려 하는 일을 비유적으로 이르는 말.,wisdom,1,1,,609180,https://opendict.korean.go.kr/dictionary/view?sense_no=609180
담배는 꽁초 맛이 제일,무엇이든지 풍족할 때는 잘 모르나 부족하거나 없을 때에는 그 참된 맛을 더욱 느끼게 된다는 말.,wisdom,1,1,,609203,https://opendict.korean.go.kr/dictionary/view?sense_no=609203
대국 고추는 작아도 맵다,뿌리가 있는 것은 겉보기로만 판단할 것이 아니라는 말.,wisdom,1,1,,602136,https://opendict.korean.go.kr/dictionary/view?sense_no=602136
대 끝에서도 삼 년이라,"까딱하다가는 떨어지고 마는 대나무 끝에서도 삼 년을 견딘다는 뜻으로, 어려운 일을 당해서도 참고 견딤을 비유적으로 이르는 말.",wisdom,1,1,,602125,https://opendict.korean.go.kr/dictionary/view?sense_no=602125
대신 댁 송아지 백정 무서운 줄 모른다,남의 권력만 믿고 거만을 부림을 비유적으로 이르는 말. &lt;동의 속담&gt; ‘대신 집 강아지 범 무서운 줄 모른다’,wisdom,1,1,,602163,https://opendict.korean.go.kr/dictionary/view?sense_no=602163
대신 집 강아지 범 무서운 줄 모른다,남의 권력만 믿고 거만을 부림을 비유적으로 이르는 말. &lt;동의 속담&gt; ‘대신 댁 송아지 백정 무서운 줄 모른다’,wisdom,1,1,,602164,https://opendict.korean.go.kr/dictionary/view?sense_no=602164
덮어놓고 열넉 냥[열닷 냥] 금,내용을 살피지 않고 함부로 판단함을 비유적으로 이르는 말.,wisdom,1,1,violent:gray,602244,https://opendict.korean.go.kr/dictionary/view?sense_no=602244
도깨비감투 끈 같다,"나타났다 사라졌다 하는 도깨비감투 끈 같다는 뜻으로, 어떻게 된 것인지 도무지 알 수 없는 것을 비유적으로 이르는 말.",wisdom,1,1,,602265,https://opendict.korean.go.kr/dictionary/view?sense_no=602265
도깨비감투를 뒤집어쓰다,"무슨 도깨비판에 걸렸는지 이름 모를 감투를 쓰게 되었다는 뜻으로, 똑똑히 알지도 못할 억울한 누명을 뒤집어씀을 비유적으로 이르는 말.",wisdom,1,1,,602266,https://opendict.korean.go.kr/dictionary/view?sense_no=602266
도깨비는 방망이로 떼고 귀신은 경으로 뗀다,귀찮은 존재를 떼는 데는 특수한 방법이 있다는 말.,wisdom,1,1,,609405,https://opendict.korean.go.kr/dictionary/view?sense_no=609405
도둑놈 문 열어 준 셈,믿지 못할 사람을 신용하여 일을 맡기는 어리석음을 비유적으로 이르는 말. &lt;동의 속담&gt; ‘도둑에게 열쇠 준다’ ‘도둑놈 열쇠 맡긴 셈’,wisdom,1,1,sexual:gray,602230,https://opendict.korean.go.kr/dictionary/view?sense_no=602230
도둑놈 열쇠 맡긴 셈,믿지 못할 사람을 신용하여 일을 맡기는 어리석음을 비유적으로 이르는 말. &lt;동의 속담&gt; ‘도둑에게 열쇠 준다’ ‘도둑놈 문 열어 준 셈’,wisdom,1,1,sexual:gray,602234,https://opendict.korean.go.kr/dictionary/view?sense_no=602234
도둑맞고 사립[빈지] 고친다,"소를 도둑맞은 다음에서야 사립문 또는 널빈지를 고치느라 수선을 떤다는 뜻으로, 일이 이미 잘못된 뒤에는 손을 써도 소용이 없음을 비꼬는 말. &lt;동의 속담&gt; ‘소 잃고 외양간 고친다’ ‘말 잃고 외양간 고친다’",wisdom,1,1,sexual:gray,602260,https://opendict.korean.go.kr/dictionary/view?sense_no=602260
도둑에게 열쇠 준다,믿지 못할 사람을 신용하여 일을 맡기는 어리석음을 비유적으로 이르는 말. &lt;동의 속담&gt; ‘도둑놈 문 열어 준 셈’ ‘도둑놈 열쇠 맡긴 셈’,wisdom,1,1,sexual:gray,609433,https://opendict.korean.go.kr/dictionary/view?sense_no=609433
도둑의 때는 벗어도 화냥의 때는 못 벗는다,부정한 품행을 삼가야 함을 비유적으로 이르는 말.,wisdom,1,1,sexual:gray,609439,https://opendict.korean.go.kr/dictionary/view?sense_no=609439
도둑의 찌끼는 있어도 불의 찌끼는 없다,도둑이 지나간 자리는 남는 것이 있어도 화재가 났던 자리는 아무것도 남는 것이 없다는 말.,wisdom,1,1,,609444,https://opendict.korean.go.kr/dictionary/view?sense_no=609444
도둑이 없으면 법도 쓸데없다,도둑질이 가장 나쁨을 비유적으로 이르는 말.,wisdom,1,1,,609449,https://opendict.korean.go.kr/dictionary/view?sense_no=609449
도랑 막고 고래 잡을가,되지도 않을 허망한 일을 분별없이 바람을 비유적으로 이르는 말.,wisdom,1,1,,609063,https://opendict.korean.go.kr/dictionary/view?sense_no=609063
도래떡이 안팎이 없다,"둥글넓적한 도래떡은 안과 밖의 구별이 없다는 뜻으로, 두루뭉술하여 어떻다고 판단을 내리기가 어려움을 비유적으로 이르는 말.",wisdom,1,1,,602253,https://opendict.korean.go.kr/dictionary/view?sense_no=602253
돌다리도 두들겨 보고 건너라,잘 아는 일이라도 세심하게 주의를 하라는 말. &lt;동의 속담&gt; ‘아는 길도 물어 가랬다’ ‘얕은 내도 깊게 건너라’,wisdom,1,1,,602370,https://opendict.korean.go.kr/dictionary/view?sense_no=602370
돌담 배 부른 것,도무지 유용한 데는 없고 해만 끼치는 존재를 비유적으로 이르는 말. &lt;동의 속담&gt; ‘돌담의 부른 배는 쓸모가 없다’,wisdom,1,1,,602342,https://opendict.korean.go.kr/dictionary/view?sense_no=602342
돌담의 부른 배는 쓸모가 없다,도무지 유용한 데는 없고 해만 끼치는 존재를 비유적으로 이르는 말. &lt;동의 속담&gt; ‘돌담 배 부른 것’,wisdom,1,1,,602343,https://opendict.korean.go.kr/dictionary/view?sense_no=602343
돌부처보고 아이 낳아 달란다,도저히 실현되지 않을 대상이나 사물에게 무리한 것을 소망하는 어리석은 일을 비유적으로 이르는 말.,wisdom,1,1,,609333,https://opendict.korean.go.kr/dictionary/view?sense_no=609333
돌 전에 아우 본 아이 젖 감질나듯,"첫돌이 되기 전에 동생이 생겨 어머니 젖을 빼앗기게 된 아이가 젖을 먹고 싶어 안달이 나서 안타까워하듯 한다는 뜻으로, 어떤 일이 하고 싶어서 몹시 참기 어려운 경우를 비유적으로 이르는 말.",wisdom,1,1,sexual:gray,609483,https://opendict.korean.go.kr/dictionary/view?sense_no=609483
돌절구도 밑 빠질 때가 있다,명문거족이라도 영원히 몰락하지 않는 법은 없다는 말.,wisdom,1,1,,602355,https://opendict.korean.go.kr/dictionary/view?sense_no=602355
동네 개 짖는 소리(만 못하게 여긴다),남이 하는 말을 무시하여 들은 체도 아니함을 비유적으로 이르는 말. &lt;동의 속담&gt; ‘어디 개가 짖느냐 한다’ ‘어느 집 개가 짖느냐 한다’,wisdom,1,1,,609484,https://opendict.korean.go.kr/dictionary/view?sense_no=609484
동상전에 들어갔나,먼저 말을 하여야 할 경우에 말없이 그저 웃기만 함을 비유적으로 이르는 말.,wisdom,1,1,,602399,https://opendict.korean.go.kr/dictionary/view?sense_no=602399
동서 시집살이는 오뉴월에도 서릿발 친다,여자가 시집살이하는 것은 어려운 일인데 그중에서도 동서 밑에서 지내는 시집살이가 가장 어렵다는 말.,wisdom,1,1,,609214,https://opendict.korean.go.kr/dictionary/view?sense_no=609214
동서 춤추게,"제가 춤을 추고 싶다는 말은 못하고 그 동서에게 권한다는 뜻으로, 무슨 일을 자기가 하고 싶어서 남에게 권함을 비유적으로 이르는 말. &lt;동의 속담&gt; ‘제가 춤추고 싶어서 동서를 권한다’ ‘춤추고 싶은 둘째 동서 맏동서보고 춤추라 한다’",wisdom,1,1,,609215,https://opendict.korean.go.kr/dictionary/view?sense_no=609215
동의 일 하라면 서의 일 한다,말을 잘 알아듣지 못하여 딴전만 부린다는 말.,wisdom,1,1,,602358,https://opendict.korean.go.kr/dictionary/view?sense_no=602358
돼지 오줌통 몰아 놓은 이 같다,두툼하게 생긴 얼굴이 허여멀겋고 아름답지 못함을 조롱하는 말.,wisdom,1,1,,602471,https://opendict.korean.go.kr/dictionary/view?sense_no=602471
들깨가 참깨보고 짧다고 한다,자신의 흉은 모르고 남의 흉만을 탓함을 비유적으로 이르는 말.,wisdom,1,1,,609495,https://opendict.korean.go.kr/dictionary/view?sense_no=609495
들녘 소경 머루 먹듯,좋고 나쁜 것을 분별하지 못하고 이것저것 아무것이나 취하는 모양을 비유적으로 이르는 말. &lt;동의 속담&gt; ‘소경 머루 먹듯’,wisdom,1,1,,602524,https://opendict.korean.go.kr/dictionary/view?sense_no=602524
들은 말 들은 데 버리고 본 말 본 데 버려라,말을 옮기지 말라는 말.,wisdom,1,1,,609571,https://opendict.korean.go.kr/dictionary/view?sense_no=609571
등이 따스우면 배부르다,추운 날 더운 데 누워 있으면 먹지 아니하여도 배고픈 줄 모른다는 말.,wisdom,1,1,,609848,https://opendict.korean.go.kr/dictionary/view?sense_no=609848
떡국이 농간한다,재질은 부족하지만 오랜 경험으로 일을 잘 감당하고 처리해 나감을 이르는 말.,wisdom,1,1,,609498,https://opendict.korean.go.kr/dictionary/view?sense_no=609498
떡 도르라면 덜 도르고 말 도르라면 더 도른다,사람들이 말을 남에게 전하여 소문이 돌게 하기를 좋아한다는 말.,wisdom,1,1,,602605,https://opendict.korean.go.kr/dictionary/view?sense_no=602605
떡에 밥주걱,"떡시루 앞에 밥주걱을 들고 덤빈다는 뜻으로, 무슨 일을 도무지 모르는 사람을 두고 이르는 말.",wisdom,1,1,,602628,https://opendict.korean.go.kr/dictionary/view?sense_no=602628
떡 잘 안되면 안반 탓한다,일이 잘못된 것을 변명함을 비유적으로 이르는 말. &lt;동의 속담&gt; ‘떡 할 줄 모르는 아주머니 함지[안반] 타령만 한다’,wisdom,1,1,,602615,https://opendict.korean.go.kr/dictionary/view?sense_no=602615
떡 친 데 엎드러졌다,"어떻게 하면 떡을 먹을 수 있을까를 고민하다가 일부러 떡판에 엎어지듯 한다는 뜻으로, 무엇에 골몰하여 그 생각에서 떠날 줄을 모른다는 말. &lt;동의 속담&gt; ‘떡판에 엎드러지듯’",wisdom,1,1,,602619,https://opendict.korean.go.kr/dictionary/view?sense_no=602619
떡판에 엎드러지듯,"어떻게 하면 떡을 먹을 수 있을까를 고민하다가 일부러 떡판에 엎어지듯 한다는 뜻으로, 무엇에 골몰하여 그 생각에서 떠날 줄을 모른다는 말. &lt;동의 속담&gt; ‘떡 친 데 엎드러졌다’",wisdom,1,1,,609494,https://opendict.korean.go.kr/dictionary/view?sense_no=609494
떡 할 줄 모르는 아주머니 함지[안반] 타령만 한다,일이 잘못된 것을 변명함을 비유적으로 이르는 말. &lt;동의 속담&gt; ‘떡 잘 안되면 안반 탓한다’,wisdom,1,1,,602620,https://opendict.korean.go.kr/dictionary/view?sense_no=602620
똥구멍 찔린 소 모양,참지 못하여 어쩔 줄 몰라 하며 쩔쩔매는 모양을 이르는 말.,wisdom,1,1,violent:gray,602583,https://opendict.korean.go.kr/dictionary/view?sense_no=602583
뚝배기 깨지는 소리,잘 못하는 노래나 말을 비유적으로 이르는 말.,wisdom,1,1,,609338,https://opendict.korean.go.kr/dictionary/view?sense_no=609338
뜨거운 국에 맛 모른다,급한 경우를 당하면 정확한 판단을 할 수 없음을 비유적으로 이르는 말. &lt;동의 속담&gt; ‘끓는 국에 맛 모른다’,wisdom,1,1,sexual:gray,602656,https://opendict.korean.go.kr/dictionary/view?sense_no=602656
량반이 금관자 내세우듯,"양반이 높은 벼슬만 내세우며 위세를 부리듯 한다는 뜻으로, 능력도 밑천도 없는 자가 권력을 내휘두름을 비유적으로 이르는 말.",wisdom,1,1,,602671,https://opendict.korean.go.kr/dictionary/view?sense_no=602671
룡의 새끼가 못 되면 미꾸라지가 된다,"처음부터 온갖 재주를 마음대로 부릴 수 있는 용의 새끼가 되지 못하면 도랑에 뒹구는 미꾸라지가 되는 법이라는 뜻으로, 처음부터 훌륭한 인재가 될 길로 들어서지 못하면 보잘것없는 인물밖에 되지 못함을 비유적으로 이르는 말.",wisdom,1,1,sexual:gray,602692,https://opendict.korean.go.kr/dictionary/view?sense_no=602692
룡이 개천에 떨어지면 미꾸라지가 되는 법,‘용이 물 밖에 나면 개미가 침노를 한다’의 북한 속담.,wisdom,1,1,,602693,https://opendict.korean.go.kr/dictionary/view?sense_no=602693
마룻구멍에도 볕 들 날이 있다,고생을 참고 기다리면 좋은 시기를 만날 수도 있다는 말.,wisdom,1,1,,609586,https://opendict.korean.go.kr/dictionary/view?sense_no=609586
마른 말은 꼬리가 길다,마르고 여위면 같은 것이라도 더 길어 보임을 이르는 말.,wisdom,1,1,,609632,https://opendict.korean.go.kr/dictionary/view?sense_no=609632
막다른 골목이 되면 돌아선다,일이 막다른 지경에 이르면 또 다른 방책이 생긴다는 말.,wisdom,1,1,,602713,https://opendict.korean.go.kr/dictionary/view?sense_no=602713
만만한 싹을 봤나,왜 사람을 무시하느냐고 항의하는 말.,wisdom,1,1,,602818,https://opendict.korean.go.kr/dictionary/view?sense_no=602818
말 단 집에 장 단 법 없다,입으로는 그럴듯하게 말하지만 실상은 좋지 못하다는 말. &lt;동의 속담&gt; ‘말 많은 집은 장맛도 쓰다’ ‘말 단 집에 장이 곤다’ ‘말 단 집 장맛이 쓰다’,wisdom,1,1,,609727,https://opendict.korean.go.kr/dictionary/view?sense_no=609727
말 단 집에 장이 곤다,입으로는 그럴듯하게 말하지만 실상은 좋지 못하다는 말. &lt;동의 속담&gt; ‘말 많은 집은 장맛도 쓰다’ ‘말 단 집에 장 단 법 없다’ ‘말 단 집 장맛이 쓰다’,wisdom,1,1,,609728,https://opendict.korean.go.kr/dictionary/view?sense_no=609728
말 단 집 장맛이 쓰다,입으로는 그럴듯하게 말하지만 실상은 좋지 못하다는 말. &lt;동의 속담&gt; ‘말 많은 집은 장맛도 쓰다’ ‘말 단 집에 장 단 법 없다’ ‘말 단 집에 장이 곤다’,wisdom,1,1,,609726,https://opendict.korean.go.kr/dictionary/view?sense_no=609726
말도 사촌까지 상피한다,가까운 친척 사이의 남녀가 관계하였을 때 욕하는 말.,wisdom,1,1,sexual:gray|violent:gray,602769,https://opendict.korean.go.kr/dictionary/view?sense_no=602769
말로는 사람의 속을 모른다,말로는 별의별 소리를 다 할 수 있으므로 말을 들어서는 그 사람의 속마음을 알 수 없다는 말.,wisdom,1,1,sexual:gray,609749,https://opendict.korean.go.kr/dictionary/view?sense_no=609749
말로 배워 되로 풀어먹는다,학문이나 경험 따위를 제대로 활용할 줄 모르는 사람을 비유적으로 이르는 말.,wisdom,1,1,violent:gray,610067,https://opendict.korean.go.kr/dictionary/view?sense_no=610067
말로 온 공을 갚는다,말은 일상생활에 큰 영향을 끼치는 것이니 말할 때는 애써 조심하라는 말. &lt;동의 속담&gt;‘말만 잘하면 천 냥 빚도 가린다’,wisdom,1,1,violent:gray,609744,https://opendict.korean.go.kr/dictionary/view?sense_no=609744
말만 귀양 보낸다,"말을 하여도 상대편의 반응이 없으므로, 기껏 한 말이 소용없게 되는 경우를 이르는 말.",wisdom,1,1,,609754,https://opendict.korean.go.kr/dictionary/view?sense_no=609754
말만 잘하면 천 냥 빚도 가린다,말은 일상생활에 큰 영향을 끼치는 것이니 말할 때는 애써 조심하라는 말. &lt;동의 속담&gt; ‘말로 온 공을 갚는다’,wisdom,1,1,violent:gray,609755,https://opendict.korean.go.kr/dictionary/view?sense_no=609755
말 많은 집은 장맛도 쓰다,입으로는 그럴듯하게 말하지만 실상은 좋지 못하다는 말. &lt;동의 속담&gt; ‘말 단 집에 장 단 법 없다’ ‘말 단 집에 장이 곤다’ ‘말 단 집 장맛이 쓰다’,wisdom,1,1,,609732,https://opendict.korean.go.kr/dictionary/view?sense_no=609732
말 아닌 말,이치나 경우에 닿지 아니하는 말을 이르는 말.,wisdom,1,1,,609735,https://opendict.korean.go.kr/dictionary/view?sense_no=609735
말 안 하면 귀신도 모른다,마음속으로만 애태울 것이 아니라 시원스럽게 말을 하여야 한다는 말.,wisdom,1,1,sexual:gray,609736,https://opendict.korean.go.kr/dictionary/view?sense_no=609736
말에 실었던 짐을 벼룩 등에 실을까,힘과 능력이 없는 사람에게 무거운 책임을 지울 수는 없음을 비유적으로 이르는 말.,wisdom,1,1,sexual:gray,602770,https://opendict.korean.go.kr/dictionary/view?sense_no=602770
말 위에 말을 얹는다,걱정이 겹겹으로 쌓임을 이르는 말.,wisdom,1,1,,610065,https://opendict.korean.go.kr/dictionary/view?sense_no=610065
말은 끌어야 잘 가고 소는 몰아야 잘 간다,어떤 일이나 특성에 맞게 일을 처리하여야 성과를 거둘 수 있음을 이르는 말.,wisdom,1,1,sexual:gray,602771,https://opendict.korean.go.kr/dictionary/view?sense_no=602771
말은 넌지시 하는 말이 비싸다,한마디를 해도 점잖고 깊이 있게 넌지시 하는 말이 더 무게가 있다는 것을 이르는 말.,wisdom,1,1,,609758,https://opendict.korean.go.kr/dictionary/view?sense_no=609758
말을 낳거든 시골로 보내고 아이를 낳거든 공자의 문으로 보내라,아이는 학문을 가르쳐야 한다는 말.,wisdom,1,1,,602773,https://opendict.korean.go.kr/dictionary/view?sense_no=602773
말이 고마우면 비지 사러 갔다가 두부 사 온다,상대편이 말을 고맙게 하면 제가 생각하였던 것보다 훨씬 더 후하게 해 주게 된다는 말.,wisdom,1,1,,609772,https://opendict.korean.go.kr/dictionary/view?sense_no=609772
말이란 발이 달리기 마련이다,‘말은 보태고 떡은 뗀다’의 북한 속담.,wisdom,1,1,,609782,https://opendict.korean.go.kr/dictionary/view?sense_no=609782
말이 말을 물다,어떤 말이 연달아 계속 퍼져 나감을 이르는 말.,wisdom,1,1,,609778,https://opendict.korean.go.kr/dictionary/view?sense_no=609778
말이 반찬 같았으면 상다리 부러지겠다,실제 이상으로 말을 잘 꾸며 듣기 좋게 함을 비꼬는 말.,wisdom,1,1,,609779,https://opendict.korean.go.kr/dictionary/view?sense_no=609779
말 잘하고 징역 가랴,"말을 잘하면 징역 갈 것도 면한다는 뜻으로, 말의 중요성을 이르는 말.",wisdom,1,1,,609737,https://opendict.korean.go.kr/dictionary/view?sense_no=609737
말 잡은 집에 소금이 해자(解座)라,"여럿이서 말을 잡아먹을 때 주인이 소금을 거저 낸다는 뜻으로, 부득이한 처지에 있어 생색 없이 무엇을 제공하게 되는 경우를 이르는 말. &lt;동의 속담&gt; ‘말 죽은 집에 소금 삭는다’",wisdom,1,1,sexual:gray|violent:gray,602760,https://opendict.korean.go.kr/dictionary/view?sense_no=602760
말하는 것을 개 방귀로 안다,남의 말을 시시하게 여겨 들은 척도 안 한다는 말.,wisdom,1,1,,609785,https://opendict.korean.go.kr/dictionary/view?sense_no=609785
말하는 남생이,"남생이가 토끼를 속여 용궁으로 끌고 갔다는 이야기에서 온 말로, 아무도 그가 하는 말을 신용하지 못한다는 말.",wisdom,1,1,,609787,https://opendict.korean.go.kr/dictionary/view?sense_no=609787
맛없는 국이 뜨겁기만 하다,사람답지 못한 자가 교만하고 까다롭게 군다는 말. &lt;동의 속담&gt; ‘못된 음식이 뜨겁기만 하다’,wisdom,1,1,sexual:gray,609810,https://opendict.korean.go.kr/dictionary/view?sense_no=609810
망건 쓰고 세수한다,"세수를 하고 머리를 빗고 그다음에 망건을 쓰는 법인데 망건을 먼저 쓰고 세수를 한다는 뜻으로, 일의 순서를 바꾸어 함을 놀림조로 이르는 말. &lt;동의 속담&gt; ‘탕건 쓰고 세수한다’",wisdom,1,1,sexual:gray,602823,https://opendict.korean.go.kr/dictionary/view?sense_no=602823
망둥이가 뛰니까 전라도 빗자루도 뛴다,남이 한다고 하니까 분별없이 덩달아 나섬을 비유적으로 이르는 말. &lt;동의 속담&gt; ‘숭어가 뛰니까 망둥이도 뛴다’ ‘망둥이가 뛰면 꼴뚜기도 뛴다’ ‘잉어가 뛰니까 망둥이도 뛴다’ ‘잉어 숭어가 오니 물고기라고 송사리도 온다’,wisdom,1,1,,602800,https://opendict.korean.go.kr/dictionary/view?sense_no=602800
망둥이가 뛰면 꼴뚜기도 뛴다,남이 한다고 하니까 분별없이 덩달아 나섬을 비유적으로 이르는 말. &lt;동의 속담&gt; ‘숭어가 뛰니까 망둥이도 뛴다’ ‘망둥이가 뛰니까 전라도 빗자루도 뛴다’ ‘잉어가 뛰니까 망둥이도 뛴다’ ‘잉어 숭어가 오니 물고기라고 송사리도 온다’,wisdom,1,1,,602801,https://opendict.korean.go.kr/dictionary/view?sense_no=602801
망발 토 달아 놓다,무심결에 자기나 자기 조상에게 욕이 될 말을 함을 이르는 말.,wisdom,1,1,,610108,https://opendict.korean.go.kr/dictionary/view?sense_no=610108
망신살이 무지갯살 뻗치듯 한다,"더할 수 없는 큰 망신을 당하여, 많은 사람으로부터 심한 욕설과 원망을 받게 됨을 이르는 말.",wisdom,1,1,,609809,https://opendict.korean.go.kr/dictionary/view?sense_no=609809
맨발로 바위 차기,"되지도 아니할 것을 하여 도리어 자기에게 손해만 돌아오게 하는, 어리석고 소용없는 짓을 비유적으로 이르는 말.",wisdom,1,1,,602849,https://opendict.korean.go.kr/dictionary/view?sense_no=602849
맹자 집 개가 맹자 왈 한다,무식한 사람도 오래 보고 들으면 자연히 견문이 생긴다는 말.,wisdom,1,1,,602866,https://opendict.korean.go.kr/dictionary/view?sense_no=602866
머리 두를 데를 모른다,어떻게 처신해야 할지를 모른다는 말.,wisdom,1,1,,609938,https://opendict.korean.go.kr/dictionary/view?sense_no=609938
머리 우의 강권은 받아넘겨도 옆구리 인정은 물리치지 못한다,권력자들이 억지로 행사하려는 힘은 거역하고 물리칠 수 있어도 사람들 사이에서 다정하게 오고 가는 인정은 물리치기 어렵다는 말.,wisdom,1,1,,609940,https://opendict.korean.go.kr/dictionary/view?sense_no=609940
먹고 싶은 것도 많겠다,좀 안답시고 나서는 경우를 핀잔하는 말.,wisdom,1,1,,610212,https://opendict.korean.go.kr/dictionary/view?sense_no=610212
메부엉이라고 날개질이야 못할가,어리숙하고 못난 사람도 자기가 할 수 있는 재주는 부릴 줄 안다는 말.,wisdom,1,1,,602871,https://opendict.korean.go.kr/dictionary/view?sense_no=602871
명문 집어먹고 휴지 똥 눌 놈,의리를 저버리거나 법을 어기기 일쑤인 막된 사람을 욕하여 이르는 말.,wisdom,1,1,,602891,https://opendict.korean.go.kr/dictionary/view?sense_no=602891
모기 다리에서 피 뺀다,어려운 처지에 있는 사람에게서 금품을 뜯어냄을 비유적으로 이르는 말. &lt;동의 속담&gt; ‘벼룩의 간을[선지를] 내먹는다’ ‘참새 앞정강이를 긁어 먹는다’,wisdom,1,1,violent:gray,610005,https://opendict.korean.go.kr/dictionary/view?sense_no=610005
모기 보고 칼[환도] 빼기[뽑기],보잘것없는 작은 일에 어울리지 않게 엄청나게 큰 대책을 씀을 이르는 말. &lt;동의 속담&gt; ‘중을 보고 칼을 뽑는다’,wisdom,1,1,violent:gray,610011,https://opendict.korean.go.kr/dictionary/view?sense_no=610011
모내기 때는 고양이 손도 빌린다,"모내는 시기에는 어른, 아이 할 것 없이 있는 대로 다 참여해야 할 정도로 일손이 부족하다는 말.",wisdom,1,1,,602917,https://opendict.korean.go.kr/dictionary/view?sense_no=602917
모로 가나 기어가나 서울 남대문만 가면 그만이다,수단이나 방법은 어찌 되었든 간에 목적만 이루면 된다는 말. &lt;동의 속담&gt; ‘모로 가도 서울만 가면 된다’,wisdom,1,1,,610288,https://opendict.korean.go.kr/dictionary/view?sense_no=610288
모로 가도 서울만 가면 된다,수단이나 방법은 어찌 되었든 간에 목적만 이루면 된다는 말. &lt;동의 속담&gt; ‘모로 가나 기어가나 서울 남대문만 가면 그만이다’,wisdom,1,1,,610289,https://opendict.korean.go.kr/dictionary/view?sense_no=610289
목마른 사람에게 물소리만 듣고 목을 축이라 한다.,말만 달콤하게 하지 아무런 실속 있는 대책을 세워 주지 않음을 비유적으로 이르는 말.,wisdom,1,1,sexual:gray,610354,https://opendict.korean.go.kr/dictionary/view?sense_no=610354
목잔 좀 불량해도 이태 존대,"조선 시대에, 이씨 성을 가진 사람을 높여 대접하였다는 데서 나온 말.",wisdom,1,1,,603008,https://opendict.korean.go.kr/dictionary/view?sense_no=603008
목화 신고 발등 긁기,"목화를 신고 발등을 긁으면 긁으나 마나라는 뜻으로, 요긴한 곳에 직접 미치지 못하여 안타까운 경우를 비유적으로 이르는 말. &lt;동의 속담&gt; ‘신 신고 발바닥 긁기’ ‘구두 신고 발등 긁기’ ‘버선 신고 발바닥 긁기’ ‘옷을 격해 가려운 데를 긁는다’ ‘옷 입고 가려운 데 긁기’",wisdom,1,1,,602934,https://opendict.korean.go.kr/dictionary/view?sense_no=602934
못난 놈은 제 기른 짐승도 못 잡아먹고 죽는다,자기 앞에 차례가 온 몫이나 행운도 차지하지 못하는 어리석은 사람을 놀림조로 이르는 말.,wisdom,1,1,violent:gray,603028,https://opendict.korean.go.kr/dictionary/view?sense_no=603028
못되면 조상 탓 (잘되면 제 탓),일이 안될 때 그 책임을 남에게 돌리는 태도를 비유적으로 이르는 말. &lt;동의 속담&gt; ‘잘되면 제 탓[복] 못되면 조상[남] 탓’ ‘못살면 터 탓’ ‘안되면 조상[산소] 탓’,wisdom,1,1,,610077,https://opendict.korean.go.kr/dictionary/view?sense_no=610077
못된 바람은 수구문[동대문 구멍]으로 들어온다,궂은일이나 실패한 일의 책임은 자기에게만 돌아온다고 항변하는 말.,wisdom,1,1,violent:gray,610079,https://opendict.korean.go.kr/dictionary/view?sense_no=610079
못된 음식이 뜨겁기만 하다,사람답지 못한 자가 교만하고 까다롭게 군다는 말. &lt;동의 속담&gt; ‘맛없는 국이 뜨겁기만 하다’,wisdom,1,1,sexual:gray,610085,https://opendict.korean.go.kr/dictionary/view?sense_no=610085
못살면 터 탓,일이 안될 때 그 책임을 남에게 돌리는 태도를 비유적으로 이르는 말. &lt;동의 속담&gt; ‘잘되면 제 탓[복] 못되면 조상[남] 탓’ ‘못되면 조상 탓 (잘되면 제 탓)’ ‘안되면 조상[산소] 탓’,wisdom,1,1,,602990,https://opendict.korean.go.kr/dictionary/view?sense_no=602990
몽둥이 맞는 미친개 소리 안 지르고 죽는 법 없다,스스로 죽을 줄 뻔히 아는 상황에서는 최후의 발악을 하기 마련이라는 말.,wisdom,1,1,violent:gray,603002,https://opendict.korean.go.kr/dictionary/view?sense_no=603002
무진년 글강 외듯,하지 않아도 좋을 말을 거듭 되풀이함을 이르는 말. &lt;동의 속담&gt; ‘경신년 글강 외듯’,wisdom,1,1,,609854,https://opendict.korean.go.kr/dictionary/view?sense_no=609854
묵은 집터에서 고추장 찍어 먹던 소리를 한다,때와 환경을 고려하지 아니하고 엉뚱한 말을 함을 비유적으로 이르는 말. &lt;동의 속담&gt; ‘낡은 터에서 이밥 먹던 소리 한다’ ‘났던 곳에서 흰죽 쑤어 먹던 이야기 한다’,wisdom,1,1,violent:gray,610152,https://opendict.korean.go.kr/dictionary/view?sense_no=610152
묵은 치부장[치부책],쓸데없는 것이라 까맣게 잊어버린 것을 비유적으로 이르는 말.,wisdom,1,1,,610153,https://opendict.korean.go.kr/dictionary/view?sense_no=610153
문둥이 버들강아지 따먹고 배 앓는 소리 한다,무슨 말을 하는지 모르게 입안으로 우물우물 말하거나 노래 부르는 사람을 비유적으로 이르는 말.,wisdom,1,1,,609948,https://opendict.korean.go.kr/dictionary/view?sense_no=609948
문비를 거꾸로 붙이고 환쟁이만 나무란다,제가 잘못하여 놓고 도리어 남만 그르다고 한다는 말.,wisdom,1,1,,603165,https://opendict.korean.go.kr/dictionary/view?sense_no=603165
물때썰때를 안다,"밀물이 올라올 때와 썰물이 질 때를 안다는 뜻으로, 사물의 형편이나 나아가고 물러서는 시기를 잘 알고 있음을 비유적으로 이르는 말.",wisdom,1,1,sexual:gray,603097,https://opendict.korean.go.kr/dictionary/view?sense_no=603097
물 본 기러기 꽃 본 나비,마음에 드는 이성에게 매우 마음이 쏠림을 비유적으로 이르는 말.,wisdom,1,1,sexual:gray|violent:gray,610593,https://opendict.korean.go.kr/dictionary/view?sense_no=610593
물이 아니면 건너지 말고 인정이 아니면 사귀지 말라,인정에 의한 사귐이 있어야만 참된 사귐이라는 말.,wisdom,1,1,,610637,https://opendict.korean.go.kr/dictionary/view?sense_no=610637
미련은 먼저 나고 슬기는 나중 난다,"미련이 먼저 생기고 그다음에 슬기가 생긴다는 뜻으로, 무슨 일을 잘못 생각하거나 못쓰게 그르쳐 놓은 후에야 이랬더라면 좋았을 것을 저랬더라면 좋았을 것을 하고 궁리한다는 말.",wisdom,1,1,sexual:gray,610261,https://opendict.korean.go.kr/dictionary/view?sense_no=610261
미지근해도 흥정은 잘한다,"성품은 다소 누그러지고 조금 어리석은 점이 있기는 하나 팔고 사는 일은 잘한다는 뜻으로, 누구나 다 한 가지 재간은 가지고 있음을 비유적으로 이르는 말.",wisdom,1,1,sexual:gray,603153,https://opendict.korean.go.kr/dictionary/view?sense_no=603153
미친개 친 몽둥이 삼 년 우린다,"미친개를 치는 데 썼을 뿐 아무 맛도 없는 몽둥이를 두고두고 우린다는 뜻으로, 별로 신통치도 않은 것이나 하찮은 자랑을 두고두고 되풀이하고 있음을 비꼬는 말.",wisdom,1,1,sexual:gray,603110,https://opendict.korean.go.kr/dictionary/view?sense_no=603110
미친 녀편네 떡 퍼 돌리듯,"정신 나간 미친 여자가 헤아림도 없이 있는 떡을 닥치는 대로 퍼서 돌리듯 한다는 뜻으로, 타산 없이 있는 대로 마구 내다 쓰거나 헤프게 쓰는 모양을 비유적으로 이르는 말.",wisdom,1,1,,610526,https://opendict.korean.go.kr/dictionary/view?sense_no=610526
미친년의 속곳 가랑이 빠지듯,"미친 여자가 옷을 입을 때 매고 여미고 하는 것을 단정하게 못하여 속곳이 겉으로 비어져 나온다는 뜻으로, 옷매무시가 단정하지 못함을 비유적으로 이르는 말.",wisdom,1,1,sexual:gray|violent:gray,610533,https://opendict.korean.go.kr/dictionary/view?sense_no=610533
미친년이 아이를 씻어서 죽인다,"미친 여자가 아이 목욕시키는 것이 좋은 줄만 알고 자주 물속에 집어넣고 씻기다가 죽이게 된다는 뜻으로, 좋은 짓도 지나치게 자꾸 되풀이하면 도리어 해롭게 됨을 비유적으로 이르는 말.",wisdom,1,1,violent:gray,610535,https://opendict.korean.go.kr/dictionary/view?sense_no=610535
미친 사람의 말에서도 얻어들을 것이 있다,남이 하는 말을 신중하게 귀담아들어야 함을 비유적으로 이르는 말.,wisdom,1,1,,610527,https://opendict.korean.go.kr/dictionary/view?sense_no=610527
밑돌 빼서 윗돌 고인다,"기껏 한다는 짓이 밑에 있는 돌을 뽑아서 위에다 고여 나간다는 뜻으로, 일한 보람이 없이 어리석은 짓을 하는 경우를 비유적으로 이르는 말.",wisdom,1,1,,603123,https://opendict.korean.go.kr/dictionary/view?sense_no=603123
바늘에는 소나 범[곰]이라,"바늘에 대해서는 소나 곰처럼 다룰 줄 모른다는 뜻으로, 바느질을 할 줄 모르는 사람을 비유적으로 이르는 말.",wisdom,1,1,,603227,https://opendict.korean.go.kr/dictionary/view?sense_no=603227
바다에 가서 토끼 찾기,땅에서 사는 토끼를 바다에서 구한다는 뜻으로 도저히 불가능한 일을 하려고 애쓰는 어리석음을 비유적으로 이르는 말. &lt;동의 속담&gt; ‘산에서 물고기 잡기’ ‘나무에서 고기를 찾는다’ ‘솔밭에 가서 고기 낚기’,wisdom,1,1,sexual:gray,610865,https://opendict.korean.go.kr/dictionary/view?sense_no=610865
바디 구멍에도 용수 있다,아무런 방도가 없는 것같이 보이는 경우라도 거기에는 반드시 어떤 해결책이 있기 마련임을 비유적으로 이르는 말. &lt;동의 속담&gt; ‘바위 속에도 용수가 있다’,wisdom,1,1,,610401,https://opendict.korean.go.kr/dictionary/view?sense_no=610401
바람벽에도 귀가 있다,"바람벽에도 듣는 귀가 있어서 몰래 한 말도 다 알게 된다는 뜻으로, 어떤 환경에서나 말을 함부로 하지 말고 조심하여야 함을 비유적으로 이르는 말.",wisdom,1,1,,610819,https://opendict.korean.go.kr/dictionary/view?sense_no=610819
바위 속에도 용수가 있다,"굳은 바위 속에서도 비집고 돌아설 수 있는 틈이 있다는 뜻으로, 아무런 방도가 없는 것같이 보이는 경우라도 거기에는 반드시 어떤 해결책이 있기 마련임을 비유적으로 이르는 말. &lt;동의 속담&gt; ‘바디 구멍에도 용수 있다’",wisdom,1,1,,610882,https://opendict.korean.go.kr/dictionary/view?sense_no=610882
박쥐의 두 마음,우세한 쪽에 붙는 기회주의자의 교활한 마음을 비유적으로 이르는 말.,wisdom,1,1,sexual:gray|violent:gray,610410,https://opendict.korean.go.kr/dictionary/view?sense_no=610410
반드럽기는 삼 년 묵은 물박달나무 방망이,"삼 년씩이나 가지고 다루면서 반들반들하게 된 물박달나무 방망이 같다는 뜻으로, 말을 잘 안 듣고 요리조리 피하기만 하는 몹시 약삭빠른 사람을 이르는 말.",wisdom,1,1,violent:gray,610797,https://opendict.korean.go.kr/dictionary/view?sense_no=610797
반편이 명산 폐묘한다,"못난 것이 도리어 잘난 체하다가 명산을 모르고 묘를 폐한다는 뜻으로, 못난이가 가만히 있지 못하고 오히려 이러쿵저러쿵하다가 일을 그르치는 경우를 비유적으로 이르는 말. &lt;동의 속담&gt; ‘반풍수 집안 망친다’",wisdom,1,1,,603283,https://opendict.korean.go.kr/dictionary/view?sense_no=603283
반풍수 집안 망친다,"서투른 풍수가가 잘못 나서서 집안을 망하게 한다는 뜻으로, 못난이가 가만히 있지 못하고 오히려 이러쿵저러쿵하다가 일을 그르치는 경우를 비유적으로 이르는 말. &lt;동의 속담&gt; ‘반편이 명산 폐묘한다’",wisdom,1,1,,603286,https://opendict.korean.go.kr/dictionary/view?sense_no=603286
발가벗고 달밤에 체조하다,분별없고 체통 없는 짓을 함을 비유적으로 이르는 말.,wisdom,1,1,,610895,https://opendict.korean.go.kr/dictionary/view?sense_no=610895
발만 보고도 무엇까지 보았다고,남의 일을 크게 과장하여 말을 하는 경우를 비꼬는 말.,wisdom,1,1,,603278,https://opendict.korean.go.kr/dictionary/view?sense_no=603278
발명이 대책이라,변명하는 것만이 상대편에 대하여 할 수 있는 최선의 일이라는 말.,wisdom,1,1,,610524,https://opendict.korean.go.kr/dictionary/view?sense_no=610524
밤 소쿠리에 생쥐 드나들듯,일은 하지 않으면서 교활한 방법으로 자주 드나들면서 남의 것을 가로채 먹는 얄미운 짓을 비유적으로 이르는 말. &lt;동의 속담&gt; ‘밤 항아리에 생쥐 새끼 들랑대듯’,wisdom,1,1,violent:gray,603330,https://opendict.korean.go.kr/dictionary/view?sense_no=603330
밤 쌀 보기 남의 계집 보기,남의 집 여자를 넘보는 남자의 그릇된 관념을 비꼬는 말.,wisdom,1,1,sexual:gray,610514,https://opendict.korean.go.kr/dictionary/view?sense_no=610514
밤 자고 나서 문안하기,"처음 만났을 때 문안 인사를 해야 하는데 그때는 가만히 있다가 하룻밤을 자고 난 다음에 문안 인사를 한다는 뜻으로, 다 지난 일이나 말을 새삼스럽게 하는 경우를 비유적으로 이르는 말.",wisdom,1,1,sexual:gray,610516,https://opendict.korean.go.kr/dictionary/view?sense_no=610516
밤 항아리에 생쥐 새끼 들랑대듯,일은 하지 않으면서 교활한 방법으로 자주 드나들면서 남의 것을 가로채 먹는 얄미운 짓을 비유적으로 이르는 말. &lt;동의 속담&gt; ‘밤 소쿠리에 생쥐 드나들듯’,wisdom,1,1,violent:gray,603331,https://opendict.korean.go.kr/dictionary/view?sense_no=603331
밥이 다 된 가마는 끓지 않는다,"밥이 다 끓어서 물이 잦아든 가마는 끓을 것이 없다는 뜻으로, 일이 잘되거나 순조롭게 다 된 경우에는 오히려 조용한 법임을 비유적으로 이르는 말.",wisdom,1,1,,611095,https://opendict.korean.go.kr/dictionary/view?sense_no=611095
밭을 사도 떼밭은 사지 마라,무슨 일을 하든지 경솔하게 처리하지 말고 잘 분별하여 정확히 처리할 것을 비유적으로 이르는 말.,wisdom,1,1,,610838,https://opendict.korean.go.kr/dictionary/view?sense_no=610838
밭 팔아 논 사면 좋아도 논 팔아 밭 사면 안 된다,"밭보다 귀중한 논을 팔아서 밭을 사는 어리석은 짓은 하지 말라는 뜻으로, 살림을 차차로 늘려 나가지 아니하고 오히려 줄어들게 하면 안 된다는 것을 비유적으로 이르는 말.",wisdom,1,1,,610830,https://opendict.korean.go.kr/dictionary/view?sense_no=610830
배고픈 자는 찬밥이라도 달게 먹는다,"배가 고프면 먹다가 남겨 둔 찬밥일지라도 맛있게 먹는다는 뜻으로, 굶주린 때에는 아무것이나 다 맛이 있는 법임을 비유적으로 이르는 말.",wisdom,1,1,,611182,https://opendict.korean.go.kr/dictionary/view?sense_no=611182
배만 부르면 제 세상인 줄 안다,배불리 먹기만 하면 아무 근심 걱정을 모른다는 말.,wisdom,1,1,,610763,https://opendict.korean.go.kr/dictionary/view?sense_no=610763
백미에는 뉘나 섞였지,좋은 쌀인 백미에도 뉘가 섞여 있어 흠이 있는데 비하여 아무런 흠도 없음을 이르는 말. &lt;동의 속담&gt; ‘봉산 참배는 물이나 있지’,wisdom,1,1,sexual:gray,611215,https://opendict.korean.go.kr/dictionary/view?sense_no=611215
백성이 제구실을 돋운다,섣불리 나대다가 일 봐 주는 사람의 미움을 덧들여서 역효과를 낸다는 말.,wisdom,1,1,,610824,https://opendict.korean.go.kr/dictionary/view?sense_no=610824
뱀의 굴이 석 자인지 넉 자인지 어찌 알랴,아직 나타나지 않은 재능이나 감추어져 있는 사물은 그 정도를 판단하기가 매우 어려움을 비유적으로 이르는 말. &lt;동의 속담&gt; ‘구멍에 든 뱀 (길이를 모른다)’ ‘구멍 속의 뱀이 서 발인지 너 발인지’,wisdom,1,1,violent:gray,611202,https://opendict.korean.go.kr/dictionary/view?sense_no=611202
버선 신고 발바닥 긁기,"버선을 신고 발바닥을 긁으면 긁으나 마나라는 뜻으로, 요긴한 곳에 직접 미치지 못하여 안타까운 경우를 비유적으로 이르는 말. &lt;동의 속담&gt; ‘신 신고 발바닥 긁기’ ‘구두 신고 발등 긁기’ ‘목화 신고 발등 긁기’ ‘옷을 격해 가려운 데를 긁는다’ ‘옷 입고 가려운 데 긁기’",wisdom,1,1,,603385,https://opendict.korean.go.kr/dictionary/view?sense_no=603385
벌도 덤이 있다,"벌을 받을 때도 덤으로 더 받게 되는 법인데, 하물며 물건을 받을 때에야 더 받지 않겠느냐는 말.",wisdom,1,1,,611235,https://opendict.korean.go.kr/dictionary/view?sense_no=611235
벌도 듬이 있다,‘벌도 법이 있지’의 북한 속담.,wisdom,1,1,,603413,https://opendict.korean.go.kr/dictionary/view?sense_no=603413
벌이 역사하듯,여럿이 손을 모아 일을 하는 모양을 비유적으로 이르는 말.,wisdom,1,1,,603418,https://opendict.korean.go.kr/dictionary/view?sense_no=603418
범 보고 애 보라기,"당장에라도 잡아먹자고 할 범에게 어린아이를 보아 달라고 맡기는 것과 같이 믿지 못할 사람에게 중요한 일을 맡긴다는 뜻으로, 위험성이 있거나 하는 짓이 어리석음을 비유적으로 이르는 말. &lt;동의 속담&gt; ‘범에게 아이 보아 달란다’",wisdom,1,1,sexual:gray,610444,https://opendict.korean.go.kr/dictionary/view?sense_no=610444
범 본 여편네[할미/놈] 창구멍을 틀어막듯,"범을 본 여편네가 질겁하여 범이 창구멍으로 들어오지나 않을까 걱정하여 창구멍을 틀어막는다는 뜻으로, 급한 나머지 임시변통으로 어리석게 맞추려는 모양을 비유적으로 이르는 말. &lt;동의 속담&gt; ‘호랑이 보고 창구멍 막기’",wisdom,1,1,violent:gray,610445,https://opendict.korean.go.kr/dictionary/view?sense_no=610445
범에게 아이 보아 달란다,"당장에라도 잡아먹자고 할 범에게 어린아이를 보아 달라고 맡기는 것과 같이 믿지 못할 사람에게 중요한 일을 맡긴다는 뜻으로, 위험성이 있거나 하는 짓이 어리석음을 비유적으로 이르는 말. &lt;동의 속담&gt; ‘범 보고 애 보라기’",wisdom,1,1,sexual:gray,610474,https://opendict.korean.go.kr/dictionary/view?sense_no=610474
범이 날고기 먹을 줄 모르나[모르랴],"당연히 범은 날고기를 먹을 줄 안다는 뜻으로, 뻔한 사실임을 비유적으로 이르는 말.",wisdom,1,1,,610491,https://opendict.korean.go.kr/dictionary/view?sense_no=610491
범이 입에 문 고기를 놓으랴,"고기를 먹고 사는 사나운 범이 입에 물어 넣은 고기를 먹지 않고 내놓을 리 있겠느냐는 뜻으로, 본성이 흉악하고 못된 자는 제가 차지하게 된 것을 스스로 내놓고 물러서는 법이 없음을 비유적으로 이르는 말.",wisdom,1,1,sexual:gray,610501,https://opendict.korean.go.kr/dictionary/view?sense_no=610501
법보다 눈앞의 주먹이 무섭다,찬찬히 사리를 따져서 해명하는 것보다 당장 폭력의 화를 입는 것이 더 무섭다는 말.,wisdom,1,1,violent:gray,610878,https://opendict.korean.go.kr/dictionary/view?sense_no=610878
벙거지 시울 만지는 소리,애매하고 모호해서 알 수 없는 말을 비유적으로 이르는 말.,wisdom,1,1,violent:gray,603440,https://opendict.korean.go.kr/dictionary/view?sense_no=603440
벙어리가 서방질을 해도 제 속이 있다,말은 하지 않더라도 제 딴에는 정당한 이유도 있고 뜻도 있음을 비유적으로 이르는 말. &lt;동의 속담&gt; ‘처녀가 한증을 해도 제 마련은 있다’,wisdom,1,1,sexual:gray,611034,https://opendict.korean.go.kr/dictionary/view?sense_no=611034
벙어리 마주 앉은 셈,"벙어리가 서로 마주앉아 아무 말도 하지 못하고 있는 것과 같다는 뜻으로, 마땅히 정당하게 담판할 일에 감히 입을 열어 말을 하지 못하고 끙끙거리는 경우를 비유적으로 이르는 말. &lt;동의 속담&gt; ‘벙어리 차접을 맡았다’",wisdom,1,1,,611018,https://opendict.korean.go.kr/dictionary/view?sense_no=611018
벙어리 차접을 맡았다,"벙어리가 하급 관리의 임명장인 차접을 맡아 쥐고도 이러지도 저러지도 못하고 우물거리고 있다는 뜻으로, 마땅히 정당하게 담판할 일에 감히 입을 열어 말을 하지 못하고 끙끙거리는 경우를 비유적으로 이르는 말. &lt;동의 속담&gt; ‘벙어리 마주 앉은 셈’",wisdom,1,1,,611032,https://opendict.korean.go.kr/dictionary/view?sense_no=611032
벙어리 호적(胡狄)을 만나다,"가뜩이나 말이 통하지 않는 오랑캐를 벙어리가 만났다는 뜻으로, 입을 다물고 말을 하지 않는 경우를 비유적으로 이르는 말.",wisdom,1,1,,611033,https://opendict.korean.go.kr/dictionary/view?sense_no=611033
벼룩의 간을[선지를] 내먹는다,하는 짓이 몹시 잘거나 인색함을 비유적으로 이르는 말. &lt;동의 속담&gt; ‘참새 앞정강이를 긁어 먹는다’,wisdom,1,1,sexual:gray,611046,https://opendict.korean.go.kr/dictionary/view?sense_no=611046
보기 싫은 처도 빈방보다 낫다,"정이 들지 않는 처도 없는 것보다는 낫다는 뜻으로, 가정에는 살림하는 여자가 있어야 함을 비유적으로 이르는 말.",wisdom,1,1,,603543,https://opendict.korean.go.kr/dictionary/view?sense_no=603543
보리 갈아 놓고 못 참는다,빨리 결과를 얻으려고 성급히 굶을 비유적으로 이르는 말.,wisdom,1,1,,611373,https://opendict.korean.go.kr/dictionary/view?sense_no=611373
보리밭에 가 숭늉 찾는다,모든 일에는 질서와 차례가 있는 법인데 일의 순서도 모르고 성급하게 덤빔을 비유적으로 이르는 말. &lt;동의 속담&gt; ‘우물에 가 숭늉 찾는다’ ‘싸전에 가서 밥 달라고 한다’,wisdom,1,1,,603453,https://opendict.korean.go.kr/dictionary/view?sense_no=603453
본가집이라면 늙은 할머니도 지팽이를 버리고 뛰여 간다,시집간 여자라면 누구나 친정집에 다니러 가는 것을 몹시 반가워한다는 것을 비유적으로 이르는 말.,wisdom,1,1,,603477,https://opendict.korean.go.kr/dictionary/view?sense_no=603477
봄에 씨 뿌려야 가을에 거둔다,어떤 일이든지 제때에 대책을 세우고 공을 들여야 그만큼 성과를 거두게 됨을 비유적으로 이르는 말.,wisdom,1,1,,611274,https://opendict.korean.go.kr/dictionary/view?sense_no=611274
봄에 의붓아비 제 지낼까,"양식이 떨어진 봄에 의붓아버지의 제사를 지내겠냐는 뜻으로, 형편이 넉넉할 때 꼭 치러야 할 일도 못하는 처지인데 어려운 때에 체면을 차리기 위해서 억지로 힘든 일을 할 수는 없음을 비유적으로 이르는 말. &lt;동의 속담&gt; ‘가을에 내 아비 제도 못 지내거든 봄에 의붓아비 제 지낼까’ ‘가을에 못 지낸 제사를 봄에는 지낼까’ ‘가을에 친아비 제사도 못 지냈는데 봄에 의붓아비 제사 지낼까’",wisdom,1,1,sexual:gray,611275,https://opendict.korean.go.kr/dictionary/view?sense_no=611275
봉사 단청 구경,"눈먼 봉사가 단청을 구경한다는 뜻으로, 사물의 참된 모습을 깨닫지 못함을 비유적으로 이르는 말. &lt;동의 속담&gt; ‘소경 관등(觀燈) 가듯’ ‘소경 단청 구경’",wisdom,1,1,,603561,https://opendict.korean.go.kr/dictionary/view?sense_no=603561
부앗김에 서방질한다,울분을 참지 못하여 차마 못 할 짓을 저지른다는 말. &lt;동의 속담&gt; ‘홧김에 서방질한다[화냥질한다]’ ‘속상한데 서방질이나 하자는 격’,wisdom,1,1,sexual:gray,603622,https://opendict.korean.go.kr/dictionary/view?sense_no=603622
부엉이 셈 치기,"부엉이가 수를 셀 때 반드시 짝으로 하므로 하나가 없어지는 것은 알아도 짝으로 없어지는 것은 모른다는 데서 나온 말로, 세상에 몹시 어두운 사람의 셈을 비유적으로 이르는 말.",wisdom,1,1,,611567,https://opendict.korean.go.kr/dictionary/view?sense_no=611567
부잣집 맏며느릿감이다[맏며느리 같다],얼굴이 복스럽고 듬직하게 생긴 여자를 비유적으로 이르는 말.,wisdom,1,1,,603735,https://opendict.korean.go.kr/dictionary/view?sense_no=603735
비 맞은 중놈 중얼거리듯,남이 알아듣지 못할 정도로 낮은 소리로 불평 섞인 말을 중얼거림을 비유적으로 이르는 말. &lt;동의 속담&gt; ‘비 맞은 중 담 모퉁이 돌아가는 소리’,wisdom,1,1,,603704,https://opendict.korean.go.kr/dictionary/view?sense_no=603704
비 맞은 중 담 모퉁이 돌아가는 소리,남이 알아듣지 못할 정도로 낮은 소리로 불평 섞인 말을 중얼거림을 비유적으로 이르는 말. &lt;동의 속담&gt; ‘비 맞은 중놈 중얼거리듯’,wisdom,1,1,,603703,https://opendict.korean.go.kr/dictionary/view?sense_no=603703
사공 배[배전] 둘러대듯,"사공이 배를 마음대로 둘러대듯 한다는 뜻으로, 말을 이리저리 잘 둘러침을 비유적으로 이르는 말.",wisdom,1,1,sexual:gray,603867,https://opendict.korean.go.kr/dictionary/view?sense_no=603867
사나운 말에는 특별한 길마 지운다,"사나운 말은 여느 말과 다른 길마를 지워서 단단히 다룬다는 뜻으로, 사람도 성격이 거칠고 행실이 사나우면 그에 맞는 특별한 제재를 받게 됨을 이르는 말.",wisdom,1,1,,611832,https://opendict.korean.go.kr/dictionary/view?sense_no=611832
사내가 바가지로 물을 마시면 수염이 안 난다,남자들이 부엌에 자주 드나들면 남자답게 되지 못한다는 말.,wisdom,1,1,sexual:gray,603794,https://opendict.korean.go.kr/dictionary/view?sense_no=603794
사내가 어디 가나 옹솥하고 계집은 있다,"어떤 남자라도 밥할 만한 작은 밥솥과 같이 살 여자는 다 가지고 있다는 뜻으로, 못난 남자라도 밥벌이와 아내는 얻게 됨을 이르는 말.",wisdom,1,1,sexual:gray,603795,https://opendict.korean.go.kr/dictionary/view?sense_no=603795
사내는 도둑질 빼고 다 배워라,남자는 넓은 경험과 기술을 가져야 함을 이르는 말.,wisdom,1,1,sexual:gray,603797,https://opendict.korean.go.kr/dictionary/view?sense_no=603797
사내 등골(을) 빼먹는다,화류계 여성이 외도하는 남자의 재물을 훑어 먹음을 이르는 말.,wisdom,1,1,sexual:gray,603789,https://opendict.korean.go.kr/dictionary/view?sense_no=603789
"사내 못난 것은 대가리만 크고, 계집 못난 것은 젖통만 크다","머리통이 큰 남자, 가슴이 큰 여자를 비꼬는 말.",wisdom,1,1,sexual:gray,603790,https://opendict.korean.go.kr/dictionary/view?sense_no=603790
사또 떠난 뒤에 나팔 분다,"사또 행차가 다 지나간 뒤에야 악대를 불러다 나팔을 불리고 북을 치게 한다는 뜻으로, 제때 안 하다가 뒤늦게 대책을 세우며 서두름을 핀잔하는 말. &lt;동의 속담&gt; ‘행차 뒤에 나팔’",wisdom,1,1,,611469,https://opendict.korean.go.kr/dictionary/view?sense_no=611469
사람 속은 소금 서 말을 같이 먹어 보아야 안다,사람을 알자면 오래 같이 생활하여 보아야 함을 이르는 말.,wisdom,1,1,violent:gray,611607,https://opendict.korean.go.kr/dictionary/view?sense_no=611607
삭은 바자 구멍에 노란 개 주둥이 (내밀듯),"삭을 대로 삭아서 다치기만 하여도 구멍이 펑펑 나는 바자 틈에 난데없이 쑥 나온 누렁개의 주둥이와 같다는 뜻으로, 당찮은 일에 끼어들어 주제넘게 말참견을 하는 것을 비꼬는 말. &lt;동의 속담&gt; ‘다 삭은 바자 틈에 누렁개 주둥이 같다’",wisdom,1,1,,603885,https://opendict.korean.go.kr/dictionary/view?sense_no=603885
산 까마귀 염불한다,"산에 있는 까마귀가 산에 있는 절에서 염불하는 것을 하도 많이 보고 들어서 염불하는 흉내를 낸다는 뜻으로, 무엇을 전혀 모르던 사람도 오랫동안 보고 듣노라면 제법 따라 할 수 있게 됨을 비유적으로 이르는 말.",wisdom,1,1,,603834,https://opendict.korean.go.kr/dictionary/view?sense_no=603834
산 놈의 계집은 범도 안 물어 간다,외딴 산속에 사는 여자는 버릇도 없고 몹시 드세 만만치 않음을 비유적으로 이르는 말.,wisdom,1,1,sexual:gray,603836,https://opendict.korean.go.kr/dictionary/view?sense_no=603836
산살구 지레 터진다,아직 다 자라기도 전에 못된 짓부터 배움을 핀잔하는 말.,wisdom,1,1,,604035,https://opendict.korean.go.kr/dictionary/view?sense_no=604035
산에서 물고기 잡기,물에서 사는 물고기를 산에서 구한다는 뜻으로 도저히 불가능한 일을 하려고 애쓰는 어리석음을 비유적으로 이르는 말. &lt;동의 속담&gt; ‘나무에서 고기를 찾는다’ ‘바다에 가서 토끼 찾기’ ‘솔밭에 가서 고기 낚기’,wisdom,1,1,sexual:gray,603849,https://opendict.korean.go.kr/dictionary/view?sense_no=603849
살아가면 고손자한테도 배운다,배움에는 위아래가 없음을 비유적으로 이르는 말.,wisdom,1,1,sexual:gray,611813,https://opendict.korean.go.kr/dictionary/view?sense_no=611813
삼국 시절에 났나 말은 굵게 한다,공연히 큰소리치며 허세를 부림을 이르는 말.,wisdom,1,1,,604064,https://opendict.korean.go.kr/dictionary/view?sense_no=604064
삼 년 가뭄에 하루 쓸 날 없다,계속 날이 개어 있다가 무슨 일을 하려고 하는 날 공교롭게도 날씨가 궂어 일을 그르치는 경우를 비유적으로 이르는 말. &lt;동의 속담&gt; ‘칠 년 가뭄에 하루 쓸 날 없다’,wisdom,1,1,,603986,https://opendict.korean.go.kr/dictionary/view?sense_no=603986
삼 년 벌던 논밭도 다시 돌아보고 산다,"삼 년 동안이나 제가 일구던 논밭도 제가 사게 되니 다시 이것저것 따져 보고서야 사게 된다는 뜻으로, 이미 잘 알고 있는 일이라도 정작 제가 책임을 맡게 되면 다시 한번 이것저것 따져 보게 됨을 비유적으로 이르는 말.",wisdom,1,1,,603996,https://opendict.korean.go.kr/dictionary/view?sense_no=603996
삼태기로 앞 가리기,속이 빤히 들여다보이는 일을 속여 보려고 하는 어리석은 짓을 비유적으로 이르는 말.,wisdom,1,1,,604101,https://opendict.korean.go.kr/dictionary/view?sense_no=604101
상전 시정 연줄 감듯,무엇이나 긴 것을 솜씨 있게 잘 감고 사리는 모습을 비유적으로 이르는 말. &lt;동의 속담&gt; ‘진사 시정 연줄 감듯’ ‘선전 시정의 비단 감듯’ ‘제주 미역 머리 감듯’,wisdom,1,1,,604044,https://opendict.korean.go.kr/dictionary/view?sense_no=604044
새 까먹은 소리,"새가 낟알을 까먹고 난 빈 껍질 같은 소리라는 뜻으로, 근거 없는 말을 듣고 퍼뜨린 헛소문을 비유적으로 이르는 말.",wisdom,1,1,,604176,https://opendict.korean.go.kr/dictionary/view?sense_no=604176
새끼그물로 범 잡는다,보잘것없는 것을 가지고 큰일을 하려는 어리석음을 비유적으로 이르는 말.,wisdom,1,1,sexual:gray,611551,https://opendict.korean.go.kr/dictionary/view?sense_no=611551
새 바지에 똥 싼다,잘된 것을 만져서 도리어 못 되게 그르치는 경우를 비유적으로 이르는 말.,wisdom,1,1,sexual:gray,611823,https://opendict.korean.go.kr/dictionary/view?sense_no=611823
새장에 갇힌 앵무새,자유를 구속당하고 갇혀 있는 처지를 비유적으로 이르는 말.,wisdom,1,1,,611987,https://opendict.korean.go.kr/dictionary/view?sense_no=611987
색시가 고우면 처갓집 외양간 말뚝에도 절한다,어떤 사람을 너무 좋아하여 사리 판단이 어두워지면 실수를 하게 됨을 비유적으로 이르는 말. &lt;동의 속담&gt; ‘아내가 귀여우면 처갓집 말뚝 보고도 절한다’ ‘아내가 귀여우면 처갓집 문설주도 귀엽다’,wisdom,1,1,sexual:gray,611851,https://opendict.korean.go.kr/dictionary/view?sense_no=611851
색시 그루는 다홍치마 적에 앉혀야 한다,아내나 새며느리를 길들이고 법도를 세우려면 다홍치마를 입는 새색시 때부터 똑바로 가르쳐야 한다는 말. &lt;동의 속담&gt; ‘아내 행실은 다홍치마 적부터 그루를 앉힌다’,wisdom,1,1,sexual:gray,611842,https://opendict.korean.go.kr/dictionary/view?sense_no=611842
생마 갈기 외로 길지 바로 길지,장차 어떤 일이 어떻게 변하여 갈지 도무지 가늠할 수 없음을 비유적으로 이르는 말.,wisdom,1,1,sexual:gray,612218,https://opendict.korean.go.kr/dictionary/view?sense_no=612218
서투른 풍수 집안만 망쳐 놓는다,무슨 일에 잘 알지 못하면서 아는 체하여 일을 하다가 아주 크게 그르치는 경우를 비유적으로 이르는 말.,wisdom,1,1,,612001,https://opendict.korean.go.kr/dictionary/view?sense_no=612001
선전 시정의 비단 감듯,무엇이나 긴 것을 솜씨 있게 잘 감고 사리는 모습을 비유적으로 이르는 말. &lt;동의 속담&gt; ‘진사 시정 연줄 감듯’ ‘상전 시정 연줄 감듯’ ‘제주 미역 머리 감듯’,wisdom,1,1,,604276,https://opendict.korean.go.kr/dictionary/view?sense_no=604276
섣달그믐께 흰 쌀떡 치는 소리,관청에 잡혀가서 무참히 볼기를 맞는 소리를 떡 치는 소리에 비유하여 이르는 말.,wisdom,1,1,,604268,https://opendict.korean.go.kr/dictionary/view?sense_no=604268
섣달그믐날 개밥 퍼 주듯,"결혼 적령기를 넘긴 여자가 홧김에 개밥을 푹푹 퍼 준다는 뜻으로, 무엇을 너무 많이 헤프게 퍼 주는 경우를 비유적으로 이르는 말.",wisdom,1,1,,604262,https://opendict.korean.go.kr/dictionary/view?sense_no=604262
설 때 궂긴 아이가 날 때도 궂긴다,"뱃속에 처음 생길 때부터 힘든 아이는 태어날 때도 고생한다는 뜻으로, 처음 시작이 순조롭지 못하면 내내 순조롭지 못함을 이르는 말. &lt;동의 속담&gt; ‘설 제 궂긴 아이가 날 제도 궂긴다’",wisdom,1,1,sexual:gray,612195,https://opendict.korean.go.kr/dictionary/view?sense_no=612195
설삶은 말[소] 대가리,고집이 세어 말을 알아듣지 못하는 사람을 비유적으로 이르는 말.,wisdom,1,1,,612005,https://opendict.korean.go.kr/dictionary/view?sense_no=612005
설 제 궂긴 아이가 날 제도 궂긴다,"뱃속에 처음 생길 때부터 힘든 아이는 태어날 때도 고생한다는 뜻으로, 처음 시작이 순조롭지 못하면 내내 순조롭지 못함을 이르는 말. &lt;동의 속담&gt; ‘설 때 궂긴 아이가 날 때도 궂긴다’",wisdom,1,1,sexual:gray,612198,https://opendict.korean.go.kr/dictionary/view?sense_no=612198
성난 승냥이 코침 잘못 주다 되물린다,성이 난 사람에게 섣불리 참견하였다가는 도리어 손해를 본다는 말.,wisdom,1,1,,612402,https://opendict.korean.go.kr/dictionary/view?sense_no=612402
성인은 미치광이 말도 가려 쓴다,"성인은 미치광이가 하는 말도 듣고 나서 받아들일 것은 받아들인다는 뜻으로, 누구의 말이든 귀담아듣고 옳은 말은 받아들여야 함을 비유적으로 이르는 말.",wisdom,1,1,,612265,https://opendict.korean.go.kr/dictionary/view?sense_no=612265
성현이 나면 기린이 나고 군자가 나면 봉이 난다,어진 이나 임금이 나와 나라를 잘 다스리면 기린이나 봉황이 나타나는 것과 같은 상서로운 일도 있게 됨을 이르는 말.,wisdom,1,1,,604225,https://opendict.korean.go.kr/dictionary/view?sense_no=604225
세물전 영감이다,아는 것이 매우 많은 사람을 비유적으로 이르는 말.,wisdom,1,1,violent:gray,604273,https://opendict.korean.go.kr/dictionary/view?sense_no=604273
소경 관등(觀燈) 가듯,"눈먼 소경이 관등놀이한다는 뜻으로, 사물의 참된 모습을 깨닫지 못함을 비유적으로 이르는 말. &lt;동의 속담&gt; ‘봉사 단청 구경’ ‘소경 단청 구경’",wisdom,1,1,,611937,https://opendict.korean.go.kr/dictionary/view?sense_no=611937
소경 단청 구경,"눈먼 소경이 단청을 구경한다는 뜻으로, 사물의 참된 모습을 깨닫지 못함을 비유적으로 이르는 말. &lt;동의 속담&gt; ‘봉사 단청 구경’ ‘소경 관등(觀燈) 가듯’",wisdom,1,1,,611941,https://opendict.korean.go.kr/dictionary/view?sense_no=611941
소경 머루 먹듯,좋고 나쁜 것을 분별하지 못하고 이것저것 아무것이나 취하는 모양을 비유적으로 이르는 말. &lt;동의 속담&gt; ‘들녘 소경 머루 먹듯’,wisdom,1,1,,611947,https://opendict.korean.go.kr/dictionary/view?sense_no=611947
소 굿 소리 듣듯,남이 애써 하는 말을 무심하게 듣고만 있는 경우를 비유적으로 이르는 말.,wisdom,1,1,,612593,https://opendict.korean.go.kr/dictionary/view?sense_no=612593
속 검은 사람일수록 비단 두루마기를 입는다,잘못이나 죄를 저질러 뒤가 켕기는 사람일수록 그것을 감추기 위하여 갖은 술책을 다 꾸밈을 비유적으로 이르는 말.,wisdom,1,1,,612379,https://opendict.korean.go.kr/dictionary/view?sense_no=612379
속상한데 서방질이나 하자는 격,울분을 참지 못하여 차마 못 할 짓을 저지른다는 말. &lt;동의 속담&gt; ‘홧김에 서방질한다[화냥질한다]’ ‘부앗김에 서방질한다’,wisdom,1,1,sexual:gray,612316,https://opendict.korean.go.kr/dictionary/view?sense_no=612316
속으로 호박씨만 깐다,어리석은 듯하지만 의뭉한 데가 있어 제 실속은 다 차림을 비유적으로 이르는 말.,wisdom,1,1,,612390,https://opendict.korean.go.kr/dictionary/view?sense_no=612390
속이 먹통,아무것도 아는 것이 없음을 비유적으로 이르는 말.,wisdom,1,1,sexual:gray,612391,https://opendict.korean.go.kr/dictionary/view?sense_no=612391
손자를 귀애하면 코 묻은 밥을 먹는다,"손자를 너무 예뻐하면 손자의 코가 묻은 밥을 먹게 된다는 뜻으로, 어리석은 이와 친하면 이익은 없고 손해만 입게 됨을 이르는 말.",wisdom,1,1,,604388,https://opendict.korean.go.kr/dictionary/view?sense_no=604388
솔밭에 가서 고기 낚기,물에서 사는 물고기를 솔밭에서 구한다는 뜻으로 도저히 불가능한 일을 하려고 애쓰는 어리석음을 비유적으로 이르는 말. &lt;동의 속담&gt; ‘산에서 물고기 잡기’ ‘나무에서 고기를 찾는다’ ‘바다에 가서 토끼 찾기’,wisdom,1,1,sexual:gray,604361,https://opendict.korean.go.kr/dictionary/view?sense_no=604361
송곳 거꾸로 꽂고 발끝으로 차기,스스로 화를 부르는 어리석은 짓을 비유적으로 이르는 말.,wisdom,1,1,,612091,https://opendict.korean.go.kr/dictionary/view?sense_no=612091
송도 말년의 불가사리라,"고려 말에 불가사리라는 괴물이 나타나 못된 짓을 많이 하였으나 죽이지 못하였다는 이야기에서 나온 말로, 몹시 무지하고 못된 짓을 하는 자를 비유적으로 이르는 말.",wisdom,1,1,violent:gray,604378,https://opendict.korean.go.kr/dictionary/view?sense_no=604378
송사리 한 마리가 온 강물을 흐린다,"조그마한 송사리 한 마리가 까불며 바닥의 흙을 휘저어 강물을 흐리게 만든다는 뜻으로, 대수롭지 않은 존재의 부정적인 행위가 온 집단에 나쁜 영향을 끼침을 비유적으로 이르는 말.",wisdom,1,1,,612146,https://opendict.korean.go.kr/dictionary/view?sense_no=612146
솥이 검다고 밥도 검을가,겉모양만 보고 속까지 그릇된 것으로 판단하지 말라는 말.,wisdom,1,1,,612296,https://opendict.korean.go.kr/dictionary/view?sense_no=612296
쇠고기 열 점보다 새고기 한 점이 낫다,참새고기가 매우 맛있다는 말.,wisdom,1,1,violent:gray,612129,https://opendict.korean.go.kr/dictionary/view?sense_no=612129
쇠죽가마에 달걀 삶아 먹을라,"쇠죽가마에 달걀을 삶아 먹지 말라고 타일러 준 것이 도리어 그것을 일깨워 준 꼴이 되었다는 뜻으로, 훈계한다는 것이 도리어 나쁜 방법을 가르쳐 주는 꼴이 된 경우를 비유적으로 이르는 말.",wisdom,1,1,violent:gray,612059,https://opendict.korean.go.kr/dictionary/view?sense_no=612059
수구문 차례(라),"전날에 한양성 안에서 백성의 주검을 성 밖으로 내보내던 수구문을 통하여 상여를 타고 나갈 차례가 되었다는 뜻으로, 여럿이 둘러앉아 술 마실 때에 술잔이 나이 많은 사람에게 먼저 돌아감을 우스갯소리로 이르는 말.",wisdom,1,1,,604391,https://opendict.korean.go.kr/dictionary/view?sense_no=604391
수수대에 기름 발린 말,"원래 미끈한 수숫대에 기름을 바른 것과 같은 반질반질한 말소리라는 뜻으로, 내용은 없고 번지르르하기만 한 말을 비유적으로 이르는 말.",wisdom,1,1,,604520,https://opendict.korean.go.kr/dictionary/view?sense_no=604520
숙성이 된 곡식은 여물기도 일찍 된다,지식이나 경험 따위가 많을수록 일의 성과도 그만큼 빨리 이루어질 수 있음을 비유적으로 이르는 말.,wisdom,1,1,sexual:gray,604485,https://opendict.korean.go.kr/dictionary/view?sense_no=604485
숙향전이 고담(古談)이라,"소설의 숙향전이 옛이야기에 불과하다는 뜻으로, 여자의 운명이 평탄치 못하여 고생만 하다가 끝내 좋은 때를 만나지 못함을 비유적으로 이르는 말.",wisdom,1,1,,612761,https://opendict.korean.go.kr/dictionary/view?sense_no=612761
술이 들어가면 지혜는 달아난다,술을 자꾸 마시면 그만큼 머리가 나빠진다는 말.,wisdom,1,1,,604464,https://opendict.korean.go.kr/dictionary/view?sense_no=604464
숭어가 뛰니까 망둥이도 뛴다,남이 한다고 하니까 분별없이 덩달아 나섬을 비유적으로 이르는 말. &lt;동의 속담&gt; ‘망둥이가 뛰니까 전라도 빗자루도 뛴다’ ‘망둥이가 뛰면 꼴뚜기도 뛴다’ ‘잉어가 뛰니까 망둥이도 뛴다’ ‘잉어 숭어가 오니 물고기라고 송사리도 온다’,wisdom,1,1,,604501,https://opendict.korean.go.kr/dictionary/view?sense_no=604501
슬인 춤에 지게 지고 엉덩춤 춘다,"슬인이 추는 춤에 자신도 맞추어 지게를 지고 엉덩춤을 춘다는 뜻으로, 남이 한다고 무턱대고 좇아 하는 어리석은 경우를 비유적으로 이르는 말.",wisdom,1,1,,604578,https://opendict.korean.go.kr/dictionary/view?sense_no=604578
승냥이 앞에 고기덩이를 내맡기는 격,위험한 것을 뻔히 알면서도 일을 행하는 어리석은 경우를 비유적으로 이르는 말. &lt;동의 속담&gt; ‘승냥이에게 어린 양을 보아 달라고 내맡긴다’,wisdom,1,1,,604510,https://opendict.korean.go.kr/dictionary/view?sense_no=604510
승냥이에게 어린 양을 보아 달라고 내맡긴다,위험한 것을 뻔히 알면서도 일을 행하는 어리석은 경우를 비유적으로 이르는 말. &lt;동의 속담&gt; ‘승냥이 앞에 고기덩이를 내맡기는 격’,wisdom,1,1,,604515,https://opendict.korean.go.kr/dictionary/view?sense_no=604515
시골 당나귀 남대문 쳐다보듯,"시골 당나귀가 서울의 남대문을 보아도 그것이 무엇인지 모른다는 뜻으로, 나쁜 내막을 전혀 모르고 그저 보고만 있음을 비유적으로 이르는 말.",wisdom,1,1,sexual:gray,612328,https://opendict.korean.go.kr/dictionary/view?sense_no=612328
시어는 뼈가 많고 자미(子美)는 문(文)에 능하지 못하고 자고(子固)는 시(詩)가 변변하지 못하였다,"준치는 아름답지만 뼈가 많은 것이 흠이고, 두보는 대시인이었지만 산문에는 능하지 못하였고, 증공과 같은 문장가는 운문에 변변치 못한 것이 유감이라는 뜻으로, 좋은 면의 한편에는 좋지 못한 일이 있음을 비유적으로 이르는 말.",wisdom,1,1,sexual:gray,604566,https://opendict.korean.go.kr/dictionary/view?sense_no=604566
시집살이 못하면 동리 개가 업신여긴다,여자로서 시집에서 쫓겨나 친정에 돌아오는 것은 부끄러운 일이라는 말.,wisdom,1,1,,612705,https://opendict.korean.go.kr/dictionary/view?sense_no=612705
시집 안 보내고 호박이라고 혼자 늙힐가,여자는 시집갈 나이가 되면 제때에 보내야 한다는 말.,wisdom,1,1,,612430,https://opendict.korean.go.kr/dictionary/view?sense_no=612430
시집 울타리 귀신이 되어야 한다,여자는 한번 시집을 가면 무슨 일이 있어도 시집에서 끝까지 살아가야 한다는 말. &lt;동의 속담&gt; ‘죽어도 시집 울타리 밑에서 죽어라’ ‘죽어도 시집의 귀신’,wisdom,1,1,violent:gray,612431,https://opendict.korean.go.kr/dictionary/view?sense_no=612431
시형님 잡숫고 조왕님 잡숫고 이제는 먹어 보랄 게 없다,시집살이하는 여자는 먹을 것도 제대로 못 먹고 배를 곯는 경우가 많음을 비유적으로 이르는 말.,wisdom,1,1,sexual:gray,604581,https://opendict.korean.go.kr/dictionary/view?sense_no=604581
식전 개가 똥을 참지,늘 하던 일을 다시는 하지 않겠다고 하는 사람에게 놀림조로 이르는 말.,wisdom,1,1,,612762,https://opendict.korean.go.kr/dictionary/view?sense_no=612762
신 신고 발바닥 긁기,"신을 신고 발바닥을 긁으면 긁으나 마나라는 뜻으로, 요긴한 곳에 직접 미치지 못하여 안타까운 경우를 비유적으로 이르는 말. &lt;동의 속담&gt; ‘구두 신고 발등 긁기’ ‘목화 신고 발등 긁기’ ‘버선 신고 발바닥 긁기’ ‘옷을 격해 가려운 데를 긁는다’ ‘옷 입고 가려운 데 긁기’",wisdom,1,1,,612746,https://opendict.korean.go.kr/dictionary/view?sense_no=612746
싫은 춤에 지게 지고 엉뎅이춤 춘다,하기 싫은 일에 억지로 참여하는 경우를 비유적으로 이르는 말.,wisdom,1,1,,612783,https://opendict.korean.go.kr/dictionary/view?sense_no=612783
싸전에 가서 밥 달라고 한다,모든 일에는 질서와 차례가 있는 법인데 일의 순서도 모르고 성급하게 덤빔을 비유적으로 이르는 말. &lt;동의 속담&gt; ‘우물에 가 숭늉 찾는다’ ‘보리밭에 가 숭늉 찾는다’,wisdom,1,1,,604770,https://opendict.korean.go.kr/dictionary/view?sense_no=604770
쑥떡 먹고 쓴소리한다,듣기 싫은 말을 할 때 핀잔하는 말.,wisdom,1,1,,604642,https://opendict.korean.go.kr/dictionary/view?sense_no=604642
쓴 것이 약,비판이나 꾸지람이 당장에 듣기에는 좋지 아니하지만 잘 받아들이면 본인에게 이로움을 이르는 말. &lt;동의 속담&gt; ‘쓴 약이 더 좋다’,wisdom,1,1,,604680,https://opendict.korean.go.kr/dictionary/view?sense_no=604680
쓴 약이 더 좋다,비판이나 꾸지람이 당장에 듣기에는 좋지 아니하지만 잘 받아들이면 본인에게 이로움을 이르는 말. &lt;동의 속담&gt; ‘쓴 것이 약’,wisdom,1,1,,604684,https://opendict.korean.go.kr/dictionary/view?sense_no=604684
쓸 줄 모르는 것이 책부터 나무란다,할 줄 모르면서 재료만 탓함을 비유적으로 이르는 말.,wisdom,1,1,,612788,https://opendict.korean.go.kr/dictionary/view?sense_no=612788
씨름에 진 놈이 말이 많다,일을 잘못하거나 또는 잘못을 범했을 때에 자꾸 변명하거나 다른 사람에게 책임을 돌림을 비유적으로 이르는 말.,wisdom,1,1,,612772,https://opendict.korean.go.kr/dictionary/view?sense_no=612772
아가리에 자시오 할 땐 마다하다가 아가리에 처먹으라 해야 먹는다,처음에 좋은 말로 할 때는 듣지 아니하다가 나중에 말이 거칠어져야 말을 듣는 경우를 비유적으로 이르는 말.,wisdom,1,1,sexual:gray,612699,https://opendict.korean.go.kr/dictionary/view?sense_no=612699
아내가 귀여우면 처갓집 말뚝 보고도 절한다,어떤 사람을 너무 좋아하여 사리 판단이 어두워지면 실수를 하게 됨을 비유적으로 이르는 말. &lt;동의 속담&gt; ‘색시가 고우면 처갓집 외양간 말뚝에도 절한다’ ‘아내가 귀여우면 처갓집 문설주도 귀엽다’ ‘아내가 예쁘면 처갓집 울타리까지 예쁘다’,wisdom,1,1,sexual:gray,604709,https://opendict.korean.go.kr/dictionary/view?sense_no=604709
아내가 귀여우면 처갓집 문설주도 귀엽다,어떤 사람을 너무 좋아하여 사리 판단이 어두워지면 실수를 하게 됨을 비유적으로 이르는 말. &lt;동의 속담&gt; ‘아내가 귀여우면 처갓집 말뚝 보고도 절한다’ ‘색시가 고우면 처갓집 외양간 말뚝에도 절한다’ ‘아내가 예쁘면 처갓집 울타리까지 예쁘다’,wisdom,1,1,sexual:gray,604712,https://opendict.korean.go.kr/dictionary/view?sense_no=604712
아내가 예쁘면 처갓집 울타리까지 예쁘다,"어떤 사람을 너무 좋아하여 사리 판단이 어두워지면 실수를 하게 됨을 비유적으로 이르는 말. &lt;동의 속담&gt;‘색시가 고우면 처갓집 외양간 말뚝에도 절한다’ ‘아내가 귀여우면 처갓집 문설주도 귀엽다’, ‘아내가 귀여우면 처갓집 말뚝 보고도 절한다’",wisdom,1,1,sexual:gray,1294769,https://opendict.korean.go.kr/dictionary/view?sense_no=1294769
아내 행실은 다홍치마 적부터 그루를 앉힌다,아내를 길들이고 법도를 세우려면 다홍치마를 입는 새색시 때부터 똑바로 가르쳐야 한다는 말. &lt;동의 속담&gt; ‘색시 그루는 다홍치마 적에 앉혀야 한다’,wisdom,1,1,sexual:gray,604706,https://opendict.korean.go.kr/dictionary/view?sense_no=604706
아는 길도 물어 가랬다,잘 아는 일이라도 세심하게 주의를 하라는 말. &lt;동의 속담&gt; ‘돌다리도 두들겨 보고 건너라’ ‘얕은 내도 깊게 건너라’,wisdom,1,1,,604732,https://opendict.korean.go.kr/dictionary/view?sense_no=604732
아는 법이 모진 바람벽 뚫고 나온 중방 밑 귀뚜라미라,세상일에 대하여 모르는 것 없이 다 알고 있는 사람을 비유적으로 이르는 말.,wisdom,1,1,,604741,https://opendict.korean.go.kr/dictionary/view?sense_no=604741
아이는 버리고 태만 키웠다,기본적인 것은 버리고 부차적인 것만 쥐고 있는 어리석음을 비꼬는 말.,wisdom,1,1,sexual:gray,613028,https://opendict.korean.go.kr/dictionary/view?sense_no=613028
아이들 고추장 퍼먹으며 울듯,어리석게 스스로 일을 저지르며 사서 고생을 하는 경우를 비유적으로 이르는 말.,wisdom,1,1,,613035,https://opendict.korean.go.kr/dictionary/view?sense_no=613035
안는 암탉 잡아먹기,"달걀을 품고 있는 암탉을 잡아먹는다는 뜻으로, 하는 짓이 염치가 없고 분별없는 경우를 비유적으로 이르는 말.",wisdom,1,1,,612979,https://opendict.korean.go.kr/dictionary/view?sense_no=612979
안되면 조상[산소] 탓,일이 안될 때 그 책임을 남에게 돌리는 태도를 비유적으로 이르는 말. &lt;동의 속담&gt; ‘잘되면 제 탓[복] 못되면 조상[남] 탓’ ‘못되면 조상 탓 (잘되면 제 탓)’ ‘못살면 터 탓’,wisdom,1,1,,604838,https://opendict.korean.go.kr/dictionary/view?sense_no=604838
안방을 밝히면 못쓴다,남녀 관계에서 절제하는 생활을 하여야 함을 이르는 말.,wisdom,1,1,sexual:gray|violent:gray,612843,https://opendict.korean.go.kr/dictionary/view?sense_no=612843
안질에 고춧가루,"성한 눈도 견디기 힘든 고춧가루를 앓는 눈에 뿌린다는 뜻으로, 엎친 데 덮친 격으로 아주 나쁜 결과를 가져올 대책을 이르는 말. &lt;동의 속담&gt; ‘눈 앓는 놈 고춧가루 넣기’",wisdom,1,1,,604776,https://opendict.korean.go.kr/dictionary/view?sense_no=604776
앉은뱅이 천리 대참,무능한 자가 힘에 겨운 일을 하려 함을 비유적으로 이르는 말.,wisdom,1,1,,613198,https://opendict.korean.go.kr/dictionary/view?sense_no=613198
알 품은 닭이 삵을 친다,제힘으로는 도저히 감당할 수 없는 일에 어리석게 손을 댐을 비유적으로 이르는 말.,wisdom,1,1,,612988,https://opendict.korean.go.kr/dictionary/view?sense_no=612988
암탉이 운다,가정에서 여자가 남자를 제쳐 놓고 집안일을 좌지우지함을 비유적으로 이르는 말.,wisdom,1,1,,613136,https://opendict.korean.go.kr/dictionary/view?sense_no=613136
암탉이 울어 날 샌 일 없다,"암탉이 운다고 하여서 날이 새었다는 것이 알려지지 아니한다는 뜻으로, 남자를 제쳐 놓고 여자가 모든 일을 좌지우지하면 일이 제대로 될 수 없다는 말.",wisdom,1,1,,613138,https://opendict.korean.go.kr/dictionary/view?sense_no=613138
앞 남산 호랑이가 뭘 먹고 사나,"호랑이에게라도 잡혀 먹혔으면 좋겠다는 뜻으로, 어리석고 못된 사람을 보고 미워서 죽어 없어지라는 말.",wisdom,1,1,violent:gray,613122,https://opendict.korean.go.kr/dictionary/view?sense_no=613122
약방 기생 볼 줴지르게 잘생기다,여자의 용모가 빼어나게 잘생겼다는 말.,wisdom,1,1,sexual:gray,604882,https://opendict.korean.go.kr/dictionary/view?sense_no=604882
약은 참새 방아간 지나친다,"약아서 좋은 먹이를 노린다는 것이 방앗간을 놓치고 그냥 지나쳐 버렸다는 뜻으로, 약게 굴다가 좋은 기회를 놓침을 비유적으로 이르는 말.",wisdom,1,1,,613101,https://opendict.korean.go.kr/dictionary/view?sense_no=613101
양 대가리 걸어 놓고 개고기[말고기/소고기]를 판다,겉으로는 그럴듯하게 거짓을 내세우고 실제로는 음흉하게 딴짓을 함을 비유적으로 이르는 말.,wisdom,1,1,sexual:gray,604888,https://opendict.korean.go.kr/dictionary/view?sense_no=604888
얕은 내도 깊게 건너라,잘 아는 일이라도 세심하게 주의를 하라는 말. &lt;동의 속담&gt; ‘돌다리도 두들겨 보고 건너라’ ‘아는 길도 물어 가랬다’,wisdom,1,1,,613253,https://opendict.korean.go.kr/dictionary/view?sense_no=613253
어느 귀신이 잡아갈는지 모른다,언제 어떻게 잘못될지 도무지 마음을 놓을 수 없음을 비유적으로 이르는 말.,wisdom,1,1,sexual:gray,613293,https://opendict.korean.go.kr/dictionary/view?sense_no=613293
어느 바람에 넘어갈지 모른다,제정신을 차리고 살지 아니하면 언제 어떤 화를 당할지 모른다는 말.,wisdom,1,1,,613297,https://opendict.korean.go.kr/dictionary/view?sense_no=613297
어느 바람이 부느냐는 듯이,남의 말을 듣고도 들은 체 만 체 하거나 귓등으로 들어 넘기는 모양을 이르는 말.,wisdom,1,1,,613300,https://opendict.korean.go.kr/dictionary/view?sense_no=613300
어느 집 개가 짖느냐 한다,남이 하는 말을 무시하여 들은 체도 아니함을 비유적으로 이르는 말. &lt;동의 속담&gt; ‘어디 개가 짖느냐 한다’ ‘동네 개 짖는 소리(만 못하게 여긴다)’,wisdom,1,1,,613302,https://opendict.korean.go.kr/dictionary/view?sense_no=613302
어느 코에 걸릴지 모른다,"사방에 그물코가 널려 있어서 자칫 잘못하다가 어느 코에 걸려들지 모른다는 뜻으로, 일에 빈틈이 많아서 언제 무슨 화를 당할지 모를 정도로 매우 불안하다는 말.",wisdom,1,1,violent:gray,613304,https://opendict.korean.go.kr/dictionary/view?sense_no=613304
어디 개가 짖느냐 한다,남이 하는 말을 무시하여 들은 체도 아니함을 비유적으로 이르는 말. &lt;동의 속담&gt; ‘동네 개 짖는 소리(만 못하게 여긴다)’ ‘어느 집 개가 짖느냐 한다’,wisdom,1,1,,613379,https://opendict.korean.go.kr/dictionary/view?sense_no=613379
어디 소경은 본다던,"소경은 볼 수 없다는 뜻으로, 이치에 어긋나는 말을 하는 경우를 비꼬는 말.",wisdom,1,1,,613380,https://opendict.korean.go.kr/dictionary/view?sense_no=613380
어른도 한 그릇 아이도 한 그릇,어른과 아이의 차별이 없이 나누어 주는 분량이 같다는 말. &lt;동의 속담&gt; ‘커도 한 그릇 작아도 한 그릇’ ‘흉년에 죽 아이도 한 그릇 어른도 한 그릇’,wisdom,1,1,violent:gray,613210,https://opendict.korean.go.kr/dictionary/view?sense_no=613210
어른 말을 들으면 자다가도 떡이 생긴다,"어른이 시키는 대로 하면 실수가 없을 뿐만 아니라, 여러 가지로 이익이 됨을 비유적으로 이르는 말.",wisdom,1,1,,613208,https://opendict.korean.go.kr/dictionary/view?sense_no=613208
어항에 금붕어 놀듯,남녀 간에 서로 잘 어울려 노는 모양을 비유적으로 이르는 말.,wisdom,1,1,sexual:gray,613517,https://opendict.korean.go.kr/dictionary/view?sense_no=613517
언청이 퉁소 대듯,이치에 닿지 아니하는 말을 함부로 함을 비유적으로 이르는 말.,wisdom,1,1,,604933,https://opendict.korean.go.kr/dictionary/view?sense_no=604933
얼굴 보아 가며 이름 짓는다,"이름이란 사물의 생김새를 보아 가며 대상의 특성에 맞게 짓는 법이라는 뜻으로, 무슨 일이나 구체적인 조건과 특성에 알맞게 처리하여야 함을 비유적으로 이르는 말.",wisdom,1,1,,613069,https://opendict.korean.go.kr/dictionary/view?sense_no=613069
얼어 죽은 귀신이 홑이불이 당한 거냐,"추워서 얼어 죽은 귀신에다가 홑이불이나 하나 씌웠다고 무슨 소용이 있느냐는 뜻으로, 어떤 대책이 격에 맞지 아니하고 성에 차지 아니함을 비유적으로 이르는 말.",wisdom,1,1,violent:gray,613316,https://opendict.korean.go.kr/dictionary/view?sense_no=613316
엄천득이 가게 벌이듯,되지도 아니하는 말을 구구하게 늘어놓음을 비유적으로 이르는 말.,wisdom,1,1,sexual:gray,604988,https://opendict.korean.go.kr/dictionary/view?sense_no=604988
여든에 이 앓는 소리,무엇이라고 말을 하기는 하나 별로 신기할 것이 없는 의견인 경우를 비유적으로 이르는 말.,wisdom,1,1,,613244,https://opendict.korean.go.kr/dictionary/view?sense_no=613244
여복이 바늘귀를 꿴다,"눈먼 여자 장님이 바늘에 실을 꿴다는 뜻으로, 알지도 못하면서 어림치고 한 일이 우연히 잘 맞음을 비유적으로 이르는 말.",wisdom,1,1,sexual:gray,605038,https://opendict.korean.go.kr/dictionary/view?sense_no=605038
여산 풍경에 헌 쪽박이라,도무지 어울리지 않음을 비유적으로 이르는 말.,wisdom,1,1,sexual:gray,605013,https://opendict.korean.go.kr/dictionary/view?sense_no=605013
여인네 셋 앉으면 하나는 저 저 하다 만다,여자들이 모이면 말이 많음을 비유적으로 이르는 말.,wisdom,1,1,sexual:gray,605028,https://opendict.korean.go.kr/dictionary/view?sense_no=605028
여인은 돌면 버리고 기구는 빌리면 깨진다,여자가 너무 밖으로 나다니면 실수하기 쉽다는 말.,wisdom,1,1,,605027,https://opendict.korean.go.kr/dictionary/view?sense_no=605027
여편네 아니 걸린 살인 없다,좋은 일이든지 좋지 않은 일이든지 반드시 여자가 끼게 된다는 것을 비유적으로 이르는 말.,wisdom,1,1,violent:gray,604974,https://opendict.korean.go.kr/dictionary/view?sense_no=604974
여편네 팔자는 뒤웅박 팔자라,"뒤웅박의 끈이 떨어지면 어찌할 도리가 없듯이, 여자의 운명은 남편에게 매인 것이나 다름없다는 말.",wisdom,1,1,sexual:gray|violent:gray,604975,https://opendict.korean.go.kr/dictionary/view?sense_no=604975
역마도 갈아타면 좋다,낡은 것도 나쁘지는 않으나 새것은 더욱 좋은 법이라는 말. &lt;동의 속담&gt; ‘역말도 갈아타면 낫다’,wisdom,1,1,,613217,https://opendict.korean.go.kr/dictionary/view?sense_no=613217
역말도 갈아타면 낫다,낡은 것도 나쁘지는 않으나 새것은 더욱 좋은 법이라는 말. &lt;동의 속담&gt; ‘역마도 갈아타면 좋다’,wisdom,1,1,,605026,https://opendict.korean.go.kr/dictionary/view?sense_no=605026
열 고을 화냥년이 한 고을의 지어미 된다,행실이 곱지 못하던 여자가 마음을 고쳐먹고 정숙한 아내가 되는 경우를 비유적으로 이르는 말.,wisdom,1,1,sexual:gray,613401,https://opendict.korean.go.kr/dictionary/view?sense_no=613401
열두 폭 말기를 달아 입었나,남의 일에 쓸데없이 간섭하고 참견함을 비꼬는 말. &lt;동의 속담&gt; ‘치마가 열두 폭인가’ ‘열두 폭 치마를 둘렀나’ ‘치마폭이 스물네 폭이다’,wisdom,1,1,sexual:gray,613447,https://opendict.korean.go.kr/dictionary/view?sense_no=613447
열두 폭 치마를 둘렀나,남의 일에 쓸데없이 간섭하고 참견함을 비꼬는 말. &lt;동의 속담&gt; ‘치마가 열두 폭인가’ ‘열두 폭 말기를 달아 입었나’ ‘치마폭이 스물네 폭이다’,wisdom,1,1,sexual:gray,613448,https://opendict.korean.go.kr/dictionary/view?sense_no=613448
열 벙어리가 말을 해도 가만있어라,누가 뭐라고 하여도 상관 말고 못 들은 척 가만히 있으라는 말.,wisdom,1,1,,613419,https://opendict.korean.go.kr/dictionary/view?sense_no=613419
열사흘부스럼을 앓느냐,망령된 말을 많이 하는 사람을 놀림조로 이르는 말.,wisdom,1,1,,605233,https://opendict.korean.go.kr/dictionary/view?sense_no=605233
열 서방 사귀지 말고 한 서방을 사귀라,여성으로서의 도덕을 지켜 이 남자 저 남자와 부도덕한 관계를 맺지 말라는 말.,wisdom,1,1,,613429,https://opendict.korean.go.kr/dictionary/view?sense_no=613429
열에 한 맛도 없다,음식이 도무지 맛이 없는 경우를 비유적으로 이르는 말.,wisdom,1,1,sexual:gray,613449,https://opendict.korean.go.kr/dictionary/view?sense_no=613449
열을 듣고 하나도 모른다,아무리 들어도 깨우치지 못하여 어리석고 우둔하다는 말.,wisdom,1,1,,613451,https://opendict.korean.go.kr/dictionary/view?sense_no=613451
염불 법사 염주 매듯,치렁치렁 넌지시 매어 단다는 말.,wisdom,1,1,violent:gray,613492,https://opendict.korean.go.kr/dictionary/view?sense_no=613492
염통에 고름 든 줄은 몰라도 손톱눈에 가시 든 줄은 안다,눈에 보이는 사소한 결함은 알아도 보이지 않는 큰 결함은 모른다는 말. &lt;동의 속담&gt; ‘염통이 곪는 줄은 몰라도 손톱 곪는 줄은 안다’,wisdom,1,1,,613488,https://opendict.korean.go.kr/dictionary/view?sense_no=613488
염통이 곪는 줄은 몰라도 손톱 곪는 줄은 안다,눈에 보이는 사소한 결함은 알아도 보이지 않는 큰 결함은 모른다는 말. &lt;동의 속담&gt; ‘염통에 고름 든 줄은 몰라도 손톱눈에 가시 든 줄은 안다’,wisdom,1,1,,613489,https://opendict.korean.go.kr/dictionary/view?sense_no=613489
엽자금 동자삼(童子蔘)이라,사물이 지극히 고귀하고 아름답거나 매우 완전함을 비유적으로 이르는 말.,wisdom,1,1,violent:gray,605098,https://opendict.korean.go.kr/dictionary/view?sense_no=605098
오뉴월 (자주) 감투도 팔아먹는다,집안 살림이 궁하여 도무지 무엇 하나 팔아먹을 만한 것이 없다는 말.,wisdom,1,1,,613328,https://opendict.korean.go.kr/dictionary/view?sense_no=613328
오는 떡이 두터워야[커야] 가는 떡이 두텁다[크다],말은 누구에게나 점잖고 부드럽게 하여야 한다는 말. &lt;동의 속담&gt; ‘오는 말이 고와야 가는 말이 곱다’ ‘네 떡이 한 개면 내 떡이 한 개라’ ‘오는 정이 있어야 가는 정이 있다’,wisdom,1,1,,605088,https://opendict.korean.go.kr/dictionary/view?sense_no=605088
오는 말이 고와야 가는 말이 곱다,말은 누구에게나 점잖고 부드럽게 하여야 한다는 말. &lt;동의 속담&gt; ‘네 떡이 한 개면 내 떡이 한 개라’ ‘오는 떡이 두터워야[커야] 가는 떡이 두텁다[크다]’ ‘오는 정이 있어야 가는 정이 있다’,wisdom,1,1,,605090,https://opendict.korean.go.kr/dictionary/view?sense_no=605090
오는 정이 있어야 가는 정이 있다,말은 누구에게나 점잖고 부드럽게 하여야 한다는 말. &lt;동의 속담&gt; ‘오는 말이 고와야 가는 말이 곱다’ ‘네 떡이 한 개면 내 떡이 한 개라’ ‘오는 떡이 두터워야[커야] 가는 떡이 두텁다[크다]’,wisdom,1,1,,605092,https://opendict.korean.go.kr/dictionary/view?sense_no=605092
오이 덩굴에서 가지 열리는 법은 없다,그 아버지에 그 아들밖에 날 수 없음을 비유적으로 이르는 말.,wisdom,1,1,sexual:gray,613482,https://opendict.korean.go.kr/dictionary/view?sense_no=613482
온면 먹을 제부터 그르다,"국수를 먹는 혼인날부터 벌써 글렀다는 뜻으로, 일이 시작될 때부터 잘못됨을 이르는 말.",wisdom,1,1,,605161,https://opendict.korean.go.kr/dictionary/view?sense_no=605161
옷을 격해 가려운 데를 긁는다,"옷을 입고 가려운 데를 긁으면 긁으나 마나라는 뜻으로, 요긴한 곳에 직접 미치지 못하여 안타까운 경우를 비유적으로 이르는 말. &lt;동의 속담&gt; ‘신 신고 발바닥 긁기’ ‘구두 신고 발등 긁기’ ‘목화 신고 발등 긁기’ ‘버선 신고 발바닥 긁기’ ‘옷 입고 가려운 데 긁기’",wisdom,1,1,,613803,https://opendict.korean.go.kr/dictionary/view?sense_no=613803
옷 입고 가려운 데 긁기,"옷을 입고 가려운 데를 긁으면 긁으나 마나라는 뜻으로, 요긴한 곳에 직접 미치지 못하여 안타까운 경우를 비유적으로 이르는 말. &lt;동의 속담&gt; ‘신 신고 발바닥 긁기’ ‘구두 신고 발등 긁기’ ‘목화 신고 발등 긁기’ ‘버선 신고 발바닥 긁기’ ‘옷을 격해 가려운 데를 긁는다’",wisdom,1,1,,613797,https://opendict.korean.go.kr/dictionary/view?sense_no=613797
왕지네 회 쳐 먹을 비위,"끔찍하게 생긴 왕지네를 회를 쳐서 먹을 만큼 비위가 좋다는 뜻으로, 자기의 잘못에 조금도 양심의 가책을 느끼지 못하는 철면피한 심보를 비유적으로 이르는 말.",wisdom,1,1,violent:gray,605249,https://opendict.korean.go.kr/dictionary/view?sense_no=605249
외아들 잡아먹은 할미 상(相),더없이 궁상맞고 처참한 표정을 비유적으로 이르는 말.,wisdom,1,1,,613578,https://opendict.korean.go.kr/dictionary/view?sense_no=613578
우렁이도 집이 있다,"하찮은 우렁이도 다 제집이 있는 법이라는 뜻으로, 집 없는 사람의 서러운 처지를 한탄하여 이르는 말. &lt;동의 속담&gt; ‘까막까치도 집이 있다’ ‘갈매기도 제집이 있다’",wisdom,1,1,violent:gray,605236,https://opendict.korean.go.kr/dictionary/view?sense_no=605236
우물고누 첫수,상대편을 꼼짝 못 하게 할 수 있을 정도의 가장 좋은 대책을 비유적으로 이르는 말.,wisdom,1,1,,613651,https://opendict.korean.go.kr/dictionary/view?sense_no=613651
우물에 가 숭늉 찾는다,모든 일에는 질서와 차례가 있는 법인데 일의 순서도 모르고 성급하게 덤빔을 비유적으로 이르는 말. &lt;동의 속담&gt; ‘보리밭에 가 숭늉 찾는다’ ‘싸전에 가서 밥 달라고 한다’,wisdom,1,1,,613747,https://opendict.korean.go.kr/dictionary/view?sense_no=613747
우물 좋고 정자 좋고 다 좋은 집 있나,모든 조건이 다 갖추어진 완전무결한 것은 거의 없으니 얼마간의 부족한 점은 참아야 한다는 말.,wisdom,1,1,,613746,https://opendict.korean.go.kr/dictionary/view?sense_no=613746
움도 싹도 없다,장래성이라고는 도무지 없음을 이르는 말.,wisdom,1,1,sexual:gray,613611,https://opendict.korean.go.kr/dictionary/view?sense_no=613611
웃느라 한 말에 초상난다,"농담으로 한 말이 듣는 사람에게 치명적인 영향을 주어 마침내는 죽게 한다는 뜻으로, 말을 매우 조심스럽게 해야 한다는 말.",wisdom,1,1,violent:gray,613640,https://opendict.korean.go.kr/dictionary/view?sense_no=613640
웅뎅이에 송사리 모이듯,부정적인 대상들이 한데 모여 와글거리는 모양을 비유적으로 이르는 말. &lt;동의 속담&gt; ‘주염나무 도깨비 꼬이듯’,wisdom,1,1,,605278,https://opendict.korean.go.kr/dictionary/view?sense_no=605278
원 내고 좌수(님) 내고,끼리끼리 추켜 주고 내세워서 권력을 잡는 경우에 이르는 말.,wisdom,1,1,,605318,https://opendict.korean.go.kr/dictionary/view?sense_no=605318
원앙오리 한 쌍이라,의좋은 원앙처럼 남녀가 부부가 됨을 비유적으로 이르는 말.,wisdom,1,1,sexual:gray,605356,https://opendict.korean.go.kr/dictionary/view?sense_no=605356
월나라 잔나비 사모관대 한다,전혀 격에 맞지 않은 차림을 한 경우를 비유적으로 이르는 말.,wisdom,1,1,,605353,https://opendict.korean.go.kr/dictionary/view?sense_no=605353
월천군에 난쟁이 바치듯,‘난쟁이 교자꾼 참여하듯’의 북한 속담.,wisdom,1,1,,605349,https://opendict.korean.go.kr/dictionary/view?sense_no=605349
윗입술이 아랫입술에 닿느냐,상대편이 불손한 말을 했을 때에 화내어 이르는 말.,wisdom,1,1,,605309,https://opendict.korean.go.kr/dictionary/view?sense_no=605309
은행나무도 마주 서야 연다,남녀가 결합하여야 집안이 번영한다는 말.,wisdom,1,1,sexual:gray,613991,https://opendict.korean.go.kr/dictionary/view?sense_no=613991
의 좋은 원앙오리 같다,사이가 좋기로 이름난 원앙처럼 둘 사이가 아주 정답고 좋은 부부를 이르는 말.,wisdom,1,1,,613788,https://opendict.korean.go.kr/dictionary/view?sense_no=613788
이 말 저 말 하다,동이 닿지 않는 말을 이것저것 많이 함을 비유적으로 이르는 말.,wisdom,1,1,,613832,https://opendict.korean.go.kr/dictionary/view?sense_no=613832
이미 벌린 춤,어떤 일이 현실적으로 벌어지고 있어 그 책임을 회피할 수 없게 된 사태를 이르는 말.,wisdom,1,1,violent:gray,613884,https://opendict.korean.go.kr/dictionary/view?sense_no=613884
이 소리 저 소리 하다,이것저것 여러 말을 뜻 없이 함을 비유적으로 이르는 말. &lt;동의 속담&gt; ‘이 말 저 말 하다’,wisdom,1,1,,613838,https://opendict.korean.go.kr/dictionary/view?sense_no=613838
익은 밥 먹고 선소리한다,사리에 맞지 않은 말을 하는 경우를 비유적으로 이르는 말.,wisdom,1,1,,613767,https://opendict.korean.go.kr/dictionary/view?sense_no=613767
인간은 만물의 척도,인간이 모든 것을 판단하는 기준이 됨을 이르는 말.,wisdom,1,1,,614140,https://opendict.korean.go.kr/dictionary/view?sense_no=614140
인심은 천심,백성이 생각하는 것이 옳음을 비유적으로 이르는 말.,wisdom,1,1,sexual:gray,614095,https://opendict.korean.go.kr/dictionary/view?sense_no=614095
인은 노(老)를 써라,늙으면 아는 것이 많으므로 사람을 쓸 때에는 나이 많은 사람을 쓰라는 말.,wisdom,1,1,,605518,https://opendict.korean.go.kr/dictionary/view?sense_no=605518
일 잘하는 아들 낳지 말고 말 잘하는 아들 낳으라,말을 잘하면 남들과 사귀면서 살아가는 데 유리함을 이르는 말.,wisdom,1,1,,614115,https://opendict.korean.go.kr/dictionary/view?sense_no=614115
입이 걸기가 사복개천 같다,말을 조금도 삼가지 아니하고 상스럽게 함부로 지껄이는 경우를 비유적으로 이르는 말.,wisdom,1,1,,613968,https://opendict.korean.go.kr/dictionary/view?sense_no=613968
입이 보배,말을 잘하면 해결 안될 어려움이 없다는 데서 입의 귀중함을 이르는 말.,wisdom,1,1,,613974,https://opendict.korean.go.kr/dictionary/view?sense_no=613974
입이 원수,벌어먹고 살기 위하여 괴로운 일이나 아니꼬운 일이라도 참아야 하는 경우를 이르는 말.,wisdom,1,1,,613980,https://opendict.korean.go.kr/dictionary/view?sense_no=613980
입찬말은 묘 앞에 가서 하여라,"자기를 자랑하며 장담하는 것은 죽고 나서야 하라는 뜻으로, 쓸데없는 장담은 하지 말라는 말. &lt;동의 속담&gt; ‘입찬소리는 무덤 앞에 가서 하라’ ‘찬 소리는 무덤 앞에 가 하여라’",wisdom,1,1,violent:gray,605719,https://opendict.korean.go.kr/dictionary/view?sense_no=605719
입찬소리는 무덤 앞에 가서 하라,"자기를 자랑하며 장담하는 것은 죽고 나서야 하라는 뜻으로, 쓸데없는 장담은 하지 말라는 말. &lt;동의 속담&gt; ‘입찬말은 묘 앞에 가서 하여라’ ‘찬 소리는 무덤 앞에 가 하여라’",wisdom,1,1,violent:gray,605720,https://opendict.korean.go.kr/dictionary/view?sense_no=605720
잉어가 뛰니까 망둥이도 뛴다,남이 한다고 하니까 분별없이 덩달아 나섬을 비유적으로 이르는 말. &lt;동의 속담&gt; ‘숭어가 뛰니까 망둥이도 뛴다’ ‘망둥이가 뛰니까 전라도 빗자루도 뛴다’ ‘망둥이가 뛰면 꼴뚜기도 뛴다’ ‘잉어 숭어가 오니 물고기라고 송사리도 온다’,wisdom,1,1,,614301,https://opendict.korean.go.kr/dictionary/view?sense_no=614301
잉어 숭어가 오니 물고기라고 송사리도 온다,남이 한다고 하니까 분별없이 덩달아 나섬을 비유적으로 이르는 말. &lt;동의 속담&gt; ‘숭어가 뛰니까 망둥이도 뛴다’ ‘망둥이가 뛰니까 전라도 빗자루도 뛴다’ ‘망둥이가 뛰면 꼴뚜기도 뛴다’ ‘잉어가 뛰니까 망둥이도 뛴다’,wisdom,1,1,,614300,https://opendict.korean.go.kr/dictionary/view?sense_no=614300
자는 입에 콩가루 떨어 넣기,옳지 못한 처사를 비유적으로 이르는 말.,wisdom,1,1,,614066,https://opendict.korean.go.kr/dictionary/view?sense_no=614066
자던 중도 떡 다섯 개,아무 일도 하지 아니하고 이익을 나누는 데는 참여함을 비유적으로 이르는 말.,wisdom,1,1,,614079,https://opendict.korean.go.kr/dictionary/view?sense_no=614079
자시오 할 땐 마다더니 아가리에 박으라 해야 먹는다,좋은 말로 할 때는 듣지 아니하고 거칠고 심한 말을 해야만 비로소 듣는 경우를 비유적으로 이르는 말.,wisdom,1,1,,614051,https://opendict.korean.go.kr/dictionary/view?sense_no=614051
작년에 고인 눈물 금년에 떨어진다,어떤 일을 겪은 후 한참 만에야 비로소 그 영향이 나타난다는 말. &lt;동의 속담&gt; ‘단술 먹은 여드레 만에 취한다’,wisdom,1,1,,605820,https://opendict.korean.go.kr/dictionary/view?sense_no=605820
작아도 대추 커도 소반,"대추는 크기가 작아도 이름에 큰 대(大) 자가 있고 소반은 크기가 커도 이름에 작을 소(小) 자가 있다는 뜻으로, 상대편의 말을 다른 말로 슬쩍 농쳐서 받아넘기는 말.",wisdom,1,1,,614275,https://opendict.korean.go.kr/dictionary/view?sense_no=614275
작은댁네 하품은 큰댁네한테는 옮지 않는다,"하품은 본디 쉽게 옮겨지는 법인데도 옮겨지지 아니한다는 뜻으로, 본처와 첩 사이의 관계가 매우 좋지 않음을 이르는 말.",wisdom,1,1,sexual:gray|violent:gray,614496,https://opendict.korean.go.kr/dictionary/view?sense_no=614496
잘되는 밥 가마에 재를 넣는다,남의 다 된 일을 악랄한 방법으로 방해하는 것을 비유적으로 이르는 말. &lt;동의 속담&gt; ‘다 된 죽에 코 풀기’,wisdom,1,1,violent:gray,614253,https://opendict.korean.go.kr/dictionary/view?sense_no=614253
잘되면 제 탓[복] 못되면 조상[남] 탓,일이 안될 때 그 책임을 남에게 돌리는 태도를 비유적으로 이르는 말. &lt;동의 속담&gt; ‘못되면 조상 탓 (잘되면 제 탓)’ ‘못살면 터 탓’ ‘안되면 조상[산소] 탓’,wisdom,1,1,,614254,https://opendict.korean.go.kr/dictionary/view?sense_no=614254
잘 짖는다고 좋은 개가 아니고 말 잘한다고 현인이 아니다,"개에 대한 평가가 짖는 것에 달린 것이 아니듯, 사람에 대한 평가도 말에 의해서만 할 수 없음을 이르는 말.",wisdom,1,1,sexual:gray,614250,https://opendict.korean.go.kr/dictionary/view?sense_no=614250
장군하면 멍군한다,양편이 화답을 잘하는 경우를 비유적으로 이르는 말.,wisdom,1,1,,605753,https://opendict.korean.go.kr/dictionary/view?sense_no=605753
장나무에 낫걸이,도저히 당하여 낼 수 없는 대상한테 멋도 모르고 주제넘게 덤벼듦을 비유적으로 이르는 말. &lt;동의 속담&gt; ‘참나무에 곁낫걸이’ ‘토막나무에 낫걸이’,wisdom,1,1,,605597,https://opendict.korean.go.kr/dictionary/view?sense_no=605597
장님 손 보듯 한다,도무지 친절한 맛이 없음을 비유적으로 이르는 말.,wisdom,1,1,sexual:gray,614321,https://opendict.korean.go.kr/dictionary/view?sense_no=614321
장님이 넘어지면 지팡이 나쁘다 한다,자기 잘못으로 그르친 일을 공연히 남의 탓으로 돌리는 경우를 비유적으로 이르는 말.,wisdom,1,1,,614337,https://opendict.korean.go.kr/dictionary/view?sense_no=614337
장님 코끼리 만지는 격,일부분을 알면서도 전체를 아는 것처럼 여기는 어리석음을 이르는 말. &lt;동의 속담&gt; ‘장님 코끼리 말하듯’,wisdom,1,1,sexual:gray,614327,https://opendict.korean.go.kr/dictionary/view?sense_no=614327
장님 코끼리 말하듯,일부분을 알면서도 전체를 아는 것처럼 여기는 어리석음을 이르는 말. &lt;동의 속담&gt; ‘장님 코끼리 만지는 격’,wisdom,1,1,sexual:gray,614329,https://opendict.korean.go.kr/dictionary/view?sense_no=614329
장마 도깨비 여울 건너가는 소리,이치에 닿지 아니한 말을 하는 경우에 비꼬는 말.,wisdom,1,1,,605603,https://opendict.korean.go.kr/dictionary/view?sense_no=605603
잦힌 밥이 멀랴 말 탄 서방이 멀랴,"잦혀 놓았으니 곧 밥이 될 것이며 서방이 말을 타고 오니 곧 당도할 것이지만 그때까지 애타게 기다려진다는 뜻으로, 다 되어 가는 일을 조바심을 내며 애타게 기다리지 말라는 말.",wisdom,1,1,,605756,https://opendict.korean.go.kr/dictionary/view?sense_no=605756
재민지 중의 양식인지,재미가 좋은가 하는 질문에 별로 재미있지 아니함을 나타내기 위하여 재미를 재미(齋米)로 풀어 말장난하여 이르는 말.,wisdom,1,1,,605699,https://opendict.korean.go.kr/dictionary/view?sense_no=605699
저승사자와 말을 어울려 할 것 같다,"저승사자와 이야기를 주고받을 것 같다는 뜻으로, 죽었다가 다시 살아나거나 죽을 뻔할 만큼 몹시 어려운 곤경을 겪음을 비유적으로 이르는 말.",wisdom,1,1,sexual:gray|violent:gray,605693,https://opendict.korean.go.kr/dictionary/view?sense_no=605693
적은 물이 새어 큰 배 가라앉는다,"작은 구멍으로 새어 들기 시작한 물로 큰 배가 가라앉는다는 뜻으로, 자그마한 실수나 잘못으로 큰일을 그르칠 수도 있음을 이르는 말.",wisdom,1,1,sexual:gray,605731,https://opendict.korean.go.kr/dictionary/view?sense_no=605731
전답을 사도 물소리 들리는 골에 것은 안 산다,논밭을 살 때 물의 피해를 받을 위험이 있는 곳은 사지 말아야 한다는 말.,wisdom,1,1,violent:gray,605796,https://opendict.korean.go.kr/dictionary/view?sense_no=605796
전루북에 춤춘다,"시각을 알리는 전루북 소리를 듣고 장단 소리인 줄 알고 춤을 춘다는 뜻으로, 아무 까닭도 모르고 좋아하는 어리석음을 이르는 말.",wisdom,1,1,sexual:gray,605817,https://opendict.korean.go.kr/dictionary/view?sense_no=605817
전선대에 낫걸이,‘참나무에 곁낫걸이’의 북한 속담.,wisdom,1,1,,605818,https://opendict.korean.go.kr/dictionary/view?sense_no=605818
절간에 가서 참빗 찾기,사람 또는 물건 따위가 있을 수 없는 데에 가서 엉뚱하게 그것을 찾는 경우를 비유적으로 이르는 말. &lt;동의 속담&gt; ‘과부 집에 가서 바깥양반 찾기’ ‘절에 가서 젓국 달라 한다’,wisdom,1,1,,605864,https://opendict.korean.go.kr/dictionary/view?sense_no=605864
절굿공이가 순경(巡更) 돌면 집안이 망한다,결혼한 여자가 집안 살림은 아니 하고 쏘다니기만 하면 그 집안 꼴이 안된다는 말.,wisdom,1,1,,614392,https://opendict.korean.go.kr/dictionary/view?sense_no=614392
절에 가서 젓국 달라 한다,사람 또는 물건 따위가 있을 수 없는 데에 가서 엉뚱하게 그것을 찾는 경우를 비유적으로 이르는 말. &lt;동의 속담&gt; ‘절간에 가서 참빗 찾기’ ‘절에 가서 젓국 달라 한다’,wisdom,1,1,,605805,https://opendict.korean.go.kr/dictionary/view?sense_no=605805
젓가락으로 김칫국을 집어 먹을 놈,어리석고 용렬하여 어처구니없는 짓을 하는 사람에게 하는 말.,wisdom,1,1,,614399,https://opendict.korean.go.kr/dictionary/view?sense_no=614399
정들었다고 정말 말라,아무리 가깝고 다정한 사이라도 서로에게 해서는 안 될 말은 절대로 나누지 말아야 한다는 말.,wisdom,1,1,,614927,https://opendict.korean.go.kr/dictionary/view?sense_no=614927
정신은 빼어서 꽁무니에 차고 있다,경우가 밝지 못하고 어리석으며 실수가 많은 경우를 이르는 말.,wisdom,1,1,,614469,https://opendict.korean.go.kr/dictionary/view?sense_no=614469
정신을 차려야 염불을 하지,일을 그르치는 사람을 핀잔하는 말.,wisdom,1,1,,614474,https://opendict.korean.go.kr/dictionary/view?sense_no=614474
정월 지난 무에 삼십 넘은 여자,철이 지나 시세가 없게 된 사물을 비유적으로 이르는 말.,wisdom,1,1,,605984,https://opendict.korean.go.kr/dictionary/view?sense_no=605984
제가 제 무덤을 판다,스스로 자신을 망치는 어리석은 짓을 함을 비유적으로 이르는 말.,wisdom,1,1,,605892,https://opendict.korean.go.kr/dictionary/view?sense_no=605892
제가 춤추고 싶어서 동서를 권한다,"제가 춤을 추고 싶다는 말은 못하고 그 동서에게 권한다는 뜻으로, 무슨 일을 자기가 하고 싶어서 남에게 권함을 비유적으로 이르는 말. &lt;동의 속담&gt; ‘동서 춤추게’ ‘춤추고 싶은 둘째 동서 맏동서보고 춤추라 한다’",wisdom,1,1,,605894,https://opendict.korean.go.kr/dictionary/view?sense_no=605894
제 그른 줄 모르고 남만 그르다 한다,"자신의 잘못은 깨닫지 못하고 남에게만 잘못이 있다고 생각하거나, 자신이 저지른 잘못의 원인을 남에게서 찾는 그릇된 태도를 이르는 말.",wisdom,1,1,,605878,https://opendict.korean.go.kr/dictionary/view?sense_no=605878
제 발등의 불을 먼저 끄랬다,남의 일에 참견하기 전에 자기의 급한 일부터 먼저 살펴야 함을 비유적으로 이르는 말.,wisdom,1,1,,614631,https://opendict.korean.go.kr/dictionary/view?sense_no=614631
조그마한 실뱀이 온 강물을 다 휘젓는다,못된 사람 하나가 온 집안이나 사회 전체를 망친다는 말. &lt;동의 속담&gt; ‘조그만 실뱀이 온 바닷물을 흐린다’,wisdom,1,1,,606025,https://opendict.korean.go.kr/dictionary/view?sense_no=606025
조그만 실뱀이 온 바닷물을 흐린다,못된 사람 하나가 온 집안이나 사회 전체를 망친다는 말. &lt;동의 속담&gt; ‘조그마한 실뱀이 온 강물을 다 휘젓는다’,wisdom,1,1,,614880,https://opendict.korean.go.kr/dictionary/view?sense_no=614880
조리로 물 푸기,"물을 퍼 담을 수 없는 조리로 물을 푼다는 뜻으로, 아무리 하여도 보람이 없는 헛된 일을 어리석게 함을 비유적으로 이르는 말.",wisdom,1,1,,614903,https://opendict.korean.go.kr/dictionary/view?sense_no=614903
조마 거둥에 격쟁한다,"조마 거둥을 진짜 임금의 행차인 줄 알고 격쟁한다는 뜻으로, 경우를 모르고 어리석은 짓을 함을 이르는 말.",wisdom,1,1,,615028,https://opendict.korean.go.kr/dictionary/view?sense_no=615028
조석거리도 없는 주제에 천하를 걱정한다,제구실도 똑똑히 못하면서 주제넘게 큰일에 관여하는 어리석음을 비꼬는 말.,wisdom,1,1,sexual:gray,605986,https://opendict.korean.go.kr/dictionary/view?sense_no=605986
조정 공론 사흘 못 간다,"조정의 공론이 사흘 만에 달라진다는 뜻으로, 착수한 일이 자주 변경됨을 비유적으로 이르는 말. &lt;동의 속담&gt; ‘고려공사 사흘[삼 일]’ ‘중의 공사가 삼 일’",wisdom,1,1,,605860,https://opendict.korean.go.kr/dictionary/view?sense_no=605860
조조는 웃다 망한다,자신만만하며 웃다가 언제 망신을 당할지 모른다는 말.,wisdom,1,1,,615040,https://opendict.korean.go.kr/dictionary/view?sense_no=615040
조 한 섬 가진 놈이 시겟금 올린다,"좁쌀을 불과 한 섬밖에 가지지 못한 자가 쌀의 시세를 올려놓고 말았다는 뜻으로, 대단치도 않은 인물이 부정적인 영향을 미치게 됨을 비난조로 이르는 말.",wisdom,1,1,,615039,https://opendict.korean.go.kr/dictionary/view?sense_no=615039
좁은 입으로 말하고 넓은 치맛자락으로 못 막는다,말은 하기 전에 미리 생각하여서 하라는 말.,wisdom,1,1,,614870,https://opendict.korean.go.kr/dictionary/view?sense_no=614870
주먹을 믿고 법을 업수이 여긴다,보잘것없는 자기 힘을 지나치게 믿으면서 우쭐대는 꼴을 비유적으로 이르는 말.,wisdom,1,1,,615098,https://opendict.korean.go.kr/dictionary/view?sense_no=615098
주먹이 운다[울다],분한 일이 있어서 치거나 때리고 싶지만 참는다는 말.,wisdom,1,1,violent:gray,615099,https://opendict.korean.go.kr/dictionary/view?sense_no=615099
주염나무 도깨비 꼬이듯,부정적인 대상들이 한데 모여 와글거리는 모양을 비유적으로 이르는 말. &lt;동의 속담&gt; ‘웅뎅이에 송사리 모이듯’,wisdom,1,1,,615100,https://opendict.korean.go.kr/dictionary/view?sense_no=615100
죽겠다 죽겠다 하면서 정작 죽으라면 싫어한다,살아가는 것이 지겹고 고통스럽다고 말을 하면서도 삶에 대한 애착이 큼을 이르는 말.,wisdom,1,1,violent:gray,614770,https://opendict.korean.go.kr/dictionary/view?sense_no=614770
죽기가 설운 것이 아니라 아픈 것이 싫다[섧다],망하는 것보다 망하여 가는 과정의 고통이 견디기 어렵다는 말.,wisdom,1,1,violent:gray,614772,https://opendict.korean.go.kr/dictionary/view?sense_no=614772
죽기는 그릇[잘못] 죽어도 발인이야 택일 아니 할까,잘못된 일이라도 뒤처리는 잘하여야 한다는 말.,wisdom,1,1,violent:gray,614774,https://opendict.korean.go.kr/dictionary/view?sense_no=614774
죽마고우도 말 한 마디에 갈라진다,"아무리 가까운 사이라도 말을 함부로 하면 서로의 사이가 벌어지게 된다는 뜻으로, 비록 한 마디의 말일지라도 조심하여야 한다는 말.",wisdom,1,1,violent:gray,606033,https://opendict.korean.go.kr/dictionary/view?sense_no=606033
죽어도 시집 울타리 밑에서 죽어라,여자는 한번 시집을 가면 무슨 일이 있어도 시집에서 끝까지 살아가야 한다는 말. &lt;동의 속담&gt; ‘시집 울타리 귀신이 되어야 한다’ ‘죽어도 시집의 귀신’,wisdom,1,1,violent:gray,614788,https://opendict.korean.go.kr/dictionary/view?sense_no=614788
죽어도 시집의 귀신,여자는 한번 시집을 가면 무슨 일이 있어도 시집에서 끝까지 살아가야 한다는 말. &lt;동의 속담&gt; ‘죽어도 시집 울타리 밑에서 죽어라’ ‘시집 울타리 귀신이 되어야 한다’,wisdom,1,1,violent:gray,614789,https://opendict.korean.go.kr/dictionary/view?sense_no=614789
죽어 석 잔 술이 살아 한 잔 술만 못하다,죽은 다음에 제사상에 이것저것 차리지 말고 살아 있는 동안에 한 가지라도 더 대접하라는 말. &lt;동의 속담&gt; ‘사후 술 석 잔 말고 생전에 한 잔 술이 달다’,wisdom,1,1,sexual:gray|violent:gray,614785,https://opendict.korean.go.kr/dictionary/view?sense_no=614785
죽으라는 말보다 가라는 말이 더 섧다,시집살이하는 여자에게 시집에서 나가라는 말이 죽으라는 말 이상으로 마음에 거슬린다는 말.,wisdom,1,1,sexual:gray|violent:gray,614797,https://opendict.korean.go.kr/dictionary/view?sense_no=614797
죽은 놈의[아이] 콧김만도 못하다,썰렁하여 도무지 따뜻함이 없음을 비난조로 이르는 말.,wisdom,1,1,sexual:gray|violent:gray,614817,https://opendict.korean.go.kr/dictionary/view?sense_no=614817
죽은 말 한 마리에 산 말 한 마리,쓸모없는 것과 가치 있는 것을 맞바꾸는 어리석음을 비난조로 이르는 말.,wisdom,1,1,sexual:gray|violent:gray,614827,https://opendict.korean.go.kr/dictionary/view?sense_no=614827
죽은 송장도 입을 벌리게 한다,무섭게 사람을 다루거나 지독하게 고문을 하는 무지막지한 자들의 횡포를 비유적으로 이르는 말.,wisdom,1,1,violent:gray,614831,https://opendict.korean.go.kr/dictionary/view?sense_no=614831
중놈 장에 가서 성내기,눈앞에서는 꼼짝도 못 하면서 안 보는 데서는 기를 올리거나 뒷말을 함을 이르는 말.,wisdom,1,1,,606056,https://opendict.korean.go.kr/dictionary/view?sense_no=606056
중을 보고 칼을 뽑는다,보잘것없는 작은 일에 어울리지 않게 엄청나게 큰 대책을 씀을 이르는 말. &lt;동의 속담&gt; ‘모기 보고 칼[환도] 빼기[뽑기]’,wisdom,1,1,violent:gray,614730,https://opendict.korean.go.kr/dictionary/view?sense_no=614730
중을 잡아먹었나,알아듣지 못할 말을 입안에서 우물거리는 경우를 비유적으로 이르는 말.,wisdom,1,1,,614731,https://opendict.korean.go.kr/dictionary/view?sense_no=614731
중이 고기 맛을 보면 법당에 파리가 안 남는다,억제하였던 욕망을 이루거나 무슨 좋은 일을 한번 당하면 그것에 빠져 정신을 못 차리고 덤빈다는 말. &lt;동의 속담&gt; ‘중이 고기 맛을 알면 절에 빈대가 안 남는다’,wisdom,1,1,,614744,https://opendict.korean.go.kr/dictionary/view?sense_no=614744
중이 고기 맛을 알면 절에 빈대가 안 남는다,억제하였던 욕망을 이루거나 무슨 좋은 일을 한번 당하면 그것에 빠져 정신을 못 차리고 덤빈다는 말. &lt;동의 속담&gt; ‘중이 고기 맛을 보면 법당에 파리가 안 남는다’,wisdom,1,1,,614745,https://opendict.korean.go.kr/dictionary/view?sense_no=614745
쥐고 펼 줄을 모른다,옹졸하여 풀쳐서 생각할 줄 모른다는 말.,wisdom,1,1,,614969,https://opendict.korean.go.kr/dictionary/view?sense_no=614969
쥐구멍에도 부어 넣으면 들어간다,대상과 환경에 따라 알맞은 방법을 쓰면 할 수 없던 일도 이루어질 수 있음을 비유적으로 이르는 말.,wisdom,1,1,sexual:gray,606130,https://opendict.korean.go.kr/dictionary/view?sense_no=606130
쥐구멍에 홍살문 세우겠다,가당치 아니한 일을 주책없이 함을 비유적으로 이르는 말.,wisdom,1,1,,606126,https://opendict.korean.go.kr/dictionary/view?sense_no=606126
쥐구멍 틀어막으려고 대들보 들여민다,작은 물건이나 적은 역량으로도 충분히 처리할 수 있는 것에 엄청나게 큰 것을 들이미는 우둔하고 어리석은 짓을 비유적으로 이르는 말.,wisdom,1,1,,606125,https://opendict.korean.go.kr/dictionary/view?sense_no=606125
쥐 세 치 보기,사물의 현상을 판단하는 것이 몹시 근시안적임을 비꼬는 말.,wisdom,1,1,,615169,https://opendict.korean.go.kr/dictionary/view?sense_no=615169
지각하고(는) 담쌓았다,도무지 철이 나지 아니하였다는 말.,wisdom,1,1,,615204,https://opendict.korean.go.kr/dictionary/view?sense_no=615204
지절거리기는 똥 본 오리라,이러쿵저러쿵 수다스럽게 떠들며 쓸데없는 말을 많이 하는 사람을 놀림조로 이르는 말.,wisdom,1,1,,615352,https://opendict.korean.go.kr/dictionary/view?sense_no=615352
진사 시정 연줄 감듯,"명주실이나 끈목 같은 것을 파는 가겟집 주인이 연줄 감듯 한다는 뜻으로, 무엇이나 긴 것을 솜씨 있게 잘 감고 사리는 모습을 비유적으로 이르는 말. &lt;동의 속담&gt; ‘상전 시정 연줄 감듯’ ‘선전 시정의 비단 감듯’ ‘제주 미역 머리 감듯’",wisdom,1,1,,606151,https://opendict.korean.go.kr/dictionary/view?sense_no=606151
진시황이 만리장성 쌓는 줄 아느냐,"진나라 시황제가 만리장성을 쌓을 때에 넘어가는 해를 붙들어 두고 어둡기 전에 일을 마쳤다는 이야기에서 나온 말로, 어떤 일을 해가 지기 전에 마치자고 재촉할 때에 그것이 불가능함을 이르는 말.",wisdom,1,1,,606120,https://opendict.korean.go.kr/dictionary/view?sense_no=606120
질러가는 길이 돌아가는[먼] 길이다,아무런 준비 없이 빨리하려고 서둘기만 하다가 오히려 일을 그르치게 되거나 다시 하게 된다는 말.,wisdom,1,1,,615080,https://opendict.korean.go.kr/dictionary/view?sense_no=615080
집 안 좁은 건 살아도 마음 좁은 건 못 산다,"집이 좁은 건 참으면서 살 수 있으나 속이 좁아서 쩨쩨하게 구는 사람하고는 같이 생활하기 힘들다는 뜻으로, 집안이나 집단이 화목해야 함을 비유적으로 이르는 말.",wisdom,1,1,sexual:gray|violent:gray,615054,https://opendict.korean.go.kr/dictionary/view?sense_no=615054
짜지 않은 놈 짜게 먹고 맵지 않은 놈 맵게 먹는다,야무지지 못한 이가 짜게 먹고 싱거운 이가 맵게 먹는다는 뜻으로 아이들이 너무 짜고 맵게 먹는 것을 말리는 말.,wisdom,1,1,,606222,https://opendict.korean.go.kr/dictionary/view?sense_no=606222
찔게타발과 사람 타발은 하지 말랬다,가정생활에서는 공연한 음식 타박을 하지 말아야 하며 사회생활에서는 함부로 사람들을 배척하지 말아야 한다는 말.,wisdom,1,1,sexual:gray|violent:gray,606196,https://opendict.korean.go.kr/dictionary/view?sense_no=606196
찔러도 피 한 방울 안 나겠다,도무지 빈틈이 없고 야무짐을 비유적으로 이르는 말.,wisdom,1,1,violent:gray,615409,https://opendict.korean.go.kr/dictionary/view?sense_no=615409
찬 소리는 무덤 앞에 가 하여라,"자기를 자랑하며 장담하는 것은 죽고 나서야 하라는 뜻으로, 쓸데없는 장담은 하지 말라는 말. &lt;동의 속담&gt; ‘입찬말은 묘 앞에 가서 하여라’ ‘입찬소리는 무덤 앞에 가서 하라’",wisdom,1,1,violent:gray,615370,https://opendict.korean.go.kr/dictionary/view?sense_no=615370
참깨 들깨 노는데 아주까리 못 놀까,남들도 다 하는데 나도 한몫 끼어 하자고 나설 때 이르는 말.,wisdom,1,1,,606236,https://opendict.korean.go.kr/dictionary/view?sense_no=606236
참빗으로 훑듯,남김없이 샅샅이 뒤져내는 모양을 비유적으로 이르는 말.,wisdom,1,1,,615228,https://opendict.korean.go.kr/dictionary/view?sense_no=615228
참새가 방앗간[올조밭]을 그저 지나랴,자기가 좋아하는 곳은 그대로 지나치지 못함을 비유적으로 이르는 말.,wisdom,1,1,,615294,https://opendict.korean.go.kr/dictionary/view?sense_no=615294
참새가 황새걸음 하면 다리가 찢어진다,자기의 처지나 능력을 생각하지 아니하고 분수에 넘치는 일을 하다가는 낭패를 보거나 해를 입게 됨을 비유적으로 이르는 말.,wisdom,1,1,sexual:gray|violent:gray,615301,https://opendict.korean.go.kr/dictionary/view?sense_no=615301
참새 그물에 기러기 걸린다,뜻밖의 행운이나 의외의 수확을 얻음을 비유적으로 이르는 말.,wisdom,1,1,sexual:gray,615280,https://opendict.korean.go.kr/dictionary/view?sense_no=615280
참새도 땅이 없으면 못 산다,사람에게 땅은 없어서는 안 될 중요한 것임을 비유적으로 이르는 말.,wisdom,1,1,,615305,https://opendict.korean.go.kr/dictionary/view?sense_no=615305
참새 떼 덤비듯,한꺼번에 우르르 덤벼드는 모양을 비유적으로 이르는 말.,wisdom,1,1,,615281,https://opendict.korean.go.kr/dictionary/view?sense_no=615281
참새 무리 조잘대듯,여럿이 모여 몹시 시끄럽게 조잘대는 모양을 비유적으로 이르는 말.,wisdom,1,1,,615282,https://opendict.korean.go.kr/dictionary/view?sense_no=615282
참새 앞정강이를 긁어 먹는다,하는 짓이 몹시 잘거나 인색함을 비유적으로 이르는 말. &lt;동의 속담&gt; ‘벼룩의 간을[선지를] 내먹는다’,wisdom,1,1,sexual:gray,615287,https://opendict.korean.go.kr/dictionary/view?sense_no=615287
참새에 방아간,늘 바라던 것을 만났음을 비유적으로 이르는 말.,wisdom,1,1,sexual:gray,615308,https://opendict.korean.go.kr/dictionary/view?sense_no=615308
참외를 버리고 호박을 먹는다,알뜰한 아내를 버리고 둔하고 못생긴 첩을 취함을 비유적으로 이르는 말.,wisdom,1,1,sexual:gray,615449,https://opendict.korean.go.kr/dictionary/view?sense_no=615449
참외밭에 들어선 장님,필요한 것을 앞에 놓고도 무엇이 무엇인지를 가리지 못하는 사람을 비유적으로 이르는 말.,wisdom,1,1,,615447,https://opendict.korean.go.kr/dictionary/view?sense_no=615447
책개비 열두 개,갈래가 많고 변덕이 심하여 매우 복잡한 것을 비유적으로 이르는 말.,wisdom,1,1,violent:gray,606228,https://opendict.korean.go.kr/dictionary/view?sense_no=606228
처녀가 아이를 낳았나,조그만 실수를 하고 크게 책망을 받을 때 처녀가 아이를 낳은 것도 아닌데 뭘 그리 심하게 하느냐고 이르는 말.,wisdom,1,1,,606339,https://opendict.korean.go.kr/dictionary/view?sense_no=606339
처녀가 한증을 해도 제 마련은 있다,말은 하지 않더라도 제 딴에는 정당한 이유도 있고 뜻도 있음을 비유적으로 이르는 말. &lt;동의 속담&gt; ‘벙어리가 서방질을 해도 제 속이 있다’,wisdom,1,1,sexual:gray,606341,https://opendict.korean.go.kr/dictionary/view?sense_no=606341
처녀면 다 확실인가,"사물을 평가할 때, 그것이 나는 곳이나 그 이름만을 가지고서 판단할 수 없다는 말. &lt;동의 속담&gt; ‘경주 돌이면 다 옥석인가’",wisdom,1,1,,606344,https://opendict.korean.go.kr/dictionary/view?sense_no=606344
천 마리 참새가 한 마리 봉만 못하다,좋지 못한 것이 아무리 많더라도 훌륭한 것 하나보다 쓸모가 없다는 말. &lt;동의 속담&gt; ‘고욤 일흔이 감 하나만 못하다’,wisdom,1,1,,615270,https://opendict.korean.go.kr/dictionary/view?sense_no=615270
천하 영웅도 때를 만나야 영웅이다,천하에 이름난 영웅도 다 시대를 잘 만나서 영웅이 된 것이지 때를 잘못 만나면 이름을 날릴 수 없다는 말.,wisdom,1,1,,615310,https://opendict.korean.go.kr/dictionary/view?sense_no=615310
첫모 방정에 새 까먹는다,"윷놀이에서 맨 처음에 모를 치면 그 판에는 실속이 없다는 뜻으로, 상대편의 첫모쯤은 문제도 아니라고 비꼬는 말.",wisdom,1,1,sexual:gray,615381,https://opendict.korean.go.kr/dictionary/view?sense_no=615381
초상 안에 신주 마르듯,"초상 안에는 제사를 지내지 않으므로 신주가 마른다는 뜻으로, 무엇을 도무지 못 얻어먹는 경우를 비유적으로 이르는 말.",wisdom,1,1,,615513,https://opendict.korean.go.kr/dictionary/view?sense_no=615513
초상집 혼백,울고불고하는 까닭에 떠들썩하여 도무지 정신을 차릴 수 없는 경우를 비유적으로 이르는 말.,wisdom,1,1,,606424,https://opendict.korean.go.kr/dictionary/view?sense_no=606424
초중장에도 빼어 놓겠다,"초장, 중장, 종장이 갖추어져야 시조가 되는 법인데 중요한 초장과 중장에서도 빼놓을 것 같다는 뜻으로, 사람을 매우 싫어하고 꺼림을 비유적으로 이르는 말.",wisdom,1,1,violent:gray,606385,https://opendict.korean.go.kr/dictionary/view?sense_no=606385
촌놈 관청에 끌려온 것 같다,번화한 곳에 가거나 경험이 없는 일을 당하여 당황하고 어리둥절해서 어쩔 줄 몰라 하는 모양을 비유적으로 이르는 말. &lt;동의 속담&gt; ‘촌닭 관청에 잡아다 놓은 것 같다’ ‘촌닭 관청에 간 것 같다’,wisdom,1,1,,615666,https://opendict.korean.go.kr/dictionary/view?sense_no=615666
촌닭 관청에 간 것 같다,번화한 곳에 가거나 경험이 없는 일을 당하여 당황하고 어리둥절해서 어쩔 줄 몰라 하는 모양을 비유적으로 이르는 말. &lt;동의 속담&gt; ‘촌닭 관청에 잡아다 놓은 것 같다’ ‘촌놈 관청에 끌려온 것 같다’,wisdom,1,1,,615672,https://opendict.korean.go.kr/dictionary/view?sense_no=615672
촌닭 관청에 잡아다 놓은 것 같다,번화한 곳에 가거나 경험이 없는 일을 당하여 당황하고 어리둥절해서 어쩔 줄 몰라 하는 모양을 비유적으로 이르는 말. &lt;동의 속담&gt; ‘촌놈 관청에 끌려온 것 같다’ ‘촌닭 관청에 간 것 같다’,wisdom,1,1,,615673,https://opendict.korean.go.kr/dictionary/view?sense_no=615673
춤추고 싶은 둘째 동서 맏동서보고 춤추라 한다,"제가 춤을 추고 싶다는 말은 못하고 그 동서에게 권한다는 뜻으로, 무슨 일을 자기가 하고 싶어서 남에게 권함을 비유적으로 이르는 말. &lt;동의 속담&gt; ‘동서 춤추게’ ‘제가 춤추고 싶어서 동서를 권한다’",wisdom,1,1,,615657,https://opendict.korean.go.kr/dictionary/view?sense_no=615657
치마가 열두 폭인가,남의 일에 쓸데없이 간섭하고 참견함을 비꼬는 말. &lt;동의 속담&gt; ‘열두 폭 말기를 달아 입었나’ ‘열두 폭 치마를 둘렀나’ ‘치마폭이 스물네 폭이다’,wisdom,1,1,sexual:gray,615634,https://opendict.korean.go.kr/dictionary/view?sense_no=615634
치마폭이 스물네 폭이다,남의 일에 쓸데없이 간섭하고 참견함을 비꼬는 말. &lt;동의 속담&gt; ‘치마가 열두 폭인가’ ‘열두 폭 말기를 달아 입었나’ ‘열두 폭 치마를 둘렀나’,wisdom,1,1,sexual:gray,615653,https://opendict.korean.go.kr/dictionary/view?sense_no=615653
칠 년 가뭄에 하루 쓸 날 없다,계속 날이 개어 있다가 무슨 일을 하려고 하는 날 공교롭게도 날씨가 궂어 일을 그르치는 경우를 비유적으로 이르는 말. &lt;동의 속담&gt; ‘삼 년 가뭄에 하루 쓸 날 없다’,wisdom,1,1,,606497,https://opendict.korean.go.kr/dictionary/view?sense_no=606497
칠월 장마는 꾸어서 해도 한다,우리나라의 칠월에는 으레 장마가 있다는 말.,wisdom,1,1,,606534,https://opendict.korean.go.kr/dictionary/view?sense_no=606534
침 발린 말,겉으로만 꾸며서 듣기 좋게 하는 말을 비유적으로 이르는 말.,wisdom,1,1,,606482,https://opendict.korean.go.kr/dictionary/view?sense_no=606482
커도 한 그릇 작아도 한 그릇,어른과 아이의 차별이 없이 나누어 주는 분량이 같다는 말. &lt;동의 속담&gt; ‘어른도 한 그릇 아이도 한 그릇’ ‘흉년에 죽 아이도 한 그릇 어른도 한 그릇’,wisdom,1,1,violent:gray,615606,https://opendict.korean.go.kr/dictionary/view?sense_no=615606
코 아래 구멍이 제일 무섭다,"입을 마구 놀리다가는 큰 화를 입게 된다는 뜻으로, 말을 조심하라는 말.",wisdom,1,1,,615568,https://opendict.korean.go.kr/dictionary/view?sense_no=615568
콩나물에 낫걸이,"콩나물을 낫으로 친다는 뜻으로, 작은 일에 요란스럽게 큰 대책을 세우는, 격에 맞지 아니한 일을 비유적으로 이르는 말.",wisdom,1,1,,606472,https://opendict.korean.go.kr/dictionary/view?sense_no=606472
콩떡같이 말해도 찰떡같이 알아듣다,"자세히 설명하지 않거나, 잘못된 설명을 하여도 어떤 말인지 알아들음을 비유적으로 이르는 말.",wisdom,1,1,sexual:gray,1373614,https://opendict.korean.go.kr/dictionary/view?sense_no=1373614
쿵그렁하면 굿만 여기고 선산 무당이 춤춘다,"쿵그렁 소리만 나도 굿 소리인가 하여 선산 무당이 춤을 춘다는 뜻으로, 얼씬만 하면 무슨 좋은 수나 생긴 듯이 떠들썩하게 수선거리고 공연히 날뜀을 비유적으로 이르는 말.",wisdom,1,1,,606509,https://opendict.korean.go.kr/dictionary/view?sense_no=606509
크고 단 참외,겉보기도 좋고 실속도 있어 마음에 드는 물건을 비유적으로 이르는 말.,wisdom,1,1,sexual:gray,615607,https://opendict.korean.go.kr/dictionary/view?sense_no=615607
크고 단 참외 없다,모든 조건이 완벽하게 다 갖추어지기란 어렵다는 것을 비유적으로 이르는 말.,wisdom,1,1,,615608,https://opendict.korean.go.kr/dictionary/view?sense_no=615608
큰 산이 평지 된다,자연이나 사회의 변화가 몹시 심함을 비유적으로 이르는 말.,wisdom,1,1,,615624,https://opendict.korean.go.kr/dictionary/view?sense_no=615624
키가 작다고 세 살 난 애기보다 더 작을가,무엇을 아무리 작거나 보잘것없다고 비난하여도 일정한 한도는 갖추고 있는 법임을 비유적으로 이르는 말.,wisdom,1,1,,606558,https://opendict.korean.go.kr/dictionary/view?sense_no=606558
타는 닭이 꼬꼬 하고 그슬린 돝이 달음질한다,무슨 일을 할 때 전혀 뜻밖의 일이 생겨 일을 그르칠 수 있으므로 항상 마음 놓지 말고 조심해야 함을 비유적으로 이르는 말.,wisdom,1,1,sexual:gray,615870,https://opendict.korean.go.kr/dictionary/view?sense_no=615870
탕건 쓰고 세수한다,"세수를 하고 머리를 빗고 그다음에 탕건을 쓰는 법인데 탕건을 먼저 쓰고 세수를 한다는 뜻으로, 일의 순서를 바꾸어 함을 놀림조로 이르는 말. &lt;동의 속담&gt; ‘망건 쓰고 세수한다’",wisdom,1,1,sexual:gray,615862,https://opendict.korean.go.kr/dictionary/view?sense_no=615862
태산이 평지 된다,자연이나 사회의 변화가 몹시 심함을 비유적으로 이르는 말.,wisdom,1,1,,615686,https://opendict.korean.go.kr/dictionary/view?sense_no=615686
털토시를 끼고 게 구멍을 쑤셔도 제 재미라,"좋은 털토시를 끼고 게 구멍을 쑤시는 궂은일을 하더라도 제가 하고 싶어서 하는 것이면 그만이라는 뜻으로, 제 뜻대로 하는 일은 남이 참견할 것이 아님을 비유적으로 이르는 말.",wisdom,1,1,,606593,https://opendict.korean.go.kr/dictionary/view?sense_no=606593
토막나무에 낫걸이,도저히 당하여 낼 수 없는 대상한테 멋도 모르고 주제넘게 덤벼듦을 비유적으로 이르는 말. &lt;동의 속담&gt; ‘참나무에 곁낫걸이’ ‘장나무에 낫걸이’,wisdom,1,1,,606571,https://opendict.korean.go.kr/dictionary/view?sense_no=606571
팔자가 사나우면 시아비[총각 시아비]가 삼간 마루로 하나,여자의 처지가 매우 어렵고 기막힘을 한탄하여 이르는 말.,wisdom,1,1,violent:gray,615891,https://opendict.korean.go.kr/dictionary/view?sense_no=615891
팥으로 메주를 쑨대도 곧이듣는다,지나치게 남의 말을 무조건 믿는 사람을 놀림조로 이르는 말. &lt;동의 속담&gt; ‘팥을 콩이라 해도 곧이듣는다’,wisdom,1,1,,615916,https://opendict.korean.go.kr/dictionary/view?sense_no=615916
팥을 콩이라 해도 곧이듣는다,지나치게 남의 말을 무조건 믿는 사람을 놀림조로 이르는 말. &lt;동의 속담&gt; ‘팥으로 메주를 쑨대도 곧이듣는다’,wisdom,1,1,,615918,https://opendict.korean.go.kr/dictionary/view?sense_no=615918
평안도 참빗 장사,속이 넓지 못하고 옹졸한 사람을 비유적으로 이르는 말.,wisdom,1,1,,606646,https://opendict.korean.go.kr/dictionary/view?sense_no=606646
포도청 변쓰듯,남이 알아듣지 못할 말을 툭툭 내뱉는 모양을 비유적으로 이르는 말.,wisdom,1,1,,606659,https://opendict.korean.go.kr/dictionary/view?sense_no=606659
포천 소(疏) 까닭이란다,남의 물음에 어물어물 얼버무리며 슬쩍 넘어가는 경우를 이르는 말. 조선 고종 때 포천 출신의 최익현이 빈번히 상소를 올려 정사(政事)가 변경되는 일이 많았었는데 사람들이 어떠한 까닭에 변경되었는가를 물으면 포천에서 올린 상소 때문이라고 대답하였다는 데서 유래한다.,wisdom,1,1,sexual:gray,606648,https://opendict.korean.go.kr/dictionary/view?sense_no=606648
피 다 잡은 논 없고 도둑 다 잡은 나라 없다,논의 피는 뽑아 버려도 한없이 나오듯이 도둑도 아무리 잡아도 한없이 생겨난다는 말.,wisdom,1,1,violent:gray,606670,https://opendict.korean.go.kr/dictionary/view?sense_no=606670
피말 궁둥이 둘러대듯,무슨 일에 추궁을 당하였을 때에 임기응변으로 말을 잘 둘러대는 모양을 비유적으로 이르는 말.,wisdom,1,1,violent:gray,606674,https://opendict.korean.go.kr/dictionary/view?sense_no=606674
하나를 듣고 열을 안다,한마디 말을 듣고도 여러 가지 사실을 미루어 알아낼 정도로 매우 총기가 있다는 말. &lt;동의 속담&gt; ‘하나를 부르면 열을 짚는다’ ‘하나를 알면 백을 안다’,wisdom,1,1,violent:gray,615964,https://opendict.korean.go.kr/dictionary/view?sense_no=615964
하나를 보고 열을 안다,일부만 보고 전체를 미루어 안다는 말. &lt;동의 속담&gt; ‘하나를 알면 백을 안다’,wisdom,1,1,,615965,https://opendict.korean.go.kr/dictionary/view?sense_no=615965
하나를 부르면 열을 짚는다,한마디 말을 듣고도 여러 가지 사실을 미루어 알아낼 정도로 매우 총기가 있다는 말. &lt;동의 속담&gt; ‘하나를 듣고 열을 안다’ ‘하나를 알면 백을 안다’,wisdom,1,1,violent:gray,615967,https://opendict.korean.go.kr/dictionary/view?sense_no=615967
하나를 알면 백을 안다,한마디 말을 듣고도 여러 가지 사실을 미루어 알아낼 정도로 매우 총기가 있다는 말. &lt;동의 속담&gt; ‘하나를 듣고 열을 안다’ ‘하나를 부르면 열을 짚는다’,wisdom,1,1,violent:gray,615968,https://opendict.korean.go.kr/dictionary/view?sense_no=615968
하늘로 호랑이 잡기,"하늘의 힘을 빌려 호랑이를 잡는다는 뜻으로, 온갖 권력을 다 가지고 있어 못하는 일이 없음을 비유적으로 이르는 말.",wisdom,1,1,sexual:gray,616194,https://opendict.korean.go.kr/dictionary/view?sense_no=616194
하늘 무서운 말,사람의 도리에 어긋나 천벌을 받을 만한 말을 이르는 말.,wisdom,1,1,,616177,https://opendict.korean.go.kr/dictionary/view?sense_no=616177
하늘에 두 해가 없다,한 나라에 임금이 둘이 있을 수 없다는 말.,wisdom,1,1,,616197,https://opendict.korean.go.kr/dictionary/view?sense_no=616197
하늘을 도리질 치다,터무니없는 것을 믿는 어리석음을 조롱하는 말. &lt;동의 속담&gt; ‘하늘을 쓰고 도리질한다’,wisdom,1,1,sexual:gray,616203,https://opendict.korean.go.kr/dictionary/view?sense_no=616203
하늘을 쓰고 도리질한다,터무니없는 것을 믿는 어리석음을 조롱하는 말. &lt;동의 속담&gt; ‘하늘을 도리질 치다’,wisdom,1,1,sexual:gray,616207,https://opendict.korean.go.kr/dictionary/view?sense_no=616207
하늘 천 하면 검을 현 한다,"하나를 가르치면 둘, 셋을 앞질러 가며 깨달음을 비유적으로 이르는 말.",wisdom,1,1,sexual:gray,616186,https://opendict.korean.go.kr/dictionary/view?sense_no=616186
하룻비둘기 재를 못 넘는다,경험이나 실력이 없이는 큰일을 하기 어렵다는 말. &lt;동의 속담&gt; ‘햇비둘기 재 넘을까’,wisdom,1,1,,606677,https://opendict.korean.go.kr/dictionary/view?sense_no=606677
한가마밥을 먹고 한자리에서 자다,한 가정이나 한 집단 속에서 차별이 없이 똑같이 지내는 경우를 비유적으로 이르는 말. &lt;동의 속담&gt; ‘한솥밥 먹고 한자리에서 자다’,wisdom,1,1,,606712,https://opendict.korean.go.kr/dictionary/view?sense_no=606712
한 귀로 듣고 한 귀로 흘린다,남의 말을 귀담아듣지 아니한다는 말.,wisdom,1,1,,615753,https://opendict.korean.go.kr/dictionary/view?sense_no=615753
한 달 잡고 보름은 못 본다,큰 것만 알고 작은 것은 모른다는 말.,wisdom,1,1,,615765,https://opendict.korean.go.kr/dictionary/view?sense_no=615765
한 마리 고기 다 먹고 말 냄새 난다 한다,"실컷 먹고 나서 잘 먹었다는 말은커녕 도리어 말 냄새가 난다고 흉만 본다는 뜻으로, 남의 신세나 덕을 많이 지고도 비방하거나 모략하는 경우에 이르는 말.",wisdom,1,1,,615770,https://opendict.korean.go.kr/dictionary/view?sense_no=615770
한 말 했다가 본전도 못 찾는다,말을 했다가 아무런 소득도 없이 핀잔만 받게 되는 경우를 비유적으로 이르는 말.,wisdom,1,1,,615775,https://opendict.korean.go.kr/dictionary/view?sense_no=615775
한 바리에 실어도 짝 지지 않다,부정적인 인물과 관련하여 두 사람의 하는 짓이나 마음보가 누가 낫고 못한지를 가릴 수 없을 만큼 엇비슷한 모양을 이르는 말.,wisdom,1,1,sexual:gray,615779,https://opendict.korean.go.kr/dictionary/view?sense_no=615779
한 바리에 실을 짝이 없다,부정적인 측면에서 상대가 될 만한 대상이 없음을 이르는 말.,wisdom,1,1,sexual:gray,615783,https://opendict.korean.go.kr/dictionary/view?sense_no=615783
한솥밥 먹고 한자리에서 자다,한 가정이나 한 집단 속에서 차별이 없이 똑같이 지내는 경우를 비유적으로 이르는 말. &lt;동의 속담&gt; ‘한가마밥을 먹고 한자리에서 자다’,wisdom,1,1,,606755,https://opendict.korean.go.kr/dictionary/view?sense_no=606755
할애비 모시듯 하다,권력이나 재력이 있는 사람에게 빌붙어서 그 사람을 떠받드는 모양을 비유적으로 이르는 말.,wisdom,1,1,,606773,https://opendict.korean.go.kr/dictionary/view?sense_no=606773
함지 밥 보고 마누라 내쫓는다,"큰 함지에 밥을 퍼서 먹는 부인을 보고 밥 많이 먹는 마누라와 살 수 없다 하여 쫓아낸다는 뜻으로, 여자가 살림을 헤프게 하면 쫓겨난다는 말.",wisdom,1,1,,616101,https://opendict.korean.go.kr/dictionary/view?sense_no=616101
햇비둘기 재 넘을까,경험이나 실력이 없이는 큰일을 하기 어렵다는 말. &lt;동의 속담&gt; ‘하룻비둘기 재를 못 넘는다’,wisdom,1,1,,606783,https://opendict.korean.go.kr/dictionary/view?sense_no=606783
행차 뒤에 나팔,"사또 행차가 다 지나간 뒤에야 악대를 불러다 나팔을 불리고 북을 치게 한다는 뜻으로, 제때 안 하다가 뒤늦게 대책을 세우며 서두름을 핀잔하는 말. &lt;동의 속담&gt; ‘사또 떠난 뒤에 나팔 분다’",wisdom,1,1,,606847,https://opendict.korean.go.kr/dictionary/view?sense_no=606847
향불 없는 제상,"향불이 없으니 제사를 지내지 못하고 제사를 지내지 않았으니 제사상의 음식을 먹을 수 없다는 뜻으로, 먹을 것을 가져다 두고 오랫동안 먹지 않고 있을 때를 비유적으로 이르는 말. &lt;동의 속담&gt; ‘향불 없는 젯밥’",wisdom,1,1,sexual:gray,606808,https://opendict.korean.go.kr/dictionary/view?sense_no=606808
헌 배에 물 푸기,근본적인 대책을 세우지 아니하고 드러난 문제만 형식적으로 처리한다면 문제가 해결되지 않음을 비유적으로 이르는 말.,wisdom,1,1,sexual:gray,616229,https://opendict.korean.go.kr/dictionary/view?sense_no=616229
헌 체로 술 거르듯,말을 막힘없이 술술 하는 모양을 비유적으로 이르는 말.,wisdom,1,1,,616235,https://opendict.korean.go.kr/dictionary/view?sense_no=616235
혀끝에 자개바람 들었느냐,"혀끝에 쥐가 나서 혀가 굳었느냐는 뜻으로, 말을 전혀 하지 않음을 놀림조로 이르는 말.",wisdom,1,1,sexual:gray,616397,https://opendict.korean.go.kr/dictionary/view?sense_no=616397
혀 밑에 죽을 말 있다,말을 잘못하면 재앙을 받게 되니 말조심을 하라는 말. &lt;동의 속담&gt; ‘혀 아래 도끼 들었다’,wisdom,1,1,violent:gray,616084,https://opendict.korean.go.kr/dictionary/view?sense_no=616084
혀 아래 도끼 들었다,말을 잘못하면 재앙을 받게 되니 말조심을 하라는 말. &lt;동의 속담&gt; ‘혀 밑에 죽을 말 있다’,wisdom,1,1,violent:gray,616085,https://opendict.korean.go.kr/dictionary/view?sense_no=616085
호랑이 말 타고 산천 유람한단다,"호랑이가 말을 타고서 산수 구경을 다닌다는 뜻으로, 도저히 이루어지지 않을 허황한 일을 하려 함을 비꼬는 말.",wisdom,1,1,,616278,https://opendict.korean.go.kr/dictionary/view?sense_no=616278
호랑이 보고 창구멍 막기,"호랑이를 보고 질겁하여 호랑이가 창구멍으로 들어오지나 않을까 걱정하여 창구멍을 틀어막는다는 뜻으로, 급한 나머지 임시변통으로 어리석게 맞추려는 모양을 비유적으로 이르는 말. &lt;동의 속담&gt; ‘범 본 여편네[할미/놈] 창구멍을 틀어막듯’",wisdom,1,1,violent:gray,616279,https://opendict.korean.go.kr/dictionary/view?sense_no=616279
호랑이 탄 량반 도적,호랑이 가죽으로 만든 방석을 깔고 앉아 권세를 부리는 양반들이 백성들을 착취하는 도적임을 비유적으로 이르는 말.,wisdom,1,1,violent:gray,616290,https://opendict.korean.go.kr/dictionary/view?sense_no=616290
호박 넝쿨 뻗을 적 같아서는 강계 위연 초산을 뒤엎을 것 같다,한창 기세가 오를 때는 무엇이나 다 될 것 같으나 결과는 두고 보아야 안다는 말. &lt;동의 속담&gt; ‘호박 덩굴이 뻗을 적 같아서야’,wisdom,1,1,violent:gray,616125,https://opendict.korean.go.kr/dictionary/view?sense_no=616125
호박 덩굴이 뻗을 적 같아서야,한창 기세가 오를 때는 무엇이나 다 될 것 같으나 결과는 두고 보아야 안다는 말. &lt;동의 속담&gt; ‘호박 넝쿨 뻗을 적 같아서는 강계 위연 초산을 뒤엎을 것 같다’,wisdom,1,1,violent:gray,616128,https://opendict.korean.go.kr/dictionary/view?sense_no=616128
혹시가 사람 잡는다,행여나 하면서 응당 취하여야 할 대책을 세우지 아니하고 있다가 돌이킬 수 없는 결과를 가져올 수 있음을 경계하여 이르는 말.,wisdom,1,1,sexual:gray,616351,https://opendict.korean.go.kr/dictionary/view?sense_no=616351
혼쭐난 령감 딸 집 다니듯,어디를 주책없이 허둥지둥 드나드는 모양을 비유적으로 이르는 말.,wisdom,1,1,,606887,https://opendict.korean.go.kr/dictionary/view?sense_no=606887
홀아비 굿 날 물려 가듯,"홀아비가 온갖 음식을 장만하여 굿하는 것이 거추장스러워서 굿 날을 자꾸 미루듯이, 무슨 일을 예정하였다가 자꾸 뒤로 미루는 경우를 비유적으로 이르는 말. &lt;동의 속담&gt; ‘홀아비 법사 끌듯’",wisdom,1,1,sexual:gray,616257,https://opendict.korean.go.kr/dictionary/view?sense_no=616257
홀아비 법사 끌듯,"홀아비가 온갖 음식을 장만하여 굿하는 것이 거추장스러워서 굿 날을 자꾸 미루듯이, 무슨 일을 예정하였다가 자꾸 뒤로 미루는 경우를 비유적으로 이르는 말. &lt;동의 속담&gt; ‘홀아비 굿 날 물려 가듯’",wisdom,1,1,sexual:gray,616258,https://opendict.korean.go.kr/dictionary/view?sense_no=616258
홧김에 서방질한다[화냥질한다],울분을 참지 못하여 차마 못 할 짓을 저지른다는 말. &lt;동의 속담&gt; ‘부앗김에 서방질한다’ ‘속상한데 서방질이나 하자는 격’,wisdom,1,1,sexual:gray,606939,https://opendict.korean.go.kr/dictionary/view?sense_no=606939
흉년에 배운 장기,장기를 둘 때 자꾸 남의 말을 먹으려고만 드는 경우를 이르는 말.,wisdom,1,1,,606963,https://opendict.korean.go.kr/dictionary/view?sense_no=606963
흉년에 죽 아이도 한 그릇 어른도 한 그릇,어른과 아이의 차별이 없이 나누어 주는 분량이 같다는 말. &lt;동의 속담&gt; ‘어른도 한 그릇 아이도 한 그릇’ ‘커도 한 그릇 작아도 한 그릇’,wisdom,1,1,violent:gray,606969,https://opendict.korean.go.kr/dictionary/view?sense_no=606969
흉년에 한 농토 벌지 말고 한 입 덜라,흉년에는 하나라도 군식구를 덜어 적게 쓰는 것이 많이 벌려고 애쓰는 것보다 좋다는 말.,wisdom,1,1,,606970,https://opendict.korean.go.kr/dictionary/view?sense_no=606970
